2023-12-02 19:37:34,336 [Worker-7: Loading available Gradle versions] INFO  o.e.b.c.i.u.g.PublishedGradleVersions - Gradle version information cache is up-to-date. Trying to read.
2023-12-02 19:39:12,051 [Worker-1: Building] INFO  o.e.m.c.i.l.LifecycleMappingFactory - Using org.eclipse.m2e.jdt.JarLifecycleMapping lifecycle mapping for MavenProject: com.programmingmicro:product-service:0.0.1-SNAPSHOT @ /Users/kasthoori/SpringApp/product-service/pom.xml.
2023-12-02 19:39:16,928 [Worker-1: Building] INFO  o.a.m.s.f.DefaultMavenResourcesFiltering - Copying 1 resource from src/main/resources to target/classes
2023-12-02 19:39:17,204 [Worker-1: Building] INFO  o.a.m.s.f.DefaultMavenResourcesFiltering - Copying 0 resource from src/main/resources to target/classes
2023-12-02 19:39:17,211 [Worker-1: Building] INFO  o.a.m.s.f.DefaultMavenResourcesFiltering - skip non existing resourceDirectory /Users/kasthoori/SpringApp/product-service/src/test/resources
2023-12-02 20:48:24,693 [Worker-6: Loading available Gradle versions] INFO  o.e.b.c.i.u.g.PublishedGradleVersions - Gradle version information cache is up-to-date. Trying to read.
2023-12-02 20:51:08,601 [Worker-24: Building] INFO  o.e.m.c.i.l.LifecycleMappingFactory - Using org.eclipse.m2e.jdt.JarLifecycleMapping lifecycle mapping for MavenProject: com.programmingmicro:product-service:0.0.1-SNAPSHOT @ /Users/kasthoori/SpringApp/product-service/pom.xml.
2023-12-02 20:51:13,571 [Worker-24: Building] INFO  o.a.m.s.f.DefaultMavenResourcesFiltering - Copying 1 resource from src/main/resources to target/classes
2023-12-02 20:51:13,579 [Worker-23: Updating Maven Dependencies] INFO  o.e.m.c.i.l.LifecycleMappingFactory - Using org.eclipse.m2e.jdt.JarLifecycleMapping lifecycle mapping for MavenProject: com.programmingmicro:product-service:0.0.1-SNAPSHOT @ /Users/kasthoori/SpringApp/product-service/pom.xml.
2023-12-02 20:51:13,708 [Worker-24: Building] INFO  o.a.m.s.f.DefaultMavenResourcesFiltering - Copying 0 resource from src/main/resources to target/classes
2023-12-02 20:51:13,712 [Worker-24: Building] INFO  o.a.m.s.f.DefaultMavenResourcesFiltering - skip non existing resourceDirectory /Users/kasthoori/SpringApp/product-service/src/test/resources
2023-12-02 20:55:21,332 [Worker-7: Loading available Gradle versions] INFO  o.e.b.c.i.u.g.PublishedGradleVersions - Gradle version information cache is up-to-date. Trying to read.
2023-12-02 20:58:38,435 [Worker-3: Importing Maven projects] INFO  o.e.m.c.i.l.LifecycleMappingFactory - Using org.eclipse.m2e.jdt.JarLifecycleMapping lifecycle mapping for MavenProject: com.programmingmicro:product-service:0.0.1-SNAPSHOT @ /Users/kasthoori/SpringApp/product-service/pom.xml.
2023-12-02 20:58:40,382 [Worker-3: Importing Maven projects] INFO  o.e.m.j.i.AbstractJavaProjectConfigurator - Adding source folder /product-service/src/main/java
2023-12-02 20:58:40,382 [Worker-3: Importing Maven projects] INFO  o.e.m.j.i.AbstractJavaProjectConfigurator - Adding resource folder /product-service/src/main/resources
2023-12-02 20:58:40,382 [Worker-3: Importing Maven projects] INFO  o.e.m.j.i.AbstractJavaProjectConfigurator - Adding resource folder /product-service/src/main/resources
2023-12-02 20:58:40,383 [Worker-3: Importing Maven projects] INFO  o.e.m.j.i.AbstractJavaProjectConfigurator - Adding source folder /product-service/src/test/java
2023-12-02 20:58:40,384 [Worker-3: Importing Maven projects] INFO  o.e.m.j.i.AbstractJavaProjectConfigurator - Adding resource folder /product-service/src/test/resources
2023-12-02 20:58:40,431 [Worker-3: Importing Maven projects] ERROR o.e.m.j.i.AbstractJavaProjectConfigurator - Failed to find a compatible VM for environment id 'JavaSE-17', falling back to workspace default
2023-12-02 20:58:42,384 [Worker-3: Importing Maven projects] INFO  o.e.m.c.i.p.ProjectConfigurationManager - Imported and configured 1 project(s) in 8 sec
2023-12-02 20:58:49,450 [Worker-30: Building] INFO  o.a.m.s.f.DefaultMavenResourcesFiltering - Copying 1 resource from src/main/resources to target/classes
2023-12-02 20:58:49,719 [Worker-30: Building] INFO  o.a.m.s.f.DefaultMavenResourcesFiltering - Copying 0 resource from src/main/resources to target/classes
2023-12-02 20:58:49,723 [Worker-30: Building] INFO  o.a.m.s.f.DefaultMavenResourcesFiltering - skip non existing resourceDirectory /Users/kasthoori/SpringApp/product-service/src/test/resources
2023-12-02 21:03:42,504 [Worker-27: Importing Maven projects] INFO  o.e.m.c.i.l.LifecycleMappingFactory - Using org.eclipse.m2e.jdt.JarLifecycleMapping lifecycle mapping for MavenProject: com.programmingmicro:product-service:0.0.1-SNAPSHOT @ /Users/kasthoori/SpringApp/product-service/pom.xml.
2023-12-02 21:03:42,945 [Worker-27: Importing Maven projects] INFO  o.e.m.j.i.AbstractJavaProjectConfigurator - Adding source folder /product-service/src/main/java
2023-12-02 21:03:42,945 [Worker-27: Importing Maven projects] INFO  o.e.m.j.i.AbstractJavaProjectConfigurator - Adding resource folder /product-service/src/main/resources
2023-12-02 21:03:42,947 [Worker-27: Importing Maven projects] INFO  o.e.m.j.i.AbstractJavaProjectConfigurator - Adding resource folder /product-service/src/main/resources
2023-12-02 21:03:42,950 [Worker-27: Importing Maven projects] INFO  o.e.m.j.i.AbstractJavaProjectConfigurator - Adding source folder /product-service/src/test/java
2023-12-02 21:03:42,950 [Worker-27: Importing Maven projects] INFO  o.e.m.j.i.AbstractJavaProjectConfigurator - Adding resource folder /product-service/src/test/resources
2023-12-02 21:03:42,950 [Worker-27: Importing Maven projects] ERROR o.e.m.j.i.AbstractJavaProjectConfigurator - Failed to find a compatible VM for environment id 'JavaSE-17', falling back to workspace default
2023-12-02 21:03:43,273 [Worker-27: Importing Maven projects] INFO  o.e.m.c.i.p.ProjectConfigurationManager - Imported and configured 1 project(s) in 1 sec
2023-12-02 21:03:43,646 [Worker-29: Building] INFO  o.a.m.s.f.DefaultMavenResourcesFiltering - Copying 1 resource from src/main/resources to target/classes
2023-12-02 21:03:43,756 [Worker-29: Building] INFO  o.a.m.s.f.DefaultMavenResourcesFiltering - Copying 0 resource from src/main/resources to target/classes
2023-12-02 21:03:43,759 [Worker-29: Building] INFO  o.a.m.s.f.DefaultMavenResourcesFiltering - skip non existing resourceDirectory /Users/kasthoori/SpringApp/product-service/src/test/resources
2023-12-02 21:04:43,549 [Worker-36: Building] INFO  o.a.m.s.f.DefaultMavenResourcesFiltering - Copying 0 resource from src/main/resources to target/classes
2023-12-02 21:04:43,565 [Worker-36: Building] INFO  o.a.m.s.f.DefaultMavenResourcesFiltering - Copying 0 resource from src/main/resources to target/classes
2023-12-02 21:04:43,568 [Worker-36: Building] INFO  o.a.m.s.f.DefaultMavenResourcesFiltering - Copying 0 resource from src/test/resources to target/test-classes
2023-12-02 21:26:39,150 [Worker-39: Importing Maven projects] INFO  o.e.m.c.i.l.LifecycleMappingFactory - Using org.eclipse.m2e.jdt.JarLifecycleMapping lifecycle mapping for MavenProject: com.programmingmicro:product-service:0.0.1-SNAPSHOT @ /Users/kasthoori/Exersice/micronautApps/exampleTwo/SpringMicroservice/product-service/pom.xml.
2023-12-02 21:27:51,643 [Worker-39: Importing Maven projects] INFO  o.e.m.j.i.AbstractJavaProjectConfigurator - Adding source folder /product-service/src/main/java
2023-12-02 21:27:51,953 [Worker-39: Importing Maven projects] INFO  o.e.m.j.i.AbstractJavaProjectConfigurator - Adding resource folder /product-service/src/main/resources
2023-12-02 21:27:51,953 [Worker-39: Importing Maven projects] INFO  o.e.m.j.i.AbstractJavaProjectConfigurator - Adding resource folder /product-service/src/main/resources
2023-12-02 21:27:51,954 [Worker-39: Importing Maven projects] INFO  o.e.m.j.i.AbstractJavaProjectConfigurator - Adding source folder /product-service/src/test/java
2023-12-02 21:27:51,954 [Worker-39: Importing Maven projects] INFO  o.e.m.j.i.AbstractJavaProjectConfigurator - Adding resource folder /product-service/src/test/resources
2023-12-02 21:27:52,451 [Worker-39: Importing Maven projects] ERROR o.e.m.j.i.AbstractJavaProjectConfigurator - Failed to find a compatible VM for environment id 'JavaSE-17', falling back to workspace default
2023-12-02 21:28:14,592 [Worker-39: Importing Maven projects] INFO  o.e.m.c.i.p.ProjectConfigurationManager - Imported and configured 1 project(s) in 145 sec
2023-12-02 21:28:39,945 [Worker-41: Updating Maven Project] INFO  o.e.m.c.i.p.ProjectConfigurationManager - Update started
2023-12-02 21:29:17,824 [Worker-41: Updating Maven Project] INFO  o.e.m.c.i.l.LifecycleMappingFactory - Using org.eclipse.m2e.jdt.JarLifecycleMapping lifecycle mapping for MavenProject: com.programmingmicro:product-service:0.0.1-SNAPSHOT @ /Users/kasthoori/Exersice/micronautApps/exampleTwo/SpringMicroservice/product-service/pom.xml.
2023-12-02 21:30:22,817 [Worker-41: Updating Maven Project] INFO  o.e.m.j.i.AbstractJavaProjectConfigurator - Adding source folder /product-service/src/main/java
2023-12-02 21:30:22,921 [Worker-41: Updating Maven Project] INFO  o.e.m.j.i.AbstractJavaProjectConfigurator - Adding resource folder /product-service/src/main/resources
2023-12-02 21:30:22,921 [Worker-41: Updating Maven Project] INFO  o.e.m.j.i.AbstractJavaProjectConfigurator - Adding resource folder /product-service/src/main/resources
2023-12-02 21:30:22,922 [Worker-41: Updating Maven Project] INFO  o.e.m.j.i.AbstractJavaProjectConfigurator - Adding source folder /product-service/src/test/java
2023-12-02 21:30:22,922 [Worker-41: Updating Maven Project] INFO  o.e.m.j.i.AbstractJavaProjectConfigurator - Adding resource folder /product-service/src/test/resources
2023-12-02 21:30:22,922 [Worker-41: Updating Maven Project] ERROR o.e.m.j.i.AbstractJavaProjectConfigurator - Failed to find a compatible VM for environment id 'JavaSE-17', falling back to workspace default
2023-12-02 21:30:47,014 [Worker-41: Updating Maven Project] INFO  o.e.m.c.i.p.ProjectConfigurationManager - Update completed for 1 poms: local refresh takes 0.00 sec, refresh facades takes 101.00 sec, update config takes 23.00 sec 
2023-12-02 21:31:13,664 [Worker-44: Building] INFO  o.a.m.s.f.DefaultMavenResourcesFiltering - Copying 1 resource from src/main/resources to target/classes
2023-12-02 21:31:15,154 [Worker-44: Building] INFO  o.a.m.s.f.DefaultMavenResourcesFiltering - Copying 0 resource from src/main/resources to target/classes
2023-12-02 21:31:15,157 [Worker-44: Building] INFO  o.a.m.s.f.DefaultMavenResourcesFiltering - Copying 0 resource from src/test/resources to target/test-classes
2023-12-02 21:39:10,864 [Worker-50: Building] INFO  o.a.m.s.f.DefaultMavenResourcesFiltering - Copying 1 resource from src/main/resources to target/classes
2023-12-02 21:39:11,174 [Worker-50: Building] INFO  o.a.m.s.f.DefaultMavenResourcesFiltering - Copying 0 resource from src/main/resources to target/classes
2023-12-02 21:39:11,279 [Worker-50: Building] INFO  o.a.m.s.f.DefaultMavenResourcesFiltering - Copying 0 resource from src/test/resources to target/test-classes
2023-12-02 21:52:24,684 [Worker-63: Updating Maven Project] INFO  o.e.m.c.i.p.ProjectConfigurationManager - Update started
2023-12-02 21:52:25,988 [Worker-63: Updating Maven Project] INFO  o.e.m.c.i.l.LifecycleMappingFactory - Using org.eclipse.m2e.jdt.JarLifecycleMapping lifecycle mapping for MavenProject: com.programmingmicro:product-service:0.0.1-SNAPSHOT @ /Users/kasthoori/Exersice/micronautApps/exampleTwo/SpringMicroservice/product-service/pom.xml.
2023-12-02 21:52:28,671 [Worker-63: Updating Maven Project] INFO  o.e.m.j.i.AbstractJavaProjectConfigurator - Adding source folder /product-service/src/main/java
2023-12-02 21:52:28,672 [Worker-63: Updating Maven Project] INFO  o.e.m.j.i.AbstractJavaProjectConfigurator - Adding resource folder /product-service/src/main/resources
2023-12-02 21:52:28,672 [Worker-63: Updating Maven Project] INFO  o.e.m.j.i.AbstractJavaProjectConfigurator - Adding resource folder /product-service/src/main/resources
2023-12-02 21:52:28,672 [Worker-63: Updating Maven Project] INFO  o.e.m.j.i.AbstractJavaProjectConfigurator - Adding source folder /product-service/src/test/java
2023-12-02 21:52:28,672 [Worker-63: Updating Maven Project] INFO  o.e.m.j.i.AbstractJavaProjectConfigurator - Adding resource folder /product-service/src/test/resources
2023-12-02 21:52:28,672 [Worker-63: Updating Maven Project] ERROR o.e.m.j.i.AbstractJavaProjectConfigurator - Failed to find a compatible VM for environment id 'JavaSE-17', falling back to workspace default
2023-12-02 21:52:29,581 [Worker-63: Updating Maven Project] INFO  o.e.m.c.i.p.ProjectConfigurationManager - Update completed for 1 poms: local refresh takes 0.00 sec, refresh facades takes 3.00 sec, update config takes 0.00 sec 
2023-12-02 21:52:33,657 [Worker-58: Building] INFO  o.a.m.s.f.DefaultMavenResourcesFiltering - Copying 1 resource from src/main/resources to target/classes
2023-12-02 21:52:34,493 [Worker-58: Building] INFO  o.a.m.s.f.DefaultMavenResourcesFiltering - Copying 0 resource from src/main/resources to target/classes
2023-12-02 21:52:34,496 [Worker-58: Building] INFO  o.a.m.s.f.DefaultMavenResourcesFiltering - Copying 0 resource from src/test/resources to target/test-classes
2023-12-02 21:52:59,607 [Worker-60: Launching Executing install in _Users_kasthoori_Exersice_micronautApps_exampleTwo_SpringMicroservice_product-service] INFO  o.eclipse.m2e.core.internal.Bundles - getClasspathEntries(Bundle=org.eclipse.m2e.maven.runtime_3.9.400.20230826-0755 [615])
2023-12-02 21:52:59,659 [Worker-60: Launching Executing install in _Users_kasthoori_Exersice_micronautApps_exampleTwo_SpringMicroservice_product-service] INFO  o.eclipse.m2e.core.internal.Bundles - 	Entry: /Users/kasthoori/.p2/pool/plugins/org.eclipse.m2e.maven.runtime_3.9.400.20230826-0755
2023-12-02 21:52:59,659 [Worker-60: Launching Executing install in _Users_kasthoori_Exersice_micronautApps_exampleTwo_SpringMicroservice_product-service] INFO  o.eclipse.m2e.core.internal.Bundles - 	Entry: /Users/kasthoori/.p2/pool/plugins/org.eclipse.m2e.maven.runtime_3.9.400.20230826-0755/jars/aether-connector-okhttp-0.17.8.jar
2023-12-02 21:52:59,659 [Worker-60: Launching Executing install in _Users_kasthoori_Exersice_micronautApps_exampleTwo_SpringMicroservice_product-service] INFO  o.eclipse.m2e.core.internal.Bundles - 	Entry: /Users/kasthoori/.p2/pool/plugins/org.eclipse.m2e.maven.runtime_3.9.400.20230826-0755/jars/aopalliance-1.0.jar
2023-12-02 21:52:59,659 [Worker-60: Launching Executing install in _Users_kasthoori_Exersice_micronautApps_exampleTwo_SpringMicroservice_product-service] INFO  o.eclipse.m2e.core.internal.Bundles - 	Entry: /Users/kasthoori/.p2/pool/plugins/org.eclipse.m2e.maven.runtime_3.9.400.20230826-0755/jars/commons-lang3-3.12.0.jar
2023-12-02 21:52:59,659 [Worker-60: Launching Executing install in _Users_kasthoori_Exersice_micronautApps_exampleTwo_SpringMicroservice_product-service] INFO  o.eclipse.m2e.core.internal.Bundles - 	Entry: /Users/kasthoori/.p2/pool/plugins/org.eclipse.m2e.maven.runtime_3.9.400.20230826-0755/jars/guice-5.1.0.jar
2023-12-02 21:52:59,659 [Worker-60: Launching Executing install in _Users_kasthoori_Exersice_micronautApps_exampleTwo_SpringMicroservice_product-service] INFO  o.eclipse.m2e.core.internal.Bundles - 	Entry: /Users/kasthoori/.p2/pool/plugins/org.eclipse.m2e.maven.runtime_3.9.400.20230826-0755/jars/jansi-2.4.0.jar
2023-12-02 21:52:59,660 [Worker-60: Launching Executing install in _Users_kasthoori_Exersice_micronautApps_exampleTwo_SpringMicroservice_product-service] INFO  o.eclipse.m2e.core.internal.Bundles - 	Entry: /Users/kasthoori/.p2/pool/plugins/org.eclipse.m2e.maven.runtime_3.9.400.20230826-0755/jars/maven-artifact-3.9.4.jar
2023-12-02 21:52:59,660 [Worker-60: Launching Executing install in _Users_kasthoori_Exersice_micronautApps_exampleTwo_SpringMicroservice_product-service] INFO  o.eclipse.m2e.core.internal.Bundles - 	Entry: /Users/kasthoori/.p2/pool/plugins/org.eclipse.m2e.maven.runtime_3.9.400.20230826-0755/jars/maven-builder-support-3.9.4.jar
2023-12-02 21:52:59,660 [Worker-60: Launching Executing install in _Users_kasthoori_Exersice_micronautApps_exampleTwo_SpringMicroservice_product-service] INFO  o.eclipse.m2e.core.internal.Bundles - 	Entry: /Users/kasthoori/.p2/pool/plugins/org.eclipse.m2e.maven.runtime_3.9.400.20230826-0755/jars/maven-compat-3.9.4.jar
2023-12-02 21:52:59,660 [Worker-60: Launching Executing install in _Users_kasthoori_Exersice_micronautApps_exampleTwo_SpringMicroservice_product-service] INFO  o.eclipse.m2e.core.internal.Bundles - 	Entry: /Users/kasthoori/.p2/pool/plugins/org.eclipse.m2e.maven.runtime_3.9.400.20230826-0755/jars/maven-core-3.9.4.jar
2023-12-02 21:52:59,660 [Worker-60: Launching Executing install in _Users_kasthoori_Exersice_micronautApps_exampleTwo_SpringMicroservice_product-service] INFO  o.eclipse.m2e.core.internal.Bundles - 	Entry: /Users/kasthoori/.p2/pool/plugins/org.eclipse.m2e.maven.runtime_3.9.400.20230826-0755/jars/maven-embedder-3.9.4.jar
2023-12-02 21:52:59,660 [Worker-60: Launching Executing install in _Users_kasthoori_Exersice_micronautApps_exampleTwo_SpringMicroservice_product-service] INFO  o.eclipse.m2e.core.internal.Bundles - 	Entry: /Users/kasthoori/.p2/pool/plugins/org.eclipse.m2e.maven.runtime_3.9.400.20230826-0755/jars/maven-model-3.9.4.jar
2023-12-02 21:52:59,660 [Worker-60: Launching Executing install in _Users_kasthoori_Exersice_micronautApps_exampleTwo_SpringMicroservice_product-service] INFO  o.eclipse.m2e.core.internal.Bundles - 	Entry: /Users/kasthoori/.p2/pool/plugins/org.eclipse.m2e.maven.runtime_3.9.400.20230826-0755/jars/maven-model-builder-3.9.4.jar
2023-12-02 21:52:59,660 [Worker-60: Launching Executing install in _Users_kasthoori_Exersice_micronautApps_exampleTwo_SpringMicroservice_product-service] INFO  o.eclipse.m2e.core.internal.Bundles - 	Entry: /Users/kasthoori/.p2/pool/plugins/org.eclipse.m2e.maven.runtime_3.9.400.20230826-0755/jars/maven-plugin-api-3.9.4.jar
2023-12-02 21:52:59,660 [Worker-60: Launching Executing install in _Users_kasthoori_Exersice_micronautApps_exampleTwo_SpringMicroservice_product-service] INFO  o.eclipse.m2e.core.internal.Bundles - 	Entry: /Users/kasthoori/.p2/pool/plugins/org.eclipse.m2e.maven.runtime_3.9.400.20230826-0755/jars/maven-repository-metadata-3.9.4.jar
2023-12-02 21:52:59,660 [Worker-60: Launching Executing install in _Users_kasthoori_Exersice_micronautApps_exampleTwo_SpringMicroservice_product-service] INFO  o.eclipse.m2e.core.internal.Bundles - 	Entry: /Users/kasthoori/.p2/pool/plugins/org.eclipse.m2e.maven.runtime_3.9.400.20230826-0755/jars/maven-resolver-api-1.9.14.jar
2023-12-02 21:52:59,660 [Worker-60: Launching Executing install in _Users_kasthoori_Exersice_micronautApps_exampleTwo_SpringMicroservice_product-service] INFO  o.eclipse.m2e.core.internal.Bundles - 	Entry: /Users/kasthoori/.p2/pool/plugins/org.eclipse.m2e.maven.runtime_3.9.400.20230826-0755/jars/maven-resolver-connector-basic-1.9.14.jar
2023-12-02 21:52:59,660 [Worker-60: Launching Executing install in _Users_kasthoori_Exersice_micronautApps_exampleTwo_SpringMicroservice_product-service] INFO  o.eclipse.m2e.core.internal.Bundles - 	Entry: /Users/kasthoori/.p2/pool/plugins/org.eclipse.m2e.maven.runtime_3.9.400.20230826-0755/jars/maven-resolver-impl-1.9.14.jar
2023-12-02 21:52:59,660 [Worker-60: Launching Executing install in _Users_kasthoori_Exersice_micronautApps_exampleTwo_SpringMicroservice_product-service] INFO  o.eclipse.m2e.core.internal.Bundles - 	Entry: /Users/kasthoori/.p2/pool/plugins/org.eclipse.m2e.maven.runtime_3.9.400.20230826-0755/jars/maven-resolver-named-locks-1.9.14.jar
2023-12-02 21:52:59,660 [Worker-60: Launching Executing install in _Users_kasthoori_Exersice_micronautApps_exampleTwo_SpringMicroservice_product-service] INFO  o.eclipse.m2e.core.internal.Bundles - 	Entry: /Users/kasthoori/.p2/pool/plugins/org.eclipse.m2e.maven.runtime_3.9.400.20230826-0755/jars/maven-resolver-provider-3.9.4.jar
2023-12-02 21:52:59,660 [Worker-60: Launching Executing install in _Users_kasthoori_Exersice_micronautApps_exampleTwo_SpringMicroservice_product-service] INFO  o.eclipse.m2e.core.internal.Bundles - 	Entry: /Users/kasthoori/.p2/pool/plugins/org.eclipse.m2e.maven.runtime_3.9.400.20230826-0755/jars/maven-resolver-spi-1.9.14.jar
2023-12-02 21:52:59,660 [Worker-60: Launching Executing install in _Users_kasthoori_Exersice_micronautApps_exampleTwo_SpringMicroservice_product-service] INFO  o.eclipse.m2e.core.internal.Bundles - 	Entry: /Users/kasthoori/.p2/pool/plugins/org.eclipse.m2e.maven.runtime_3.9.400.20230826-0755/jars/maven-resolver-transport-wagon-1.9.14.jar
2023-12-02 21:52:59,660 [Worker-60: Launching Executing install in _Users_kasthoori_Exersice_micronautApps_exampleTwo_SpringMicroservice_product-service] INFO  o.eclipse.m2e.core.internal.Bundles - 	Entry: /Users/kasthoori/.p2/pool/plugins/org.eclipse.m2e.maven.runtime_3.9.400.20230826-0755/jars/maven-resolver-util-1.9.14.jar
2023-12-02 21:52:59,661 [Worker-60: Launching Executing install in _Users_kasthoori_Exersice_micronautApps_exampleTwo_SpringMicroservice_product-service] INFO  o.eclipse.m2e.core.internal.Bundles - 	Entry: /Users/kasthoori/.p2/pool/plugins/org.eclipse.m2e.maven.runtime_3.9.400.20230826-0755/jars/maven-settings-3.9.4.jar
2023-12-02 21:52:59,661 [Worker-60: Launching Executing install in _Users_kasthoori_Exersice_micronautApps_exampleTwo_SpringMicroservice_product-service] INFO  o.eclipse.m2e.core.internal.Bundles - 	Entry: /Users/kasthoori/.p2/pool/plugins/org.eclipse.m2e.maven.runtime_3.9.400.20230826-0755/jars/maven-settings-builder-3.9.4.jar
2023-12-02 21:52:59,661 [Worker-60: Launching Executing install in _Users_kasthoori_Exersice_micronautApps_exampleTwo_SpringMicroservice_product-service] INFO  o.eclipse.m2e.core.internal.Bundles - 	Entry: /Users/kasthoori/.p2/pool/plugins/org.eclipse.m2e.maven.runtime_3.9.400.20230826-0755/jars/maven-shared-utils-3.3.4.jar
2023-12-02 21:52:59,661 [Worker-60: Launching Executing install in _Users_kasthoori_Exersice_micronautApps_exampleTwo_SpringMicroservice_product-service] INFO  o.eclipse.m2e.core.internal.Bundles - 	Entry: /Users/kasthoori/.p2/pool/plugins/org.eclipse.m2e.maven.runtime_3.9.400.20230826-0755/jars/okhttp-3.14.1.jar
2023-12-02 21:52:59,661 [Worker-60: Launching Executing install in _Users_kasthoori_Exersice_micronautApps_exampleTwo_SpringMicroservice_product-service] INFO  o.eclipse.m2e.core.internal.Bundles - 	Entry: /Users/kasthoori/.p2/pool/plugins/org.eclipse.m2e.maven.runtime_3.9.400.20230826-0755/jars/okio-1.17.3.jar
2023-12-02 21:52:59,661 [Worker-60: Launching Executing install in _Users_kasthoori_Exersice_micronautApps_exampleTwo_SpringMicroservice_product-service] INFO  o.eclipse.m2e.core.internal.Bundles - 	Entry: /Users/kasthoori/.p2/pool/plugins/org.eclipse.m2e.maven.runtime_3.9.400.20230826-0755/jars/org.eclipse.sisu.inject-0.3.5.jar
2023-12-02 21:52:59,661 [Worker-60: Launching Executing install in _Users_kasthoori_Exersice_micronautApps_exampleTwo_SpringMicroservice_product-service] INFO  o.eclipse.m2e.core.internal.Bundles - 	Entry: /Users/kasthoori/.p2/pool/plugins/org.eclipse.m2e.maven.runtime_3.9.400.20230826-0755/jars/org.eclipse.sisu.plexus-0.3.5.jar
2023-12-02 21:52:59,661 [Worker-60: Launching Executing install in _Users_kasthoori_Exersice_micronautApps_exampleTwo_SpringMicroservice_product-service] INFO  o.eclipse.m2e.core.internal.Bundles - 	Entry: /Users/kasthoori/.p2/pool/plugins/org.eclipse.m2e.maven.runtime_3.9.400.20230826-0755/jars/plexus-build-api-0.0.7.jar
2023-12-02 21:52:59,661 [Worker-60: Launching Executing install in _Users_kasthoori_Exersice_micronautApps_exampleTwo_SpringMicroservice_product-service] INFO  o.eclipse.m2e.core.internal.Bundles - 	Entry: /Users/kasthoori/.p2/pool/plugins/org.eclipse.m2e.maven.runtime_3.9.400.20230826-0755/jars/plexus-cipher-2.0.jar
2023-12-02 21:52:59,661 [Worker-60: Launching Executing install in _Users_kasthoori_Exersice_micronautApps_exampleTwo_SpringMicroservice_product-service] INFO  o.eclipse.m2e.core.internal.Bundles - 	Entry: /Users/kasthoori/.p2/pool/plugins/org.eclipse.m2e.maven.runtime_3.9.400.20230826-0755/jars/plexus-classworlds-2.7.0.jar
2023-12-02 21:52:59,661 [Worker-60: Launching Executing install in _Users_kasthoori_Exersice_micronautApps_exampleTwo_SpringMicroservice_product-service] INFO  o.eclipse.m2e.core.internal.Bundles - 	Entry: /Users/kasthoori/.p2/pool/plugins/org.eclipse.m2e.maven.runtime_3.9.400.20230826-0755/jars/plexus-component-annotations-2.1.0.jar
2023-12-02 21:52:59,661 [Worker-60: Launching Executing install in _Users_kasthoori_Exersice_micronautApps_exampleTwo_SpringMicroservice_product-service] INFO  o.eclipse.m2e.core.internal.Bundles - 	Entry: /Users/kasthoori/.p2/pool/plugins/org.eclipse.m2e.maven.runtime_3.9.400.20230826-0755/jars/plexus-interpolation-1.26.jar
2023-12-02 21:52:59,661 [Worker-60: Launching Executing install in _Users_kasthoori_Exersice_micronautApps_exampleTwo_SpringMicroservice_product-service] INFO  o.eclipse.m2e.core.internal.Bundles - 	Entry: /Users/kasthoori/.p2/pool/plugins/org.eclipse.m2e.maven.runtime_3.9.400.20230826-0755/jars/plexus-sec-dispatcher-2.0.jar
2023-12-02 21:52:59,661 [Worker-60: Launching Executing install in _Users_kasthoori_Exersice_micronautApps_exampleTwo_SpringMicroservice_product-service] INFO  o.eclipse.m2e.core.internal.Bundles - 	Entry: /Users/kasthoori/.p2/pool/plugins/org.eclipse.m2e.maven.runtime_3.9.400.20230826-0755/jars/plexus-utils-3.5.1.jar
2023-12-02 21:52:59,661 [Worker-60: Launching Executing install in _Users_kasthoori_Exersice_micronautApps_exampleTwo_SpringMicroservice_product-service] INFO  o.eclipse.m2e.core.internal.Bundles - 	Entry: /Users/kasthoori/.p2/pool/plugins/org.eclipse.m2e.maven.runtime_3.9.400.20230826-0755/jars/wagon-file-3.5.3.jar
2023-12-02 21:52:59,661 [Worker-60: Launching Executing install in _Users_kasthoori_Exersice_micronautApps_exampleTwo_SpringMicroservice_product-service] INFO  o.eclipse.m2e.core.internal.Bundles - 	Entry: /Users/kasthoori/.p2/pool/plugins/org.eclipse.m2e.maven.runtime_3.9.400.20230826-0755/jars/wagon-provider-api-3.5.3.jar
2023-12-02 21:52:59,662 [Worker-60: Launching Executing install in _Users_kasthoori_Exersice_micronautApps_exampleTwo_SpringMicroservice_product-service] INFO  o.eclipse.m2e.core.internal.Bundles - getClasspathEntries(Bundle=com.google.guava_32.1.2.jre [12])
2023-12-02 21:52:59,662 [Worker-60: Launching Executing install in _Users_kasthoori_Exersice_micronautApps_exampleTwo_SpringMicroservice_product-service] INFO  o.eclipse.m2e.core.internal.Bundles - 	Entry: /Users/kasthoori/.p2/pool/plugins/com.google.guava_32.1.2.jre.jar
2023-12-02 21:52:59,662 [Worker-60: Launching Executing install in _Users_kasthoori_Exersice_micronautApps_exampleTwo_SpringMicroservice_product-service] INFO  o.eclipse.m2e.core.internal.Bundles - getClasspathEntries(Bundle=slf4j.api_2.0.9 [975])
2023-12-02 21:52:59,662 [Worker-60: Launching Executing install in _Users_kasthoori_Exersice_micronautApps_exampleTwo_SpringMicroservice_product-service] INFO  o.eclipse.m2e.core.internal.Bundles - 	Entry: /Users/kasthoori/.p2/pool/plugins/slf4j.api_2.0.9.jar
2023-12-02 21:52:59,662 [Worker-60: Launching Executing install in _Users_kasthoori_Exersice_micronautApps_exampleTwo_SpringMicroservice_product-service] INFO  o.eclipse.m2e.core.internal.Bundles - getClasspathEntries(Bundle=javax.inject_1.0.0.v20220405-0441 [38])
2023-12-02 21:52:59,662 [Worker-60: Launching Executing install in _Users_kasthoori_Exersice_micronautApps_exampleTwo_SpringMicroservice_product-service] INFO  o.eclipse.m2e.core.internal.Bundles - 	Entry: /Users/kasthoori/.p2/pool/plugins/javax.inject_1.0.0.v20220405-0441.jar
2023-12-02 21:52:59,662 [Worker-60: Launching Executing install in _Users_kasthoori_Exersice_micronautApps_exampleTwo_SpringMicroservice_product-service] INFO  o.eclipse.m2e.core.internal.Bundles - getClasspathEntries(Bundle=javax.annotation_1.3.5.v20200909-1856 [36])
2023-12-02 21:52:59,662 [Worker-60: Launching Executing install in _Users_kasthoori_Exersice_micronautApps_exampleTwo_SpringMicroservice_product-service] INFO  o.eclipse.m2e.core.internal.Bundles - 	Entry: /Users/kasthoori/.p2/pool/plugins/javax.annotation_1.3.5.v20200909-1856.jar
2023-12-02 21:52:59,662 [Worker-60: Launching Executing install in _Users_kasthoori_Exersice_micronautApps_exampleTwo_SpringMicroservice_product-service] INFO  o.eclipse.m2e.core.internal.Bundles - getClasspathEntries(Bundle=org.apache.commons.cli_1.5.0 [73])
2023-12-02 21:52:59,662 [Worker-60: Launching Executing install in _Users_kasthoori_Exersice_micronautApps_exampleTwo_SpringMicroservice_product-service] INFO  o.eclipse.m2e.core.internal.Bundles - 	Entry: /Users/kasthoori/.p2/pool/plugins/org.apache.commons.cli_1.5.0.jar
2023-12-02 21:52:59,662 [Worker-60: Launching Executing install in _Users_kasthoori_Exersice_micronautApps_exampleTwo_SpringMicroservice_product-service] INFO  o.eclipse.m2e.core.internal.Bundles - getClasspathEntries(Bundle=com.google.guava.failureaccess_1.0.1 [14])
2023-12-02 21:52:59,663 [Worker-60: Launching Executing install in _Users_kasthoori_Exersice_micronautApps_exampleTwo_SpringMicroservice_product-service] INFO  o.eclipse.m2e.core.internal.Bundles - 	Entry: /Users/kasthoori/.p2/pool/plugins/com.google.guava.failureaccess_1.0.1.jar
2023-12-02 21:52:59,682 [Worker-60: Launching Executing install in _Users_kasthoori_Exersice_micronautApps_exampleTwo_SpringMicroservice_product-service] INFO  o.e.m.i.launch.MavenLaunchDelegate - Run build in "/Users/kasthoori/Exersice/micronautApps/exampleTwo/SpringMicroservice/product-service":
2023-12-02 21:52:59,747 [Worker-60: Launching Executing install in _Users_kasthoori_Exersice_micronautApps_exampleTwo_SpringMicroservice_product-service] INFO  o.e.m.i.launch.MavenLaunchDelegate -  mvn  -B -Dstyle.color=always install
2023-12-02 22:13:14,446 [Worker-69: Building] INFO  o.a.m.s.f.DefaultMavenResourcesFiltering - Copying 1 resource from src/main/resources to target/classes
2023-12-02 22:13:14,554 [Worker-69: Building] INFO  o.a.m.s.f.DefaultMavenResourcesFiltering - Copying 0 resource from src/main/resources to target/classes
2023-12-02 22:13:14,574 [Worker-69: Building] INFO  o.a.m.s.f.DefaultMavenResourcesFiltering - Copying 0 resource from src/test/resources to target/test-classes
2023-12-02 22:15:29,108 [Worker-50: Building] INFO  o.a.m.s.f.DefaultMavenResourcesFiltering - Copying 1 resource from src/main/resources to target/classes
2023-12-02 22:15:29,560 [Worker-50: Building] INFO  o.a.m.s.f.DefaultMavenResourcesFiltering - Copying 0 resource from src/main/resources to target/classes
2023-12-02 22:15:29,567 [Worker-50: Building] INFO  o.a.m.s.f.DefaultMavenResourcesFiltering - Copying 0 resource from src/test/resources to target/test-classes
2023-12-02 22:23:39,440 [Worker-50: Building] INFO  o.a.m.s.f.DefaultMavenResourcesFiltering - Copying 1 resource from src/main/resources to target/classes
2023-12-02 22:23:39,557 [Worker-50: Building] INFO  o.a.m.s.f.DefaultMavenResourcesFiltering - Copying 0 resource from src/main/resources to target/classes
2023-12-02 22:23:39,661 [Worker-50: Building] INFO  o.a.m.s.f.DefaultMavenResourcesFiltering - Copying 0 resource from src/test/resources to target/test-classes
2023-12-02 22:24:18,002 [Worker-73: Building] INFO  o.a.m.s.f.DefaultMavenResourcesFiltering - Copying 1 resource from src/main/resources to target/classes
2023-12-02 22:24:18,006 [Worker-73: Building] INFO  o.a.m.s.f.DefaultMavenResourcesFiltering - Copying 0 resource from src/main/resources to target/classes
2023-12-02 22:24:18,052 [Worker-73: Building] INFO  o.a.m.s.f.DefaultMavenResourcesFiltering - Copying 0 resource from src/test/resources to target/test-classes
2023-12-02 22:29:12,580 [Worker-74: Building] INFO  o.a.m.s.f.DefaultMavenResourcesFiltering - Copying 1 resource from src/main/resources to target/classes
2023-12-02 22:29:12,603 [Worker-74: Building] INFO  o.a.m.s.f.DefaultMavenResourcesFiltering - Copying 0 resource from src/main/resources to target/classes
2023-12-02 22:29:12,605 [Worker-74: Building] INFO  o.a.m.s.f.DefaultMavenResourcesFiltering - Copying 0 resource from src/test/resources to target/test-classes
2023-12-02 22:30:22,646 [Worker-50: Building] INFO  o.a.m.s.f.DefaultMavenResourcesFiltering - Copying 1 resource from src/main/resources to target/classes
2023-12-02 22:30:22,655 [Worker-50: Building] INFO  o.a.m.s.f.DefaultMavenResourcesFiltering - Copying 0 resource from src/main/resources to target/classes
2023-12-02 22:30:22,659 [Worker-50: Building] INFO  o.a.m.s.f.DefaultMavenResourcesFiltering - Copying 0 resource from src/test/resources to target/test-classes
2023-12-02 22:31:40,343 [Worker-76: Building] INFO  o.a.m.s.f.DefaultMavenResourcesFiltering - Copying 1 resource from src/main/resources to target/classes
2023-12-02 22:31:40,353 [Worker-76: Building] INFO  o.a.m.s.f.DefaultMavenResourcesFiltering - Copying 0 resource from src/main/resources to target/classes
2023-12-02 22:31:40,356 [Worker-76: Building] INFO  o.a.m.s.f.DefaultMavenResourcesFiltering - Copying 0 resource from src/test/resources to target/test-classes
2023-12-02 22:41:13,332 [Worker-78: Building] INFO  o.a.m.s.f.DefaultMavenResourcesFiltering - Copying 1 resource from src/main/resources to target/classes
2023-12-02 22:41:13,336 [Worker-78: Building] INFO  o.a.m.s.f.DefaultMavenResourcesFiltering - Copying 0 resource from src/main/resources to target/classes
2023-12-02 22:41:13,339 [Worker-78: Building] INFO  o.a.m.s.f.DefaultMavenResourcesFiltering - Copying 0 resource from src/test/resources to target/test-classes
2023-12-02 22:48:59,808 [Worker-74: Building] INFO  o.a.m.s.f.DefaultMavenResourcesFiltering - Copying 1 resource from src/main/resources to target/classes
2023-12-02 22:48:59,811 [Worker-74: Building] INFO  o.a.m.s.f.DefaultMavenResourcesFiltering - Copying 0 resource from src/main/resources to target/classes
2023-12-02 22:48:59,815 [Worker-74: Building] INFO  o.a.m.s.f.DefaultMavenResourcesFiltering - Copying 0 resource from src/test/resources to target/test-classes
2023-12-02 22:49:11,108 [Worker-78: Launching Executing install in _Users_kasthoori_Exersice_micronautApps_exampleTwo_SpringMicroservice_product-service] INFO  o.eclipse.m2e.core.internal.Bundles - getClasspathEntries(Bundle=org.eclipse.m2e.maven.runtime_3.9.400.20230826-0755 [615])
2023-12-02 22:49:11,108 [Worker-78: Launching Executing install in _Users_kasthoori_Exersice_micronautApps_exampleTwo_SpringMicroservice_product-service] INFO  o.eclipse.m2e.core.internal.Bundles - 	Entry: /Users/kasthoori/.p2/pool/plugins/org.eclipse.m2e.maven.runtime_3.9.400.20230826-0755
2023-12-02 22:49:11,108 [Worker-78: Launching Executing install in _Users_kasthoori_Exersice_micronautApps_exampleTwo_SpringMicroservice_product-service] INFO  o.eclipse.m2e.core.internal.Bundles - 	Entry: /Users/kasthoori/.p2/pool/plugins/org.eclipse.m2e.maven.runtime_3.9.400.20230826-0755/jars/aether-connector-okhttp-0.17.8.jar
2023-12-02 22:49:11,108 [Worker-78: Launching Executing install in _Users_kasthoori_Exersice_micronautApps_exampleTwo_SpringMicroservice_product-service] INFO  o.eclipse.m2e.core.internal.Bundles - 	Entry: /Users/kasthoori/.p2/pool/plugins/org.eclipse.m2e.maven.runtime_3.9.400.20230826-0755/jars/aopalliance-1.0.jar
2023-12-02 22:49:11,109 [Worker-78: Launching Executing install in _Users_kasthoori_Exersice_micronautApps_exampleTwo_SpringMicroservice_product-service] INFO  o.eclipse.m2e.core.internal.Bundles - 	Entry: /Users/kasthoori/.p2/pool/plugins/org.eclipse.m2e.maven.runtime_3.9.400.20230826-0755/jars/commons-lang3-3.12.0.jar
2023-12-02 22:49:11,109 [Worker-78: Launching Executing install in _Users_kasthoori_Exersice_micronautApps_exampleTwo_SpringMicroservice_product-service] INFO  o.eclipse.m2e.core.internal.Bundles - 	Entry: /Users/kasthoori/.p2/pool/plugins/org.eclipse.m2e.maven.runtime_3.9.400.20230826-0755/jars/guice-5.1.0.jar
2023-12-02 22:49:11,109 [Worker-78: Launching Executing install in _Users_kasthoori_Exersice_micronautApps_exampleTwo_SpringMicroservice_product-service] INFO  o.eclipse.m2e.core.internal.Bundles - 	Entry: /Users/kasthoori/.p2/pool/plugins/org.eclipse.m2e.maven.runtime_3.9.400.20230826-0755/jars/jansi-2.4.0.jar
2023-12-02 22:49:11,109 [Worker-78: Launching Executing install in _Users_kasthoori_Exersice_micronautApps_exampleTwo_SpringMicroservice_product-service] INFO  o.eclipse.m2e.core.internal.Bundles - 	Entry: /Users/kasthoori/.p2/pool/plugins/org.eclipse.m2e.maven.runtime_3.9.400.20230826-0755/jars/maven-artifact-3.9.4.jar
2023-12-02 22:49:11,109 [Worker-78: Launching Executing install in _Users_kasthoori_Exersice_micronautApps_exampleTwo_SpringMicroservice_product-service] INFO  o.eclipse.m2e.core.internal.Bundles - 	Entry: /Users/kasthoori/.p2/pool/plugins/org.eclipse.m2e.maven.runtime_3.9.400.20230826-0755/jars/maven-builder-support-3.9.4.jar
2023-12-02 22:49:11,109 [Worker-78: Launching Executing install in _Users_kasthoori_Exersice_micronautApps_exampleTwo_SpringMicroservice_product-service] INFO  o.eclipse.m2e.core.internal.Bundles - 	Entry: /Users/kasthoori/.p2/pool/plugins/org.eclipse.m2e.maven.runtime_3.9.400.20230826-0755/jars/maven-compat-3.9.4.jar
2023-12-02 22:49:11,109 [Worker-78: Launching Executing install in _Users_kasthoori_Exersice_micronautApps_exampleTwo_SpringMicroservice_product-service] INFO  o.eclipse.m2e.core.internal.Bundles - 	Entry: /Users/kasthoori/.p2/pool/plugins/org.eclipse.m2e.maven.runtime_3.9.400.20230826-0755/jars/maven-core-3.9.4.jar
2023-12-02 22:49:11,109 [Worker-78: Launching Executing install in _Users_kasthoori_Exersice_micronautApps_exampleTwo_SpringMicroservice_product-service] INFO  o.eclipse.m2e.core.internal.Bundles - 	Entry: /Users/kasthoori/.p2/pool/plugins/org.eclipse.m2e.maven.runtime_3.9.400.20230826-0755/jars/maven-embedder-3.9.4.jar
2023-12-02 22:49:11,109 [Worker-78: Launching Executing install in _Users_kasthoori_Exersice_micronautApps_exampleTwo_SpringMicroservice_product-service] INFO  o.eclipse.m2e.core.internal.Bundles - 	Entry: /Users/kasthoori/.p2/pool/plugins/org.eclipse.m2e.maven.runtime_3.9.400.20230826-0755/jars/maven-model-3.9.4.jar
2023-12-02 22:49:11,109 [Worker-78: Launching Executing install in _Users_kasthoori_Exersice_micronautApps_exampleTwo_SpringMicroservice_product-service] INFO  o.eclipse.m2e.core.internal.Bundles - 	Entry: /Users/kasthoori/.p2/pool/plugins/org.eclipse.m2e.maven.runtime_3.9.400.20230826-0755/jars/maven-model-builder-3.9.4.jar
2023-12-02 22:49:11,109 [Worker-78: Launching Executing install in _Users_kasthoori_Exersice_micronautApps_exampleTwo_SpringMicroservice_product-service] INFO  o.eclipse.m2e.core.internal.Bundles - 	Entry: /Users/kasthoori/.p2/pool/plugins/org.eclipse.m2e.maven.runtime_3.9.400.20230826-0755/jars/maven-plugin-api-3.9.4.jar
2023-12-02 22:49:11,109 [Worker-78: Launching Executing install in _Users_kasthoori_Exersice_micronautApps_exampleTwo_SpringMicroservice_product-service] INFO  o.eclipse.m2e.core.internal.Bundles - 	Entry: /Users/kasthoori/.p2/pool/plugins/org.eclipse.m2e.maven.runtime_3.9.400.20230826-0755/jars/maven-repository-metadata-3.9.4.jar
2023-12-02 22:49:11,109 [Worker-78: Launching Executing install in _Users_kasthoori_Exersice_micronautApps_exampleTwo_SpringMicroservice_product-service] INFO  o.eclipse.m2e.core.internal.Bundles - 	Entry: /Users/kasthoori/.p2/pool/plugins/org.eclipse.m2e.maven.runtime_3.9.400.20230826-0755/jars/maven-resolver-api-1.9.14.jar
2023-12-02 22:49:11,109 [Worker-78: Launching Executing install in _Users_kasthoori_Exersice_micronautApps_exampleTwo_SpringMicroservice_product-service] INFO  o.eclipse.m2e.core.internal.Bundles - 	Entry: /Users/kasthoori/.p2/pool/plugins/org.eclipse.m2e.maven.runtime_3.9.400.20230826-0755/jars/maven-resolver-connector-basic-1.9.14.jar
2023-12-02 22:49:11,109 [Worker-78: Launching Executing install in _Users_kasthoori_Exersice_micronautApps_exampleTwo_SpringMicroservice_product-service] INFO  o.eclipse.m2e.core.internal.Bundles - 	Entry: /Users/kasthoori/.p2/pool/plugins/org.eclipse.m2e.maven.runtime_3.9.400.20230826-0755/jars/maven-resolver-impl-1.9.14.jar
2023-12-02 22:49:11,109 [Worker-78: Launching Executing install in _Users_kasthoori_Exersice_micronautApps_exampleTwo_SpringMicroservice_product-service] INFO  o.eclipse.m2e.core.internal.Bundles - 	Entry: /Users/kasthoori/.p2/pool/plugins/org.eclipse.m2e.maven.runtime_3.9.400.20230826-0755/jars/maven-resolver-named-locks-1.9.14.jar
2023-12-02 22:49:11,109 [Worker-78: Launching Executing install in _Users_kasthoori_Exersice_micronautApps_exampleTwo_SpringMicroservice_product-service] INFO  o.eclipse.m2e.core.internal.Bundles - 	Entry: /Users/kasthoori/.p2/pool/plugins/org.eclipse.m2e.maven.runtime_3.9.400.20230826-0755/jars/maven-resolver-provider-3.9.4.jar
2023-12-02 22:49:11,109 [Worker-78: Launching Executing install in _Users_kasthoori_Exersice_micronautApps_exampleTwo_SpringMicroservice_product-service] INFO  o.eclipse.m2e.core.internal.Bundles - 	Entry: /Users/kasthoori/.p2/pool/plugins/org.eclipse.m2e.maven.runtime_3.9.400.20230826-0755/jars/maven-resolver-spi-1.9.14.jar
2023-12-02 22:49:11,109 [Worker-78: Launching Executing install in _Users_kasthoori_Exersice_micronautApps_exampleTwo_SpringMicroservice_product-service] INFO  o.eclipse.m2e.core.internal.Bundles - 	Entry: /Users/kasthoori/.p2/pool/plugins/org.eclipse.m2e.maven.runtime_3.9.400.20230826-0755/jars/maven-resolver-transport-wagon-1.9.14.jar
2023-12-02 22:49:11,109 [Worker-78: Launching Executing install in _Users_kasthoori_Exersice_micronautApps_exampleTwo_SpringMicroservice_product-service] INFO  o.eclipse.m2e.core.internal.Bundles - 	Entry: /Users/kasthoori/.p2/pool/plugins/org.eclipse.m2e.maven.runtime_3.9.400.20230826-0755/jars/maven-resolver-util-1.9.14.jar
2023-12-02 22:49:11,110 [Worker-78: Launching Executing install in _Users_kasthoori_Exersice_micronautApps_exampleTwo_SpringMicroservice_product-service] INFO  o.eclipse.m2e.core.internal.Bundles - 	Entry: /Users/kasthoori/.p2/pool/plugins/org.eclipse.m2e.maven.runtime_3.9.400.20230826-0755/jars/maven-settings-3.9.4.jar
2023-12-02 22:49:11,110 [Worker-78: Launching Executing install in _Users_kasthoori_Exersice_micronautApps_exampleTwo_SpringMicroservice_product-service] INFO  o.eclipse.m2e.core.internal.Bundles - 	Entry: /Users/kasthoori/.p2/pool/plugins/org.eclipse.m2e.maven.runtime_3.9.400.20230826-0755/jars/maven-settings-builder-3.9.4.jar
2023-12-02 22:49:11,110 [Worker-78: Launching Executing install in _Users_kasthoori_Exersice_micronautApps_exampleTwo_SpringMicroservice_product-service] INFO  o.eclipse.m2e.core.internal.Bundles - 	Entry: /Users/kasthoori/.p2/pool/plugins/org.eclipse.m2e.maven.runtime_3.9.400.20230826-0755/jars/maven-shared-utils-3.3.4.jar
2023-12-02 22:49:11,110 [Worker-78: Launching Executing install in _Users_kasthoori_Exersice_micronautApps_exampleTwo_SpringMicroservice_product-service] INFO  o.eclipse.m2e.core.internal.Bundles - 	Entry: /Users/kasthoori/.p2/pool/plugins/org.eclipse.m2e.maven.runtime_3.9.400.20230826-0755/jars/okhttp-3.14.1.jar
2023-12-02 22:49:11,110 [Worker-78: Launching Executing install in _Users_kasthoori_Exersice_micronautApps_exampleTwo_SpringMicroservice_product-service] INFO  o.eclipse.m2e.core.internal.Bundles - 	Entry: /Users/kasthoori/.p2/pool/plugins/org.eclipse.m2e.maven.runtime_3.9.400.20230826-0755/jars/okio-1.17.3.jar
2023-12-02 22:49:11,110 [Worker-78: Launching Executing install in _Users_kasthoori_Exersice_micronautApps_exampleTwo_SpringMicroservice_product-service] INFO  o.eclipse.m2e.core.internal.Bundles - 	Entry: /Users/kasthoori/.p2/pool/plugins/org.eclipse.m2e.maven.runtime_3.9.400.20230826-0755/jars/org.eclipse.sisu.inject-0.3.5.jar
2023-12-02 22:49:11,110 [Worker-78: Launching Executing install in _Users_kasthoori_Exersice_micronautApps_exampleTwo_SpringMicroservice_product-service] INFO  o.eclipse.m2e.core.internal.Bundles - 	Entry: /Users/kasthoori/.p2/pool/plugins/org.eclipse.m2e.maven.runtime_3.9.400.20230826-0755/jars/org.eclipse.sisu.plexus-0.3.5.jar
2023-12-02 22:49:11,110 [Worker-78: Launching Executing install in _Users_kasthoori_Exersice_micronautApps_exampleTwo_SpringMicroservice_product-service] INFO  o.eclipse.m2e.core.internal.Bundles - 	Entry: /Users/kasthoori/.p2/pool/plugins/org.eclipse.m2e.maven.runtime_3.9.400.20230826-0755/jars/plexus-build-api-0.0.7.jar
2023-12-02 22:49:11,110 [Worker-78: Launching Executing install in _Users_kasthoori_Exersice_micronautApps_exampleTwo_SpringMicroservice_product-service] INFO  o.eclipse.m2e.core.internal.Bundles - 	Entry: /Users/kasthoori/.p2/pool/plugins/org.eclipse.m2e.maven.runtime_3.9.400.20230826-0755/jars/plexus-cipher-2.0.jar
2023-12-02 22:49:11,110 [Worker-78: Launching Executing install in _Users_kasthoori_Exersice_micronautApps_exampleTwo_SpringMicroservice_product-service] INFO  o.eclipse.m2e.core.internal.Bundles - 	Entry: /Users/kasthoori/.p2/pool/plugins/org.eclipse.m2e.maven.runtime_3.9.400.20230826-0755/jars/plexus-classworlds-2.7.0.jar
2023-12-02 22:49:11,110 [Worker-78: Launching Executing install in _Users_kasthoori_Exersice_micronautApps_exampleTwo_SpringMicroservice_product-service] INFO  o.eclipse.m2e.core.internal.Bundles - 	Entry: /Users/kasthoori/.p2/pool/plugins/org.eclipse.m2e.maven.runtime_3.9.400.20230826-0755/jars/plexus-component-annotations-2.1.0.jar
2023-12-02 22:49:11,110 [Worker-78: Launching Executing install in _Users_kasthoori_Exersice_micronautApps_exampleTwo_SpringMicroservice_product-service] INFO  o.eclipse.m2e.core.internal.Bundles - 	Entry: /Users/kasthoori/.p2/pool/plugins/org.eclipse.m2e.maven.runtime_3.9.400.20230826-0755/jars/plexus-interpolation-1.26.jar
2023-12-02 22:49:11,110 [Worker-78: Launching Executing install in _Users_kasthoori_Exersice_micronautApps_exampleTwo_SpringMicroservice_product-service] INFO  o.eclipse.m2e.core.internal.Bundles - 	Entry: /Users/kasthoori/.p2/pool/plugins/org.eclipse.m2e.maven.runtime_3.9.400.20230826-0755/jars/plexus-sec-dispatcher-2.0.jar
2023-12-02 22:49:11,110 [Worker-78: Launching Executing install in _Users_kasthoori_Exersice_micronautApps_exampleTwo_SpringMicroservice_product-service] INFO  o.eclipse.m2e.core.internal.Bundles - 	Entry: /Users/kasthoori/.p2/pool/plugins/org.eclipse.m2e.maven.runtime_3.9.400.20230826-0755/jars/plexus-utils-3.5.1.jar
2023-12-02 22:49:11,110 [Worker-78: Launching Executing install in _Users_kasthoori_Exersice_micronautApps_exampleTwo_SpringMicroservice_product-service] INFO  o.eclipse.m2e.core.internal.Bundles - 	Entry: /Users/kasthoori/.p2/pool/plugins/org.eclipse.m2e.maven.runtime_3.9.400.20230826-0755/jars/wagon-file-3.5.3.jar
2023-12-02 22:49:11,110 [Worker-78: Launching Executing install in _Users_kasthoori_Exersice_micronautApps_exampleTwo_SpringMicroservice_product-service] INFO  o.eclipse.m2e.core.internal.Bundles - 	Entry: /Users/kasthoori/.p2/pool/plugins/org.eclipse.m2e.maven.runtime_3.9.400.20230826-0755/jars/wagon-provider-api-3.5.3.jar
2023-12-02 22:49:11,110 [Worker-78: Launching Executing install in _Users_kasthoori_Exersice_micronautApps_exampleTwo_SpringMicroservice_product-service] INFO  o.eclipse.m2e.core.internal.Bundles - getClasspathEntries(Bundle=com.google.guava_32.1.2.jre [12])
2023-12-02 22:49:11,110 [Worker-78: Launching Executing install in _Users_kasthoori_Exersice_micronautApps_exampleTwo_SpringMicroservice_product-service] INFO  o.eclipse.m2e.core.internal.Bundles - 	Entry: /Users/kasthoori/.p2/pool/plugins/com.google.guava_32.1.2.jre.jar
2023-12-02 22:49:11,110 [Worker-78: Launching Executing install in _Users_kasthoori_Exersice_micronautApps_exampleTwo_SpringMicroservice_product-service] INFO  o.eclipse.m2e.core.internal.Bundles - getClasspathEntries(Bundle=slf4j.api_2.0.9 [975])
2023-12-02 22:49:11,111 [Worker-78: Launching Executing install in _Users_kasthoori_Exersice_micronautApps_exampleTwo_SpringMicroservice_product-service] INFO  o.eclipse.m2e.core.internal.Bundles - 	Entry: /Users/kasthoori/.p2/pool/plugins/slf4j.api_2.0.9.jar
2023-12-02 22:49:11,111 [Worker-78: Launching Executing install in _Users_kasthoori_Exersice_micronautApps_exampleTwo_SpringMicroservice_product-service] INFO  o.eclipse.m2e.core.internal.Bundles - getClasspathEntries(Bundle=javax.inject_1.0.0.v20220405-0441 [38])
2023-12-02 22:49:11,111 [Worker-78: Launching Executing install in _Users_kasthoori_Exersice_micronautApps_exampleTwo_SpringMicroservice_product-service] INFO  o.eclipse.m2e.core.internal.Bundles - 	Entry: /Users/kasthoori/.p2/pool/plugins/javax.inject_1.0.0.v20220405-0441.jar
2023-12-02 22:49:11,111 [Worker-78: Launching Executing install in _Users_kasthoori_Exersice_micronautApps_exampleTwo_SpringMicroservice_product-service] INFO  o.eclipse.m2e.core.internal.Bundles - getClasspathEntries(Bundle=javax.annotation_1.3.5.v20200909-1856 [36])
2023-12-02 22:49:11,111 [Worker-78: Launching Executing install in _Users_kasthoori_Exersice_micronautApps_exampleTwo_SpringMicroservice_product-service] INFO  o.eclipse.m2e.core.internal.Bundles - 	Entry: /Users/kasthoori/.p2/pool/plugins/javax.annotation_1.3.5.v20200909-1856.jar
2023-12-02 22:49:11,111 [Worker-78: Launching Executing install in _Users_kasthoori_Exersice_micronautApps_exampleTwo_SpringMicroservice_product-service] INFO  o.eclipse.m2e.core.internal.Bundles - getClasspathEntries(Bundle=org.apache.commons.cli_1.5.0 [73])
2023-12-02 22:49:11,111 [Worker-78: Launching Executing install in _Users_kasthoori_Exersice_micronautApps_exampleTwo_SpringMicroservice_product-service] INFO  o.eclipse.m2e.core.internal.Bundles - 	Entry: /Users/kasthoori/.p2/pool/plugins/org.apache.commons.cli_1.5.0.jar
2023-12-02 22:49:11,111 [Worker-78: Launching Executing install in _Users_kasthoori_Exersice_micronautApps_exampleTwo_SpringMicroservice_product-service] INFO  o.eclipse.m2e.core.internal.Bundles - getClasspathEntries(Bundle=com.google.guava.failureaccess_1.0.1 [14])
2023-12-02 22:49:11,111 [Worker-78: Launching Executing install in _Users_kasthoori_Exersice_micronautApps_exampleTwo_SpringMicroservice_product-service] INFO  o.eclipse.m2e.core.internal.Bundles - 	Entry: /Users/kasthoori/.p2/pool/plugins/com.google.guava.failureaccess_1.0.1.jar
2023-12-02 22:49:11,134 [Worker-78: Launching Executing install in _Users_kasthoori_Exersice_micronautApps_exampleTwo_SpringMicroservice_product-service] INFO  o.e.m.i.launch.MavenLaunchDelegate - Run build in "/Users/kasthoori/Exersice/micronautApps/exampleTwo/SpringMicroservice/product-service":
2023-12-02 22:49:11,134 [Worker-78: Launching Executing install in _Users_kasthoori_Exersice_micronautApps_exampleTwo_SpringMicroservice_product-service] INFO  o.e.m.i.launch.MavenLaunchDelegate -  mvn  -B -Dstyle.color=always install
2023-12-02 22:52:43,632 [Worker-81: Building] INFO  o.a.m.s.f.DefaultMavenResourcesFiltering - Copying 1 resource from src/main/resources to target/classes
2023-12-02 22:52:43,654 [Worker-81: Building] INFO  o.a.m.s.f.DefaultMavenResourcesFiltering - Copying 0 resource from src/main/resources to target/classes
2023-12-02 22:52:43,657 [Worker-81: Building] INFO  o.a.m.s.f.DefaultMavenResourcesFiltering - Copying 0 resource from src/test/resources to target/test-classes
2023-12-02 22:53:10,448 [Worker-83: Building] INFO  o.a.m.s.f.DefaultMavenResourcesFiltering - Copying 1 resource from src/main/resources to target/classes
2023-12-02 22:53:10,451 [Worker-83: Building] INFO  o.a.m.s.f.DefaultMavenResourcesFiltering - Copying 0 resource from src/main/resources to target/classes
2023-12-02 22:53:10,453 [Worker-83: Building] INFO  o.a.m.s.f.DefaultMavenResourcesFiltering - Copying 0 resource from src/test/resources to target/test-classes
2023-12-02 22:55:05,161 [Worker-78: Building] INFO  o.a.m.s.f.DefaultMavenResourcesFiltering - Copying 1 resource from src/main/resources to target/classes
2023-12-02 22:55:05,165 [Worker-78: Building] INFO  o.a.m.s.f.DefaultMavenResourcesFiltering - Copying 0 resource from src/main/resources to target/classes
2023-12-02 22:55:05,167 [Worker-78: Building] INFO  o.a.m.s.f.DefaultMavenResourcesFiltering - Copying 0 resource from src/test/resources to target/test-classes
2023-12-02 22:56:03,273 [Worker-82: Building] INFO  o.a.m.s.f.DefaultMavenResourcesFiltering - Copying 1 resource from src/main/resources to target/classes
2023-12-02 22:56:03,277 [Worker-82: Building] INFO  o.a.m.s.f.DefaultMavenResourcesFiltering - Copying 0 resource from src/main/resources to target/classes
2023-12-02 22:56:03,279 [Worker-82: Building] INFO  o.a.m.s.f.DefaultMavenResourcesFiltering - Copying 0 resource from src/test/resources to target/test-classes
2023-12-02 22:58:07,984 [Worker-79: Building] INFO  o.e.m.c.i.l.LifecycleMappingFactory - Using org.eclipse.m2e.jdt.JarLifecycleMapping lifecycle mapping for MavenProject: com.programmingmicro:product-service:0.0.1-SNAPSHOT @ /Users/kasthoori/Exersice/micronautApps/exampleTwo/SpringMicroservice/product-service/pom.xml.
2023-12-02 22:58:08,679 [Worker-79: Building] INFO  o.a.m.s.f.DefaultMavenResourcesFiltering - Copying 0 resource from src/main/resources to target/classes
2023-12-02 22:58:08,679 [Worker-79: Building] INFO  o.a.m.s.f.DefaultMavenResourcesFiltering - Copying 0 resource from src/main/resources to target/classes
2023-12-02 22:58:08,682 [Worker-79: Building] INFO  o.a.m.s.f.DefaultMavenResourcesFiltering - Copying 0 resource from src/test/resources to target/test-classes
2023-12-02 22:58:59,344 [Worker-82: Building] INFO  o.a.m.s.f.DefaultMavenResourcesFiltering - Copying 1 resource from src/main/resources to target/classes
2023-12-02 22:58:59,667 [Worker-82: Building] INFO  o.a.m.s.f.DefaultMavenResourcesFiltering - Copying 0 resource from src/main/resources to target/classes
2023-12-02 22:58:59,670 [Worker-82: Building] INFO  o.a.m.s.f.DefaultMavenResourcesFiltering - Copying 0 resource from src/test/resources to target/test-classes
2023-12-02 23:07:45,932 [Worker-87: Building] INFO  o.a.m.s.f.DefaultMavenResourcesFiltering - Copying 1 resource from src/main/resources to target/classes
2023-12-02 23:07:45,967 [Worker-87: Building] INFO  o.a.m.s.f.DefaultMavenResourcesFiltering - Copying 0 resource from src/main/resources to target/classes
2023-12-02 23:07:45,969 [Worker-87: Building] INFO  o.a.m.s.f.DefaultMavenResourcesFiltering - Copying 0 resource from src/test/resources to target/test-classes
2023-12-02 23:10:29,140 [Worker-2: Loading available Gradle versions] INFO  o.e.b.c.i.u.g.PublishedGradleVersions - Gradle version information cache is up-to-date. Trying to read.
2023-12-02 23:13:35,435 [Worker-9: Loading available Gradle versions] INFO  o.e.b.c.i.u.g.PublishedGradleVersions - Gradle version information cache is up-to-date. Trying to read.
2023-12-02 23:16:03,426 [Worker-21: Building] INFO  o.a.m.s.f.DefaultMavenResourcesFiltering - Copying 1 resource from src/main/resources to target/classes
2023-12-02 23:16:03,969 [Worker-21: Building] INFO  o.a.m.s.f.DefaultMavenResourcesFiltering - Copying 0 resource from src/main/resources to target/classes
2023-12-02 23:16:03,974 [Worker-21: Building] INFO  o.a.m.s.f.DefaultMavenResourcesFiltering - Copying 0 resource from src/test/resources to target/test-classes
2023-12-02 23:18:10,856 [Worker-9: Building] INFO  o.a.m.s.f.DefaultMavenResourcesFiltering - Copying 1 resource from src/main/resources to target/classes
2023-12-02 23:18:10,862 [Worker-9: Building] INFO  o.a.m.s.f.DefaultMavenResourcesFiltering - Copying 0 resource from src/main/resources to target/classes
2023-12-02 23:18:10,874 [Worker-9: Building] INFO  o.a.m.s.f.DefaultMavenResourcesFiltering - Copying 0 resource from src/test/resources to target/test-classes
2023-12-02 23:18:33,353 [Worker-16: Building] INFO  o.a.m.s.f.DefaultMavenResourcesFiltering - Copying 1 resource from src/main/resources to target/classes
2023-12-02 23:18:33,448 [Worker-16: Building] INFO  o.a.m.s.f.DefaultMavenResourcesFiltering - Copying 0 resource from src/main/resources to target/classes
2023-12-02 23:18:33,450 [Worker-16: Building] INFO  o.a.m.s.f.DefaultMavenResourcesFiltering - Copying 0 resource from src/test/resources to target/test-classes
2023-12-02 23:29:00,339 [Worker-25: Building] INFO  o.a.m.s.f.DefaultMavenResourcesFiltering - Copying 1 resource from src/main/resources to target/classes
2023-12-02 23:29:00,405 [Worker-25: Building] INFO  o.a.m.s.f.DefaultMavenResourcesFiltering - Copying 0 resource from src/main/resources to target/classes
2023-12-02 23:29:00,438 [Worker-25: Building] INFO  o.a.m.s.f.DefaultMavenResourcesFiltering - Copying 0 resource from src/test/resources to target/test-classes
2023-12-02 23:34:20,348 [Worker-26: Building] INFO  o.a.m.s.f.DefaultMavenResourcesFiltering - Copying 1 resource from src/main/resources to target/classes
2023-12-02 23:34:20,358 [Worker-26: Building] INFO  o.a.m.s.f.DefaultMavenResourcesFiltering - Copying 0 resource from src/main/resources to target/classes
2023-12-02 23:34:20,361 [Worker-26: Building] INFO  o.a.m.s.f.DefaultMavenResourcesFiltering - Copying 0 resource from src/test/resources to target/test-classes
2023-12-03 10:47:54,080 [Worker-1: Loading available Gradle versions] INFO  o.e.b.c.i.u.g.PublishedGradleVersions - Gradle version information cache is up-to-date. Trying to read.
2023-12-03 11:25:46,864 [Worker-8: Loading available Gradle versions] INFO  o.e.b.c.i.u.g.PublishedGradleVersions - Gradle version information cache is up-to-date. Trying to read.
2023-12-03 15:55:12,284 [Worker-41: Building] INFO  o.a.m.s.f.DefaultMavenResourcesFiltering - Copying 1 resource from src/main/resources to target/classes
2023-12-03 15:55:12,457 [Worker-41: Building] INFO  o.a.m.s.f.DefaultMavenResourcesFiltering - Copying 0 resource from src/main/resources to target/classes
2023-12-03 15:55:12,462 [Worker-41: Building] INFO  o.a.m.s.f.DefaultMavenResourcesFiltering - Copying 0 resource from src/test/resources to target/test-classes
2023-12-03 19:18:12,285 [Worker-44: Building] INFO  o.a.m.s.f.DefaultMavenResourcesFiltering - Copying 1 resource from src/main/resources to target/classes
2023-12-03 19:18:12,393 [Worker-44: Building] INFO  o.a.m.s.f.DefaultMavenResourcesFiltering - Copying 0 resource from src/main/resources to target/classes
2023-12-03 19:18:12,396 [Worker-44: Building] INFO  o.a.m.s.f.DefaultMavenResourcesFiltering - Copying 0 resource from src/test/resources to target/test-classes
2023-12-03 19:36:10,517 [Worker-46: Building] INFO  o.a.m.s.f.DefaultMavenResourcesFiltering - Copying 1 resource from src/main/resources to target/classes
2023-12-03 19:36:10,539 [Worker-46: Building] INFO  o.a.m.s.f.DefaultMavenResourcesFiltering - Copying 0 resource from src/main/resources to target/classes
2023-12-03 19:36:10,543 [Worker-46: Building] INFO  o.a.m.s.f.DefaultMavenResourcesFiltering - Copying 0 resource from src/test/resources to target/test-classes
2023-12-03 19:58:52,126 [Worker-54: Building] INFO  o.a.m.s.f.DefaultMavenResourcesFiltering - Copying 1 resource from src/main/resources to target/classes
2023-12-03 19:58:52,325 [Worker-54: Building] INFO  o.a.m.s.f.DefaultMavenResourcesFiltering - Copying 0 resource from src/main/resources to target/classes
2023-12-03 19:58:52,341 [Worker-54: Building] INFO  o.a.m.s.f.DefaultMavenResourcesFiltering - Copying 0 resource from src/test/resources to target/test-classes
2023-12-03 19:59:19,968 [main] INFO  o.e.m2e.actions.ExecutePomAction - Creating new launch configuration
2024-10-18 18:22:06,129 [Worker-7: Loading available Gradle versions] INFO  o.e.b.c.i.u.g.PublishedGradleVersions - Gradle version information cache is up-to-date. Trying to read.
2024-10-18 18:28:53,481 [Worker-0: Import Getting Started Content] INFO  o.e.m.c.i.l.LifecycleMappingFactory - Using org.eclipse.m2e.jdt.JarLifecycleMapping lifecycle mapping for MavenProject: com.dev:product-service:0.0.1-SNAPSHOT @ /Users/anurakasthoori/projects/backend-application/spring-boot/SpringMicroservice/product-service/pom.xml.
2024-10-18 18:28:58,585 [Worker-0: Import Getting Started Content] INFO  o.e.m.j.i.AbstractJavaProjectConfigurator - Adding source folder /product-service/src/main/java
2024-10-18 18:28:58,586 [Worker-0: Import Getting Started Content] INFO  o.e.m.j.i.AbstractJavaProjectConfigurator - Adding resource folder /product-service/src/main/resources
2024-10-18 18:28:58,589 [Worker-0: Import Getting Started Content] INFO  o.e.m.j.i.AbstractJavaProjectConfigurator - Adding resource folder /product-service/src/main/resources
2024-10-18 18:28:58,590 [Worker-0: Import Getting Started Content] INFO  o.e.m.j.i.AbstractJavaProjectConfigurator - Adding source folder /product-service/src/test/java
2024-10-18 18:28:58,591 [Worker-0: Import Getting Started Content] INFO  o.e.m.j.i.AbstractJavaProjectConfigurator - Adding resource folder /product-service/src/test/resources
2024-10-18 18:29:03,337 [Worker-0: Import Getting Started Content] INFO  o.e.m.c.i.p.ProjectConfigurationManager - Imported and configured 1 project(s) in 15 sec
2024-10-18 18:29:03,339 [Worker-0: Import Getting Started Content] INFO  o.e.m.c.i.p.ProjectConfigurationManager - Update started
2024-10-18 18:29:03,514 [Worker-0: Import Getting Started Content] INFO  o.e.m.c.i.l.LifecycleMappingFactory - Using org.eclipse.m2e.jdt.JarLifecycleMapping lifecycle mapping for MavenProject: com.dev:product-service:0.0.1-SNAPSHOT @ /Users/anurakasthoori/projects/backend-application/spring-boot/SpringMicroservice/product-service/pom.xml.
2024-10-18 18:29:03,723 [Worker-0: Import Getting Started Content] INFO  o.e.m.j.i.AbstractJavaProjectConfigurator - Adding source folder /product-service/src/main/java
2024-10-18 18:29:03,724 [Worker-0: Import Getting Started Content] INFO  o.e.m.j.i.AbstractJavaProjectConfigurator - Adding resource folder /product-service/src/main/resources
2024-10-18 18:29:03,724 [Worker-0: Import Getting Started Content] INFO  o.e.m.j.i.AbstractJavaProjectConfigurator - Adding resource folder /product-service/src/main/resources
2024-10-18 18:29:03,725 [Worker-0: Import Getting Started Content] INFO  o.e.m.j.i.AbstractJavaProjectConfigurator - Adding source folder /product-service/src/test/java
2024-10-18 18:29:03,725 [Worker-0: Import Getting Started Content] INFO  o.e.m.j.i.AbstractJavaProjectConfigurator - Adding resource folder /product-service/src/test/resources
2024-10-18 18:29:06,726 [Worker-0: Import Getting Started Content] INFO  o.e.m.c.i.p.ProjectConfigurationManager - Update completed for 1 poms: local refresh takes 0.00 sec, refresh facades takes 0.00 sec, update config takes 0.00 sec 
2024-10-18 18:29:13,469 [Worker-18: Building] INFO  o.a.m.s.f.DefaultMavenResourcesFiltering - Copying 1 resource from src/main/resources to target/classes
2024-10-18 18:29:13,825 [Worker-18: Building] INFO  o.a.m.s.f.DefaultMavenResourcesFiltering - Copying 0 resource from src/main/resources to target/classes
2024-10-18 18:29:13,830 [Worker-18: Building] INFO  o.a.m.s.f.DefaultMavenResourcesFiltering - skip non existing resourceDirectory /Users/anurakasthoori/projects/backend-application/spring-boot/SpringMicroservice/product-service/src/test/resources
2024-10-18 18:30:24,425 [Worker-0: Launching Executing install in _Users_anurakasthoori_projects_backend-application_spring-boot_SpringMicroservice_product-service] INFO  o.eclipse.m2e.core.internal.Bundles - getClasspathEntries(Bundle=org.eclipse.m2e.maven.runtime_3.9.700.20240602-2313 [637])
2024-10-18 18:30:24,479 [Worker-0: Launching Executing install in _Users_anurakasthoori_projects_backend-application_spring-boot_SpringMicroservice_product-service] INFO  o.eclipse.m2e.core.internal.Bundles - 	Entry: /Users/anurakasthoori/.p2/pool/plugins/org.eclipse.m2e.maven.runtime_3.9.700.20240602-2313
2024-10-18 18:30:24,479 [Worker-0: Launching Executing install in _Users_anurakasthoori_projects_backend-application_spring-boot_SpringMicroservice_product-service] INFO  o.eclipse.m2e.core.internal.Bundles - 	Entry: /Users/anurakasthoori/.p2/pool/plugins/org.eclipse.m2e.maven.runtime_3.9.700.20240602-2313/jars/aopalliance-1.0.jar
2024-10-18 18:30:24,479 [Worker-0: Launching Executing install in _Users_anurakasthoori_projects_backend-application_spring-boot_SpringMicroservice_product-service] INFO  o.eclipse.m2e.core.internal.Bundles - 	Entry: /Users/anurakasthoori/.p2/pool/plugins/org.eclipse.m2e.maven.runtime_3.9.700.20240602-2313/jars/guice-5.1.0.jar
2024-10-18 18:30:24,479 [Worker-0: Launching Executing install in _Users_anurakasthoori_projects_backend-application_spring-boot_SpringMicroservice_product-service] INFO  o.eclipse.m2e.core.internal.Bundles - 	Entry: /Users/anurakasthoori/.p2/pool/plugins/org.eclipse.m2e.maven.runtime_3.9.700.20240602-2313/jars/httpclient-4.5.14.jar
2024-10-18 18:30:24,479 [Worker-0: Launching Executing install in _Users_anurakasthoori_projects_backend-application_spring-boot_SpringMicroservice_product-service] INFO  o.eclipse.m2e.core.internal.Bundles - 	Entry: /Users/anurakasthoori/.p2/pool/plugins/org.eclipse.m2e.maven.runtime_3.9.700.20240602-2313/jars/httpcore-4.4.16.jar
2024-10-18 18:30:24,479 [Worker-0: Launching Executing install in _Users_anurakasthoori_projects_backend-application_spring-boot_SpringMicroservice_product-service] INFO  o.eclipse.m2e.core.internal.Bundles - 	Entry: /Users/anurakasthoori/.p2/pool/plugins/org.eclipse.m2e.maven.runtime_3.9.700.20240602-2313/jars/jansi-2.4.1.jar
2024-10-18 18:30:24,480 [Worker-0: Launching Executing install in _Users_anurakasthoori_projects_backend-application_spring-boot_SpringMicroservice_product-service] INFO  o.eclipse.m2e.core.internal.Bundles - 	Entry: /Users/anurakasthoori/.p2/pool/plugins/org.eclipse.m2e.maven.runtime_3.9.700.20240602-2313/jars/jcl-over-slf4j-1.7.36.jar
2024-10-18 18:30:24,480 [Worker-0: Launching Executing install in _Users_anurakasthoori_projects_backend-application_spring-boot_SpringMicroservice_product-service] INFO  o.eclipse.m2e.core.internal.Bundles - 	Entry: /Users/anurakasthoori/.p2/pool/plugins/org.eclipse.m2e.maven.runtime_3.9.700.20240602-2313/jars/maven-artifact-3.9.7.jar
2024-10-18 18:30:24,480 [Worker-0: Launching Executing install in _Users_anurakasthoori_projects_backend-application_spring-boot_SpringMicroservice_product-service] INFO  o.eclipse.m2e.core.internal.Bundles - 	Entry: /Users/anurakasthoori/.p2/pool/plugins/org.eclipse.m2e.maven.runtime_3.9.700.20240602-2313/jars/maven-builder-support-3.9.7.jar
2024-10-18 18:30:24,480 [Worker-0: Launching Executing install in _Users_anurakasthoori_projects_backend-application_spring-boot_SpringMicroservice_product-service] INFO  o.eclipse.m2e.core.internal.Bundles - 	Entry: /Users/anurakasthoori/.p2/pool/plugins/org.eclipse.m2e.maven.runtime_3.9.700.20240602-2313/jars/maven-compat-3.9.7.jar
2024-10-18 18:30:24,480 [Worker-0: Launching Executing install in _Users_anurakasthoori_projects_backend-application_spring-boot_SpringMicroservice_product-service] INFO  o.eclipse.m2e.core.internal.Bundles - 	Entry: /Users/anurakasthoori/.p2/pool/plugins/org.eclipse.m2e.maven.runtime_3.9.700.20240602-2313/jars/maven-core-3.9.7.jar
2024-10-18 18:30:24,480 [Worker-0: Launching Executing install in _Users_anurakasthoori_projects_backend-application_spring-boot_SpringMicroservice_product-service] INFO  o.eclipse.m2e.core.internal.Bundles - 	Entry: /Users/anurakasthoori/.p2/pool/plugins/org.eclipse.m2e.maven.runtime_3.9.700.20240602-2313/jars/maven-embedder-3.9.7.jar
2024-10-18 18:30:24,480 [Worker-0: Launching Executing install in _Users_anurakasthoori_projects_backend-application_spring-boot_SpringMicroservice_product-service] INFO  o.eclipse.m2e.core.internal.Bundles - 	Entry: /Users/anurakasthoori/.p2/pool/plugins/org.eclipse.m2e.maven.runtime_3.9.700.20240602-2313/jars/maven-model-3.9.7.jar
2024-10-18 18:30:24,480 [Worker-0: Launching Executing install in _Users_anurakasthoori_projects_backend-application_spring-boot_SpringMicroservice_product-service] INFO  o.eclipse.m2e.core.internal.Bundles - 	Entry: /Users/anurakasthoori/.p2/pool/plugins/org.eclipse.m2e.maven.runtime_3.9.700.20240602-2313/jars/maven-model-builder-3.9.7.jar
2024-10-18 18:30:24,480 [Worker-0: Launching Executing install in _Users_anurakasthoori_projects_backend-application_spring-boot_SpringMicroservice_product-service] INFO  o.eclipse.m2e.core.internal.Bundles - 	Entry: /Users/anurakasthoori/.p2/pool/plugins/org.eclipse.m2e.maven.runtime_3.9.700.20240602-2313/jars/maven-plugin-api-3.9.7.jar
2024-10-18 18:30:24,480 [Worker-0: Launching Executing install in _Users_anurakasthoori_projects_backend-application_spring-boot_SpringMicroservice_product-service] INFO  o.eclipse.m2e.core.internal.Bundles - 	Entry: /Users/anurakasthoori/.p2/pool/plugins/org.eclipse.m2e.maven.runtime_3.9.700.20240602-2313/jars/maven-repository-metadata-3.9.7.jar
2024-10-18 18:30:24,480 [Worker-0: Launching Executing install in _Users_anurakasthoori_projects_backend-application_spring-boot_SpringMicroservice_product-service] INFO  o.eclipse.m2e.core.internal.Bundles - 	Entry: /Users/anurakasthoori/.p2/pool/plugins/org.eclipse.m2e.maven.runtime_3.9.700.20240602-2313/jars/maven-resolver-api-1.9.20.jar
2024-10-18 18:30:24,480 [Worker-0: Launching Executing install in _Users_anurakasthoori_projects_backend-application_spring-boot_SpringMicroservice_product-service] INFO  o.eclipse.m2e.core.internal.Bundles - 	Entry: /Users/anurakasthoori/.p2/pool/plugins/org.eclipse.m2e.maven.runtime_3.9.700.20240602-2313/jars/maven-resolver-connector-basic-1.9.20.jar
2024-10-18 18:30:24,480 [Worker-0: Launching Executing install in _Users_anurakasthoori_projects_backend-application_spring-boot_SpringMicroservice_product-service] INFO  o.eclipse.m2e.core.internal.Bundles - 	Entry: /Users/anurakasthoori/.p2/pool/plugins/org.eclipse.m2e.maven.runtime_3.9.700.20240602-2313/jars/maven-resolver-impl-1.9.20.jar
2024-10-18 18:30:24,480 [Worker-0: Launching Executing install in _Users_anurakasthoori_projects_backend-application_spring-boot_SpringMicroservice_product-service] INFO  o.eclipse.m2e.core.internal.Bundles - 	Entry: /Users/anurakasthoori/.p2/pool/plugins/org.eclipse.m2e.maven.runtime_3.9.700.20240602-2313/jars/maven-resolver-named-locks-1.9.20.jar
2024-10-18 18:30:24,480 [Worker-0: Launching Executing install in _Users_anurakasthoori_projects_backend-application_spring-boot_SpringMicroservice_product-service] INFO  o.eclipse.m2e.core.internal.Bundles - 	Entry: /Users/anurakasthoori/.p2/pool/plugins/org.eclipse.m2e.maven.runtime_3.9.700.20240602-2313/jars/maven-resolver-provider-3.9.7.jar
2024-10-18 18:30:24,481 [Worker-0: Launching Executing install in _Users_anurakasthoori_projects_backend-application_spring-boot_SpringMicroservice_product-service] INFO  o.eclipse.m2e.core.internal.Bundles - 	Entry: /Users/anurakasthoori/.p2/pool/plugins/org.eclipse.m2e.maven.runtime_3.9.700.20240602-2313/jars/maven-resolver-spi-1.9.20.jar
2024-10-18 18:30:24,481 [Worker-0: Launching Executing install in _Users_anurakasthoori_projects_backend-application_spring-boot_SpringMicroservice_product-service] INFO  o.eclipse.m2e.core.internal.Bundles - 	Entry: /Users/anurakasthoori/.p2/pool/plugins/org.eclipse.m2e.maven.runtime_3.9.700.20240602-2313/jars/maven-resolver-transport-file-1.9.20.jar
2024-10-18 18:30:24,481 [Worker-0: Launching Executing install in _Users_anurakasthoori_projects_backend-application_spring-boot_SpringMicroservice_product-service] INFO  o.eclipse.m2e.core.internal.Bundles - 	Entry: /Users/anurakasthoori/.p2/pool/plugins/org.eclipse.m2e.maven.runtime_3.9.700.20240602-2313/jars/maven-resolver-transport-http-1.9.20.jar
2024-10-18 18:30:24,481 [Worker-0: Launching Executing install in _Users_anurakasthoori_projects_backend-application_spring-boot_SpringMicroservice_product-service] INFO  o.eclipse.m2e.core.internal.Bundles - 	Entry: /Users/anurakasthoori/.p2/pool/plugins/org.eclipse.m2e.maven.runtime_3.9.700.20240602-2313/jars/maven-resolver-transport-wagon-1.9.20.jar
2024-10-18 18:30:24,481 [Worker-0: Launching Executing install in _Users_anurakasthoori_projects_backend-application_spring-boot_SpringMicroservice_product-service] INFO  o.eclipse.m2e.core.internal.Bundles - 	Entry: /Users/anurakasthoori/.p2/pool/plugins/org.eclipse.m2e.maven.runtime_3.9.700.20240602-2313/jars/maven-resolver-util-1.9.20.jar
2024-10-18 18:30:24,481 [Worker-0: Launching Executing install in _Users_anurakasthoori_projects_backend-application_spring-boot_SpringMicroservice_product-service] INFO  o.eclipse.m2e.core.internal.Bundles - 	Entry: /Users/anurakasthoori/.p2/pool/plugins/org.eclipse.m2e.maven.runtime_3.9.700.20240602-2313/jars/maven-settings-3.9.7.jar
2024-10-18 18:30:24,481 [Worker-0: Launching Executing install in _Users_anurakasthoori_projects_backend-application_spring-boot_SpringMicroservice_product-service] INFO  o.eclipse.m2e.core.internal.Bundles - 	Entry: /Users/anurakasthoori/.p2/pool/plugins/org.eclipse.m2e.maven.runtime_3.9.700.20240602-2313/jars/maven-settings-builder-3.9.7.jar
2024-10-18 18:30:24,481 [Worker-0: Launching Executing install in _Users_anurakasthoori_projects_backend-application_spring-boot_SpringMicroservice_product-service] INFO  o.eclipse.m2e.core.internal.Bundles - 	Entry: /Users/anurakasthoori/.p2/pool/plugins/org.eclipse.m2e.maven.runtime_3.9.700.20240602-2313/jars/maven-shared-utils-3.4.2.jar
2024-10-18 18:30:24,481 [Worker-0: Launching Executing install in _Users_anurakasthoori_projects_backend-application_spring-boot_SpringMicroservice_product-service] INFO  o.eclipse.m2e.core.internal.Bundles - 	Entry: /Users/anurakasthoori/.p2/pool/plugins/org.eclipse.m2e.maven.runtime_3.9.700.20240602-2313/jars/org.eclipse.sisu.inject-0.9.0.M2.jar
2024-10-18 18:30:24,481 [Worker-0: Launching Executing install in _Users_anurakasthoori_projects_backend-application_spring-boot_SpringMicroservice_product-service] INFO  o.eclipse.m2e.core.internal.Bundles - 	Entry: /Users/anurakasthoori/.p2/pool/plugins/org.eclipse.m2e.maven.runtime_3.9.700.20240602-2313/jars/org.eclipse.sisu.plexus-0.9.0.M2.jar
2024-10-18 18:30:24,481 [Worker-0: Launching Executing install in _Users_anurakasthoori_projects_backend-application_spring-boot_SpringMicroservice_product-service] INFO  o.eclipse.m2e.core.internal.Bundles - 	Entry: /Users/anurakasthoori/.p2/pool/plugins/org.eclipse.m2e.maven.runtime_3.9.700.20240602-2313/jars/plexus-build-api-0.0.7.jar
2024-10-18 18:30:24,481 [Worker-0: Launching Executing install in _Users_anurakasthoori_projects_backend-application_spring-boot_SpringMicroservice_product-service] INFO  o.eclipse.m2e.core.internal.Bundles - 	Entry: /Users/anurakasthoori/.p2/pool/plugins/org.eclipse.m2e.maven.runtime_3.9.700.20240602-2313/jars/plexus-build-api-1.2.0.jar
2024-10-18 18:30:24,481 [Worker-0: Launching Executing install in _Users_anurakasthoori_projects_backend-application_spring-boot_SpringMicroservice_product-service] INFO  o.eclipse.m2e.core.internal.Bundles - 	Entry: /Users/anurakasthoori/.p2/pool/plugins/org.eclipse.m2e.maven.runtime_3.9.700.20240602-2313/jars/plexus-cipher-2.0.jar
2024-10-18 18:30:24,482 [Worker-0: Launching Executing install in _Users_anurakasthoori_projects_backend-application_spring-boot_SpringMicroservice_product-service] INFO  o.eclipse.m2e.core.internal.Bundles - 	Entry: /Users/anurakasthoori/.p2/pool/plugins/org.eclipse.m2e.maven.runtime_3.9.700.20240602-2313/jars/plexus-classworlds-2.8.0.jar
2024-10-18 18:30:24,482 [Worker-0: Launching Executing install in _Users_anurakasthoori_projects_backend-application_spring-boot_SpringMicroservice_product-service] INFO  o.eclipse.m2e.core.internal.Bundles - 	Entry: /Users/anurakasthoori/.p2/pool/plugins/org.eclipse.m2e.maven.runtime_3.9.700.20240602-2313/jars/plexus-component-annotations-2.1.0.jar
2024-10-18 18:30:24,482 [Worker-0: Launching Executing install in _Users_anurakasthoori_projects_backend-application_spring-boot_SpringMicroservice_product-service] INFO  o.eclipse.m2e.core.internal.Bundles - 	Entry: /Users/anurakasthoori/.p2/pool/plugins/org.eclipse.m2e.maven.runtime_3.9.700.20240602-2313/jars/plexus-interpolation-1.27.jar
2024-10-18 18:30:24,482 [Worker-0: Launching Executing install in _Users_anurakasthoori_projects_backend-application_spring-boot_SpringMicroservice_product-service] INFO  o.eclipse.m2e.core.internal.Bundles - 	Entry: /Users/anurakasthoori/.p2/pool/plugins/org.eclipse.m2e.maven.runtime_3.9.700.20240602-2313/jars/plexus-sec-dispatcher-2.0.jar
2024-10-18 18:30:24,482 [Worker-0: Launching Executing install in _Users_anurakasthoori_projects_backend-application_spring-boot_SpringMicroservice_product-service] INFO  o.eclipse.m2e.core.internal.Bundles - 	Entry: /Users/anurakasthoori/.p2/pool/plugins/org.eclipse.m2e.maven.runtime_3.9.700.20240602-2313/jars/plexus-utils-3.5.1.jar
2024-10-18 18:30:24,482 [Worker-0: Launching Executing install in _Users_anurakasthoori_projects_backend-application_spring-boot_SpringMicroservice_product-service] INFO  o.eclipse.m2e.core.internal.Bundles - 	Entry: /Users/anurakasthoori/.p2/pool/plugins/org.eclipse.m2e.maven.runtime_3.9.700.20240602-2313/jars/wagon-file-3.5.3.jar
2024-10-18 18:30:24,482 [Worker-0: Launching Executing install in _Users_anurakasthoori_projects_backend-application_spring-boot_SpringMicroservice_product-service] INFO  o.eclipse.m2e.core.internal.Bundles - 	Entry: /Users/anurakasthoori/.p2/pool/plugins/org.eclipse.m2e.maven.runtime_3.9.700.20240602-2313/jars/wagon-http-3.5.3.jar
2024-10-18 18:30:24,482 [Worker-0: Launching Executing install in _Users_anurakasthoori_projects_backend-application_spring-boot_SpringMicroservice_product-service] INFO  o.eclipse.m2e.core.internal.Bundles - 	Entry: /Users/anurakasthoori/.p2/pool/plugins/org.eclipse.m2e.maven.runtime_3.9.700.20240602-2313/jars/wagon-http-shared-3.5.3.jar
2024-10-18 18:30:24,482 [Worker-0: Launching Executing install in _Users_anurakasthoori_projects_backend-application_spring-boot_SpringMicroservice_product-service] INFO  o.eclipse.m2e.core.internal.Bundles - 	Entry: /Users/anurakasthoori/.p2/pool/plugins/org.eclipse.m2e.maven.runtime_3.9.700.20240602-2313/jars/wagon-provider-api-3.5.3.jar
2024-10-18 18:30:24,483 [Worker-0: Launching Executing install in _Users_anurakasthoori_projects_backend-application_spring-boot_SpringMicroservice_product-service] INFO  o.eclipse.m2e.core.internal.Bundles - getClasspathEntries(Bundle=com.google.guava_33.2.0.jre [16])
2024-10-18 18:30:24,484 [Worker-0: Launching Executing install in _Users_anurakasthoori_projects_backend-application_spring-boot_SpringMicroservice_product-service] INFO  o.eclipse.m2e.core.internal.Bundles - 	Entry: /Users/anurakasthoori/.p2/pool/plugins/com.google.guava_33.2.0.jre.jar
2024-10-18 18:30:24,484 [Worker-0: Launching Executing install in _Users_anurakasthoori_projects_backend-application_spring-boot_SpringMicroservice_product-service] INFO  o.eclipse.m2e.core.internal.Bundles - getClasspathEntries(Bundle=slf4j.api_2.0.16 [1002])
2024-10-18 18:30:24,484 [Worker-0: Launching Executing install in _Users_anurakasthoori_projects_backend-application_spring-boot_SpringMicroservice_product-service] INFO  o.eclipse.m2e.core.internal.Bundles - 	Entry: /Users/anurakasthoori/.p2/pool/plugins/slf4j.api_2.0.16.jar
2024-10-18 18:30:24,484 [Worker-0: Launching Executing install in _Users_anurakasthoori_projects_backend-application_spring-boot_SpringMicroservice_product-service] INFO  o.eclipse.m2e.core.internal.Bundles - getClasspathEntries(Bundle=jakarta.inject.jakarta.inject-api_1.0.5 [33])
2024-10-18 18:30:24,484 [Worker-0: Launching Executing install in _Users_anurakasthoori_projects_backend-application_spring-boot_SpringMicroservice_product-service] INFO  o.eclipse.m2e.core.internal.Bundles - 	Entry: /Users/anurakasthoori/.p2/pool/plugins/jakarta.inject.jakarta.inject-api_1.0.5.jar
2024-10-18 18:30:24,484 [Worker-0: Launching Executing install in _Users_anurakasthoori_projects_backend-application_spring-boot_SpringMicroservice_product-service] INFO  o.eclipse.m2e.core.internal.Bundles - getClasspathEntries(Bundle=javax.annotation_1.3.5.v20200909-1856 [44])
2024-10-18 18:30:24,484 [Worker-0: Launching Executing install in _Users_anurakasthoori_projects_backend-application_spring-boot_SpringMicroservice_product-service] INFO  o.eclipse.m2e.core.internal.Bundles - 	Entry: /Users/anurakasthoori/.p2/pool/plugins/javax.annotation_1.3.5.v20200909-1856.jar
2024-10-18 18:30:24,484 [Worker-0: Launching Executing install in _Users_anurakasthoori_projects_backend-application_spring-boot_SpringMicroservice_product-service] INFO  o.eclipse.m2e.core.internal.Bundles - getClasspathEntries(Bundle=org.apache.commons.cli_1.8.0 [78])
2024-10-18 18:30:24,484 [Worker-0: Launching Executing install in _Users_anurakasthoori_projects_backend-application_spring-boot_SpringMicroservice_product-service] INFO  o.eclipse.m2e.core.internal.Bundles - 	Entry: /Users/anurakasthoori/.p2/pool/plugins/org.apache.commons.cli_1.8.0.jar
2024-10-18 18:30:24,484 [Worker-0: Launching Executing install in _Users_anurakasthoori_projects_backend-application_spring-boot_SpringMicroservice_product-service] INFO  o.eclipse.m2e.core.internal.Bundles - getClasspathEntries(Bundle=org.apache.commons.commons-codec_1.16.0 [81])
2024-10-18 18:30:24,484 [Worker-0: Launching Executing install in _Users_anurakasthoori_projects_backend-application_spring-boot_SpringMicroservice_product-service] INFO  o.eclipse.m2e.core.internal.Bundles - 	Entry: /Users/anurakasthoori/.p2/pool/plugins/org.apache.commons.commons-codec_1.16.0.jar
2024-10-18 18:30:24,484 [Worker-0: Launching Executing install in _Users_anurakasthoori_projects_backend-application_spring-boot_SpringMicroservice_product-service] INFO  o.eclipse.m2e.core.internal.Bundles - getClasspathEntries(Bundle=org.apache.commons.lang3_3.14.0 [89])
2024-10-18 18:30:24,485 [Worker-0: Launching Executing install in _Users_anurakasthoori_projects_backend-application_spring-boot_SpringMicroservice_product-service] INFO  o.eclipse.m2e.core.internal.Bundles - 	Entry: /Users/anurakasthoori/.p2/pool/plugins/org.apache.commons.lang3_3.14.0.jar
2024-10-18 18:30:24,485 [Worker-0: Launching Executing install in _Users_anurakasthoori_projects_backend-application_spring-boot_SpringMicroservice_product-service] INFO  o.eclipse.m2e.core.internal.Bundles - getClasspathEntries(Bundle=com.google.guava.failureaccess_1.0.2 [17])
2024-10-18 18:30:24,485 [Worker-0: Launching Executing install in _Users_anurakasthoori_projects_backend-application_spring-boot_SpringMicroservice_product-service] INFO  o.eclipse.m2e.core.internal.Bundles - 	Entry: /Users/anurakasthoori/.p2/pool/plugins/com.google.guava.failureaccess_1.0.2.jar
2024-10-18 18:30:24,925 [Worker-0: Launching Executing install in _Users_anurakasthoori_projects_backend-application_spring-boot_SpringMicroservice_product-service] INFO  o.e.m.i.launch.MavenLaunchDelegate - Run build in "/Users/anurakasthoori/projects/backend-application/spring-boot/SpringMicroservice/product-service":
2024-10-18 18:30:24,925 [Worker-0: Launching Executing install in _Users_anurakasthoori_projects_backend-application_spring-boot_SpringMicroservice_product-service] INFO  o.e.m.i.launch.MavenLaunchDelegate -  mvn  -Ppom.xml -B -Dstyle.color=always install
2024-10-18 18:38:06,643 [Worker-29: Building] INFO  o.a.m.s.f.DefaultMavenResourcesFiltering - Copying 1 resource from src/main/resources to target/classes
2024-10-18 18:38:06,836 [Worker-29: Building] INFO  o.a.m.s.f.DefaultMavenResourcesFiltering - Copying 0 resource from src/main/resources to target/classes
2024-10-18 18:38:06,839 [Worker-29: Building] INFO  o.a.m.s.f.DefaultMavenResourcesFiltering - skip non existing resourceDirectory /Users/anurakasthoori/projects/backend-application/spring-boot/SpringMicroservice/product-service/src/test/resources
2024-10-18 18:39:24,612 [Worker-30: Building] INFO  o.a.m.s.f.DefaultMavenResourcesFiltering - Copying 1 resource from src/main/resources to target/classes
2024-10-18 18:39:24,618 [Worker-30: Building] INFO  o.a.m.s.f.DefaultMavenResourcesFiltering - Copying 0 resource from src/main/resources to target/classes
2024-10-18 18:39:24,620 [Worker-30: Building] INFO  o.a.m.s.f.DefaultMavenResourcesFiltering - skip non existing resourceDirectory /Users/anurakasthoori/projects/backend-application/spring-boot/SpringMicroservice/product-service/src/test/resources
2024-10-18 18:44:56,573 [Worker-16: Building] INFO  o.a.m.s.f.DefaultMavenResourcesFiltering - Copying 1 resource from src/main/resources to target/classes
2024-10-18 18:44:56,608 [Worker-16: Building] INFO  o.a.m.s.f.DefaultMavenResourcesFiltering - Copying 0 resource from src/main/resources to target/classes
2024-10-18 18:44:56,610 [Worker-16: Building] INFO  o.a.m.s.f.DefaultMavenResourcesFiltering - skip non existing resourceDirectory /Users/anurakasthoori/projects/backend-application/spring-boot/SpringMicroservice/product-service/src/test/resources
2024-10-18 18:46:05,579 [Worker-31: Building] INFO  o.a.m.s.f.DefaultMavenResourcesFiltering - Copying 1 resource from src/main/resources to target/classes
2024-10-18 18:46:05,588 [Worker-31: Building] INFO  o.a.m.s.f.DefaultMavenResourcesFiltering - Copying 0 resource from src/main/resources to target/classes
2024-10-18 18:46:05,590 [Worker-31: Building] INFO  o.a.m.s.f.DefaultMavenResourcesFiltering - skip non existing resourceDirectory /Users/anurakasthoori/projects/backend-application/spring-boot/SpringMicroservice/product-service/src/test/resources
2024-10-18 18:47:42,422 [Worker-18: Building] INFO  o.a.m.s.f.DefaultMavenResourcesFiltering - Copying 1 resource from src/main/resources to target/classes
2024-10-18 18:47:42,425 [Worker-18: Building] INFO  o.a.m.s.f.DefaultMavenResourcesFiltering - Copying 0 resource from src/main/resources to target/classes
2024-10-18 18:47:42,427 [Worker-18: Building] INFO  o.a.m.s.f.DefaultMavenResourcesFiltering - skip non existing resourceDirectory /Users/anurakasthoori/projects/backend-application/spring-boot/SpringMicroservice/product-service/src/test/resources
2024-10-18 21:33:08,745 [Worker-36: Building] INFO  o.a.m.s.f.DefaultMavenResourcesFiltering - Copying 1 resource from src/main/resources to target/classes
2024-10-18 21:33:08,987 [Worker-36: Building] INFO  o.a.m.s.f.DefaultMavenResourcesFiltering - Copying 0 resource from src/main/resources to target/classes
2024-10-18 21:33:08,990 [Worker-36: Building] INFO  o.a.m.s.f.DefaultMavenResourcesFiltering - skip non existing resourceDirectory /Users/anurakasthoori/projects/backend-application/spring-boot/SpringMicroservice/product-service/src/test/resources
2024-10-18 21:38:15,486 [Worker-19: Building] INFO  o.a.m.s.f.DefaultMavenResourcesFiltering - Copying 1 resource from src/main/resources to target/classes
2024-10-18 21:38:15,608 [Worker-19: Building] INFO  o.a.m.s.f.DefaultMavenResourcesFiltering - Copying 0 resource from src/main/resources to target/classes
2024-10-18 21:38:15,610 [Worker-19: Building] INFO  o.a.m.s.f.DefaultMavenResourcesFiltering - skip non existing resourceDirectory /Users/anurakasthoori/projects/backend-application/spring-boot/SpringMicroservice/product-service/src/test/resources
2024-10-18 21:40:52,290 [Worker-32: Building] INFO  o.a.m.s.f.DefaultMavenResourcesFiltering - Copying 1 resource from src/main/resources to target/classes
2024-10-18 21:40:52,402 [Worker-32: Building] INFO  o.a.m.s.f.DefaultMavenResourcesFiltering - Copying 0 resource from src/main/resources to target/classes
2024-10-18 21:40:52,405 [Worker-32: Building] INFO  o.a.m.s.f.DefaultMavenResourcesFiltering - skip non existing resourceDirectory /Users/anurakasthoori/projects/backend-application/spring-boot/SpringMicroservice/product-service/src/test/resources
2024-10-18 21:40:56,953 [Worker-32: Building] INFO  o.a.m.s.f.DefaultMavenResourcesFiltering - Copying 1 resource from src/main/resources to target/classes
2024-10-18 21:40:56,973 [Worker-32: Building] INFO  o.a.m.s.f.DefaultMavenResourcesFiltering - Copying 0 resource from src/main/resources to target/classes
2024-10-18 21:40:56,978 [Worker-32: Building] INFO  o.a.m.s.f.DefaultMavenResourcesFiltering - skip non existing resourceDirectory /Users/anurakasthoori/projects/backend-application/spring-boot/SpringMicroservice/product-service/src/test/resources
2024-10-18 21:41:32,428 [Worker-36: Building] INFO  o.a.m.s.f.DefaultMavenResourcesFiltering - Copying 1 resource from src/main/resources to target/classes
2024-10-18 21:41:32,470 [Worker-36: Building] INFO  o.a.m.s.f.DefaultMavenResourcesFiltering - Copying 0 resource from src/main/resources to target/classes
2024-10-18 21:41:32,476 [Worker-36: Building] INFO  o.a.m.s.f.DefaultMavenResourcesFiltering - skip non existing resourceDirectory /Users/anurakasthoori/projects/backend-application/spring-boot/SpringMicroservice/product-service/src/test/resources
2024-10-18 21:56:10,154 [Worker-38: Building] INFO  o.a.m.s.f.DefaultMavenResourcesFiltering - Copying 1 resource from src/main/resources to target/classes
2024-10-18 21:56:10,213 [Worker-38: Building] INFO  o.a.m.s.f.DefaultMavenResourcesFiltering - Copying 0 resource from src/main/resources to target/classes
2024-10-18 21:56:10,215 [Worker-38: Building] INFO  o.a.m.s.f.DefaultMavenResourcesFiltering - skip non existing resourceDirectory /Users/anurakasthoori/projects/backend-application/spring-boot/SpringMicroservice/product-service/src/test/resources
2024-10-18 21:57:52,916 [Worker-8: Loading available Gradle versions] INFO  o.e.b.c.i.u.g.PublishedGradleVersions - Gradle version information cache is up-to-date. Trying to read.
2024-10-18 22:02:04,096 [Worker-19: Building] INFO  o.a.m.s.f.DefaultMavenResourcesFiltering - Copying 1 resource from src/main/resources to target/classes
2024-10-18 22:02:04,144 [Worker-19: Building] INFO  o.a.m.s.f.DefaultMavenResourcesFiltering - Copying 0 resource from src/main/resources to target/classes
2024-10-18 22:02:04,147 [Worker-19: Building] INFO  o.a.m.s.f.DefaultMavenResourcesFiltering - skip non existing resourceDirectory /Users/anurakasthoori/projects/backend-application/spring-boot/SpringMicroservice/product-service/src/test/resources
2024-10-18 22:21:07,393 [Worker-30: Building] INFO  o.a.m.s.f.DefaultMavenResourcesFiltering - Copying 1 resource from src/main/resources to target/classes
2024-10-18 22:21:07,554 [Worker-30: Building] INFO  o.a.m.s.f.DefaultMavenResourcesFiltering - Copying 0 resource from src/main/resources to target/classes
2024-10-18 22:21:07,556 [Worker-30: Building] INFO  o.a.m.s.f.DefaultMavenResourcesFiltering - skip non existing resourceDirectory /Users/anurakasthoori/projects/backend-application/spring-boot/SpringMicroservice/product-service/src/test/resources
2024-10-18 22:22:09,156 [Worker-27: Building] INFO  o.a.m.s.f.DefaultMavenResourcesFiltering - Copying 1 resource from src/main/resources to target/classes
2024-10-18 22:22:09,215 [Worker-27: Building] INFO  o.a.m.s.f.DefaultMavenResourcesFiltering - Copying 0 resource from src/main/resources to target/classes
2024-10-18 22:22:09,217 [Worker-27: Building] INFO  o.a.m.s.f.DefaultMavenResourcesFiltering - skip non existing resourceDirectory /Users/anurakasthoori/projects/backend-application/spring-boot/SpringMicroservice/product-service/src/test/resources
2024-10-18 22:25:18,574 [Worker-28: Building] INFO  o.a.m.s.f.DefaultMavenResourcesFiltering - Copying 1 resource from src/main/resources to target/classes
2024-10-18 22:25:18,692 [Worker-28: Building] INFO  o.a.m.s.f.DefaultMavenResourcesFiltering - Copying 0 resource from src/main/resources to target/classes
2024-10-18 22:25:18,695 [Worker-28: Building] INFO  o.a.m.s.f.DefaultMavenResourcesFiltering - skip non existing resourceDirectory /Users/anurakasthoori/projects/backend-application/spring-boot/SpringMicroservice/product-service/src/test/resources
2024-10-18 22:27:28,765 [Worker-32: Building] INFO  o.a.m.s.f.DefaultMavenResourcesFiltering - Copying 1 resource from src/main/resources to target/classes
2024-10-18 22:27:28,840 [Worker-32: Building] INFO  o.a.m.s.f.DefaultMavenResourcesFiltering - Copying 0 resource from src/main/resources to target/classes
2024-10-18 22:27:28,842 [Worker-32: Building] INFO  o.a.m.s.f.DefaultMavenResourcesFiltering - skip non existing resourceDirectory /Users/anurakasthoori/projects/backend-application/spring-boot/SpringMicroservice/product-service/src/test/resources
2024-10-21 08:28:57,301 [Worker-8: Loading available Gradle versions] INFO  o.e.b.c.i.u.g.PublishedGradleVersions - Gradle version information cache is out-of-date. Trying to update.
2024-10-22 09:22:28,795 [Worker-6: Loading available Gradle versions] INFO  o.e.b.c.i.u.g.PublishedGradleVersions - Gradle version information cache is out-of-date. Trying to update.
2024-10-22 11:17:04,982 [Worker-64: Building] INFO  o.a.m.s.f.DefaultMavenResourcesFiltering - Copying 1 resource from src/main/resources to target/classes
2024-10-22 11:17:05,059 [Worker-64: Building] INFO  o.a.m.s.f.DefaultMavenResourcesFiltering - Copying 0 resource from src/main/resources to target/classes
2024-10-22 11:17:05,062 [Worker-64: Building] INFO  o.a.m.s.f.DefaultMavenResourcesFiltering - skip non existing resourceDirectory /Users/anurakasthoori/projects/backend-application/spring-boot/SpringMicroservice/product-service/src/test/resources
2024-10-22 11:17:26,108 [Worker-63: Building] INFO  o.a.m.s.f.DefaultMavenResourcesFiltering - Copying 1 resource from src/main/resources to target/classes
2024-10-22 11:17:26,112 [Worker-63: Building] INFO  o.a.m.s.f.DefaultMavenResourcesFiltering - Copying 0 resource from src/main/resources to target/classes
2024-10-22 11:17:26,115 [Worker-63: Building] INFO  o.a.m.s.f.DefaultMavenResourcesFiltering - skip non existing resourceDirectory /Users/anurakasthoori/projects/backend-application/spring-boot/SpringMicroservice/product-service/src/test/resources
2024-10-22 11:19:50,254 [Worker-64: Building] INFO  o.a.m.s.f.DefaultMavenResourcesFiltering - Copying 1 resource from src/main/resources to target/classes
2024-10-22 11:19:50,258 [Worker-64: Building] INFO  o.a.m.s.f.DefaultMavenResourcesFiltering - Copying 0 resource from src/main/resources to target/classes
2024-10-22 11:19:50,261 [Worker-64: Building] INFO  o.a.m.s.f.DefaultMavenResourcesFiltering - skip non existing resourceDirectory /Users/anurakasthoori/projects/backend-application/spring-boot/SpringMicroservice/product-service/src/test/resources
2024-10-22 11:21:55,516 [Worker-62: Fetching remote refs from git@github.com:Kasthoori/SpringMicroservice.git] INFO  o.a.s.c.u.s.e.EdDSASecurityProviderRegistrar - getOrCreateProvider(EdDSA) created instance of net.i2p.crypto.eddsa.EdDSASecurityProvider
2024-10-22 11:21:55,737 [Worker-62: Fetching remote refs from git@github.com:Kasthoori/SpringMicroservice.git] INFO  o.a.s.c.i.DefaultIoServiceFactoryFactory - No detected/configured IoServiceFactoryFactory; using Nio2ServiceFactoryFactory
2024-10-22 11:39:09,870 [Worker-70: Building] INFO  o.a.m.s.f.DefaultMavenResourcesFiltering - Copying 1 resource from src/main/resources to target/classes
2024-10-22 11:39:09,895 [Worker-70: Building] INFO  o.a.m.s.f.DefaultMavenResourcesFiltering - Copying 0 resource from src/main/resources to target/classes
2024-10-22 11:39:09,898 [Worker-70: Building] INFO  o.a.m.s.f.DefaultMavenResourcesFiltering - skip non existing resourceDirectory /Users/anurakasthoori/projects/backend-application/spring-boot/SpringMicroservice/product-service/src/test/resources
2024-10-22 11:39:24,231 [Worker-70: Building] INFO  o.a.m.s.f.DefaultMavenResourcesFiltering - Copying 1 resource from src/main/resources to target/classes
2024-10-22 11:39:24,235 [Worker-70: Building] INFO  o.a.m.s.f.DefaultMavenResourcesFiltering - Copying 0 resource from src/main/resources to target/classes
2024-10-22 11:39:24,237 [Worker-70: Building] INFO  o.a.m.s.f.DefaultMavenResourcesFiltering - skip non existing resourceDirectory /Users/anurakasthoori/projects/backend-application/spring-boot/SpringMicroservice/product-service/src/test/resources
2024-10-22 12:45:40,115 [Worker-79: Building] INFO  o.a.m.s.f.DefaultMavenResourcesFiltering - Copying 1 resource from src/main/resources to target/classes
2024-10-22 12:45:40,184 [Worker-79: Building] INFO  o.a.m.s.f.DefaultMavenResourcesFiltering - Copying 0 resource from src/main/resources to target/classes
2024-10-22 12:45:40,188 [Worker-79: Building] INFO  o.a.m.s.f.DefaultMavenResourcesFiltering - skip non existing resourceDirectory /Users/anurakasthoori/projects/backend-application/spring-boot/SpringMicroservice/product-service/src/test/resources
2024-10-22 12:46:00,730 [Worker-81: Building] INFO  o.a.m.s.f.DefaultMavenResourcesFiltering - Copying 1 resource from src/main/resources to target/classes
2024-10-22 12:46:00,817 [Worker-81: Building] INFO  o.a.m.s.f.DefaultMavenResourcesFiltering - Copying 0 resource from src/main/resources to target/classes
2024-10-22 12:46:00,820 [Worker-81: Building] INFO  o.a.m.s.f.DefaultMavenResourcesFiltering - skip non existing resourceDirectory /Users/anurakasthoori/projects/backend-application/spring-boot/SpringMicroservice/product-service/src/test/resources
2024-10-22 12:46:17,819 [Worker-80: Building] INFO  o.a.m.s.f.DefaultMavenResourcesFiltering - Copying 1 resource from src/main/resources to target/classes
2024-10-22 12:46:17,823 [Worker-80: Building] INFO  o.a.m.s.f.DefaultMavenResourcesFiltering - Copying 0 resource from src/main/resources to target/classes
2024-10-22 12:46:17,825 [Worker-80: Building] INFO  o.a.m.s.f.DefaultMavenResourcesFiltering - skip non existing resourceDirectory /Users/anurakasthoori/projects/backend-application/spring-boot/SpringMicroservice/product-service/src/test/resources
2024-10-22 13:03:14,963 [Worker-85: Building] INFO  o.a.m.s.f.DefaultMavenResourcesFiltering - Copying 1 resource from src/main/resources to target/classes
2024-10-22 13:03:14,967 [Worker-85: Building] INFO  o.a.m.s.f.DefaultMavenResourcesFiltering - Copying 0 resource from src/main/resources to target/classes
2024-10-22 13:03:14,971 [Worker-85: Building] INFO  o.a.m.s.f.DefaultMavenResourcesFiltering - skip non existing resourceDirectory /Users/anurakasthoori/projects/backend-application/spring-boot/SpringMicroservice/product-service/src/test/resources
2024-10-22 13:03:30,914 [Worker-80: Building] INFO  o.a.m.s.f.DefaultMavenResourcesFiltering - Copying 1 resource from src/main/resources to target/classes
2024-10-22 13:03:30,928 [Worker-80: Building] INFO  o.a.m.s.f.DefaultMavenResourcesFiltering - Copying 0 resource from src/main/resources to target/classes
2024-10-22 13:03:30,931 [Worker-80: Building] INFO  o.a.m.s.f.DefaultMavenResourcesFiltering - skip non existing resourceDirectory /Users/anurakasthoori/projects/backend-application/spring-boot/SpringMicroservice/product-service/src/test/resources
2024-11-06 22:01:02,302 [Worker-8: Loading available Gradle versions] INFO  o.e.b.c.i.u.g.PublishedGradleVersions - Gradle version information cache is out-of-date. Trying to update.
2024-11-06 22:09:33,337 [Worker-7: Loading available Gradle versions] INFO  o.e.b.c.i.u.g.PublishedGradleVersions - Gradle version information cache is up-to-date. Trying to read.
2024-11-06 22:21:46,813 [Worker-4: Loading available Gradle versions] INFO  o.e.b.c.i.u.g.PublishedGradleVersions - Gradle version information cache is up-to-date. Trying to read.
2024-11-06 22:23:59,090 [ModalContext] INFO  o.e.m.c.i.e.AbstractTransferListenerAdapter - Downloading https://repo.maven.apache.org/maven2/org/apache/maven/archetypes/maven-archetype-quickstart/1.5/maven-archetype-quickstart-1.5.pom
2024-11-06 22:23:59,139 [ModalContext] INFO  o.e.m.c.i.e.AbstractTransferListenerAdapter - Downloaded https://repo.maven.apache.org/maven2/org/apache/maven/archetypes/maven-archetype-quickstart/1.5/maven-archetype-quickstart-1.5.pom
2024-11-06 22:23:59,180 [ModalContext] INFO  o.e.m.c.i.e.AbstractTransferListenerAdapter - Downloading https://repo.maven.apache.org/maven2/org/apache/maven/archetypes/maven-archetype-bundles/1.5/maven-archetype-bundles-1.5.pom
2024-11-06 22:23:59,183 [ModalContext] INFO  o.e.m.c.i.e.AbstractTransferListenerAdapter - Downloaded https://repo.maven.apache.org/maven2/org/apache/maven/archetypes/maven-archetype-bundles/1.5/maven-archetype-bundles-1.5.pom
2024-11-06 22:23:59,523 [ModalContext] INFO  o.e.m.c.i.e.AbstractTransferListenerAdapter - Downloading https://repo.maven.apache.org/maven2/org/apache/maven/archetypes/maven-archetype-quickstart/1.5/maven-archetype-quickstart-1.5.jar
2024-11-06 22:23:59,526 [ModalContext] INFO  o.e.m.c.i.e.AbstractTransferListenerAdapter - Downloaded https://repo.maven.apache.org/maven2/org/apache/maven/archetypes/maven-archetype-quickstart/1.5/maven-archetype-quickstart-1.5.jar
2024-11-06 22:24:35,792 [Worker-0: Launching mavenrun-518f6d0a-1232-4ada-a6e5-cb821fa682db] INFO  o.eclipse.m2e.core.internal.Bundles - getClasspathEntries(Bundle=org.eclipse.m2e.maven.runtime_3.9.700.20240602-2313 [637])
2024-11-06 22:24:35,793 [Worker-0: Launching mavenrun-518f6d0a-1232-4ada-a6e5-cb821fa682db] INFO  o.eclipse.m2e.core.internal.Bundles - 	Entry: /Users/anurakasthoori/.p2/pool/plugins/org.eclipse.m2e.maven.runtime_3.9.700.20240602-2313
2024-11-06 22:24:35,793 [Worker-0: Launching mavenrun-518f6d0a-1232-4ada-a6e5-cb821fa682db] INFO  o.eclipse.m2e.core.internal.Bundles - 	Entry: /Users/anurakasthoori/.p2/pool/plugins/org.eclipse.m2e.maven.runtime_3.9.700.20240602-2313/jars/aopalliance-1.0.jar
2024-11-06 22:24:35,794 [Worker-0: Launching mavenrun-518f6d0a-1232-4ada-a6e5-cb821fa682db] INFO  o.eclipse.m2e.core.internal.Bundles - 	Entry: /Users/anurakasthoori/.p2/pool/plugins/org.eclipse.m2e.maven.runtime_3.9.700.20240602-2313/jars/guice-5.1.0.jar
2024-11-06 22:24:35,794 [Worker-0: Launching mavenrun-518f6d0a-1232-4ada-a6e5-cb821fa682db] INFO  o.eclipse.m2e.core.internal.Bundles - 	Entry: /Users/anurakasthoori/.p2/pool/plugins/org.eclipse.m2e.maven.runtime_3.9.700.20240602-2313/jars/httpclient-4.5.14.jar
2024-11-06 22:24:35,794 [Worker-0: Launching mavenrun-518f6d0a-1232-4ada-a6e5-cb821fa682db] INFO  o.eclipse.m2e.core.internal.Bundles - 	Entry: /Users/anurakasthoori/.p2/pool/plugins/org.eclipse.m2e.maven.runtime_3.9.700.20240602-2313/jars/httpcore-4.4.16.jar
2024-11-06 22:24:35,794 [Worker-0: Launching mavenrun-518f6d0a-1232-4ada-a6e5-cb821fa682db] INFO  o.eclipse.m2e.core.internal.Bundles - 	Entry: /Users/anurakasthoori/.p2/pool/plugins/org.eclipse.m2e.maven.runtime_3.9.700.20240602-2313/jars/jansi-2.4.1.jar
2024-11-06 22:24:35,794 [Worker-0: Launching mavenrun-518f6d0a-1232-4ada-a6e5-cb821fa682db] INFO  o.eclipse.m2e.core.internal.Bundles - 	Entry: /Users/anurakasthoori/.p2/pool/plugins/org.eclipse.m2e.maven.runtime_3.9.700.20240602-2313/jars/jcl-over-slf4j-1.7.36.jar
2024-11-06 22:24:35,794 [Worker-0: Launching mavenrun-518f6d0a-1232-4ada-a6e5-cb821fa682db] INFO  o.eclipse.m2e.core.internal.Bundles - 	Entry: /Users/anurakasthoori/.p2/pool/plugins/org.eclipse.m2e.maven.runtime_3.9.700.20240602-2313/jars/maven-artifact-3.9.7.jar
2024-11-06 22:24:35,794 [Worker-0: Launching mavenrun-518f6d0a-1232-4ada-a6e5-cb821fa682db] INFO  o.eclipse.m2e.core.internal.Bundles - 	Entry: /Users/anurakasthoori/.p2/pool/plugins/org.eclipse.m2e.maven.runtime_3.9.700.20240602-2313/jars/maven-builder-support-3.9.7.jar
2024-11-06 22:24:35,794 [Worker-0: Launching mavenrun-518f6d0a-1232-4ada-a6e5-cb821fa682db] INFO  o.eclipse.m2e.core.internal.Bundles - 	Entry: /Users/anurakasthoori/.p2/pool/plugins/org.eclipse.m2e.maven.runtime_3.9.700.20240602-2313/jars/maven-compat-3.9.7.jar
2024-11-06 22:24:35,794 [Worker-0: Launching mavenrun-518f6d0a-1232-4ada-a6e5-cb821fa682db] INFO  o.eclipse.m2e.core.internal.Bundles - 	Entry: /Users/anurakasthoori/.p2/pool/plugins/org.eclipse.m2e.maven.runtime_3.9.700.20240602-2313/jars/maven-core-3.9.7.jar
2024-11-06 22:24:35,794 [Worker-0: Launching mavenrun-518f6d0a-1232-4ada-a6e5-cb821fa682db] INFO  o.eclipse.m2e.core.internal.Bundles - 	Entry: /Users/anurakasthoori/.p2/pool/plugins/org.eclipse.m2e.maven.runtime_3.9.700.20240602-2313/jars/maven-embedder-3.9.7.jar
2024-11-06 22:24:35,794 [Worker-0: Launching mavenrun-518f6d0a-1232-4ada-a6e5-cb821fa682db] INFO  o.eclipse.m2e.core.internal.Bundles - 	Entry: /Users/anurakasthoori/.p2/pool/plugins/org.eclipse.m2e.maven.runtime_3.9.700.20240602-2313/jars/maven-model-3.9.7.jar
2024-11-06 22:24:35,794 [Worker-0: Launching mavenrun-518f6d0a-1232-4ada-a6e5-cb821fa682db] INFO  o.eclipse.m2e.core.internal.Bundles - 	Entry: /Users/anurakasthoori/.p2/pool/plugins/org.eclipse.m2e.maven.runtime_3.9.700.20240602-2313/jars/maven-model-builder-3.9.7.jar
2024-11-06 22:24:35,794 [Worker-0: Launching mavenrun-518f6d0a-1232-4ada-a6e5-cb821fa682db] INFO  o.eclipse.m2e.core.internal.Bundles - 	Entry: /Users/anurakasthoori/.p2/pool/plugins/org.eclipse.m2e.maven.runtime_3.9.700.20240602-2313/jars/maven-plugin-api-3.9.7.jar
2024-11-06 22:24:35,794 [Worker-0: Launching mavenrun-518f6d0a-1232-4ada-a6e5-cb821fa682db] INFO  o.eclipse.m2e.core.internal.Bundles - 	Entry: /Users/anurakasthoori/.p2/pool/plugins/org.eclipse.m2e.maven.runtime_3.9.700.20240602-2313/jars/maven-repository-metadata-3.9.7.jar
2024-11-06 22:24:35,794 [Worker-0: Launching mavenrun-518f6d0a-1232-4ada-a6e5-cb821fa682db] INFO  o.eclipse.m2e.core.internal.Bundles - 	Entry: /Users/anurakasthoori/.p2/pool/plugins/org.eclipse.m2e.maven.runtime_3.9.700.20240602-2313/jars/maven-resolver-api-1.9.20.jar
2024-11-06 22:24:35,795 [Worker-0: Launching mavenrun-518f6d0a-1232-4ada-a6e5-cb821fa682db] INFO  o.eclipse.m2e.core.internal.Bundles - 	Entry: /Users/anurakasthoori/.p2/pool/plugins/org.eclipse.m2e.maven.runtime_3.9.700.20240602-2313/jars/maven-resolver-connector-basic-1.9.20.jar
2024-11-06 22:24:35,795 [Worker-0: Launching mavenrun-518f6d0a-1232-4ada-a6e5-cb821fa682db] INFO  o.eclipse.m2e.core.internal.Bundles - 	Entry: /Users/anurakasthoori/.p2/pool/plugins/org.eclipse.m2e.maven.runtime_3.9.700.20240602-2313/jars/maven-resolver-impl-1.9.20.jar
2024-11-06 22:24:35,795 [Worker-0: Launching mavenrun-518f6d0a-1232-4ada-a6e5-cb821fa682db] INFO  o.eclipse.m2e.core.internal.Bundles - 	Entry: /Users/anurakasthoori/.p2/pool/plugins/org.eclipse.m2e.maven.runtime_3.9.700.20240602-2313/jars/maven-resolver-named-locks-1.9.20.jar
2024-11-06 22:24:35,795 [Worker-0: Launching mavenrun-518f6d0a-1232-4ada-a6e5-cb821fa682db] INFO  o.eclipse.m2e.core.internal.Bundles - 	Entry: /Users/anurakasthoori/.p2/pool/plugins/org.eclipse.m2e.maven.runtime_3.9.700.20240602-2313/jars/maven-resolver-provider-3.9.7.jar
2024-11-06 22:24:35,795 [Worker-0: Launching mavenrun-518f6d0a-1232-4ada-a6e5-cb821fa682db] INFO  o.eclipse.m2e.core.internal.Bundles - 	Entry: /Users/anurakasthoori/.p2/pool/plugins/org.eclipse.m2e.maven.runtime_3.9.700.20240602-2313/jars/maven-resolver-spi-1.9.20.jar
2024-11-06 22:24:35,795 [Worker-0: Launching mavenrun-518f6d0a-1232-4ada-a6e5-cb821fa682db] INFO  o.eclipse.m2e.core.internal.Bundles - 	Entry: /Users/anurakasthoori/.p2/pool/plugins/org.eclipse.m2e.maven.runtime_3.9.700.20240602-2313/jars/maven-resolver-transport-file-1.9.20.jar
2024-11-06 22:24:35,795 [Worker-0: Launching mavenrun-518f6d0a-1232-4ada-a6e5-cb821fa682db] INFO  o.eclipse.m2e.core.internal.Bundles - 	Entry: /Users/anurakasthoori/.p2/pool/plugins/org.eclipse.m2e.maven.runtime_3.9.700.20240602-2313/jars/maven-resolver-transport-http-1.9.20.jar
2024-11-06 22:24:35,795 [Worker-0: Launching mavenrun-518f6d0a-1232-4ada-a6e5-cb821fa682db] INFO  o.eclipse.m2e.core.internal.Bundles - 	Entry: /Users/anurakasthoori/.p2/pool/plugins/org.eclipse.m2e.maven.runtime_3.9.700.20240602-2313/jars/maven-resolver-transport-wagon-1.9.20.jar
2024-11-06 22:24:35,795 [Worker-0: Launching mavenrun-518f6d0a-1232-4ada-a6e5-cb821fa682db] INFO  o.eclipse.m2e.core.internal.Bundles - 	Entry: /Users/anurakasthoori/.p2/pool/plugins/org.eclipse.m2e.maven.runtime_3.9.700.20240602-2313/jars/maven-resolver-util-1.9.20.jar
2024-11-06 22:24:35,795 [Worker-0: Launching mavenrun-518f6d0a-1232-4ada-a6e5-cb821fa682db] INFO  o.eclipse.m2e.core.internal.Bundles - 	Entry: /Users/anurakasthoori/.p2/pool/plugins/org.eclipse.m2e.maven.runtime_3.9.700.20240602-2313/jars/maven-settings-3.9.7.jar
2024-11-06 22:24:35,795 [Worker-0: Launching mavenrun-518f6d0a-1232-4ada-a6e5-cb821fa682db] INFO  o.eclipse.m2e.core.internal.Bundles - 	Entry: /Users/anurakasthoori/.p2/pool/plugins/org.eclipse.m2e.maven.runtime_3.9.700.20240602-2313/jars/maven-settings-builder-3.9.7.jar
2024-11-06 22:24:35,795 [Worker-0: Launching mavenrun-518f6d0a-1232-4ada-a6e5-cb821fa682db] INFO  o.eclipse.m2e.core.internal.Bundles - 	Entry: /Users/anurakasthoori/.p2/pool/plugins/org.eclipse.m2e.maven.runtime_3.9.700.20240602-2313/jars/maven-shared-utils-3.4.2.jar
2024-11-06 22:24:35,796 [Worker-0: Launching mavenrun-518f6d0a-1232-4ada-a6e5-cb821fa682db] INFO  o.eclipse.m2e.core.internal.Bundles - 	Entry: /Users/anurakasthoori/.p2/pool/plugins/org.eclipse.m2e.maven.runtime_3.9.700.20240602-2313/jars/org.eclipse.sisu.inject-0.9.0.M2.jar
2024-11-06 22:24:35,796 [Worker-0: Launching mavenrun-518f6d0a-1232-4ada-a6e5-cb821fa682db] INFO  o.eclipse.m2e.core.internal.Bundles - 	Entry: /Users/anurakasthoori/.p2/pool/plugins/org.eclipse.m2e.maven.runtime_3.9.700.20240602-2313/jars/org.eclipse.sisu.plexus-0.9.0.M2.jar
2024-11-06 22:24:35,796 [Worker-0: Launching mavenrun-518f6d0a-1232-4ada-a6e5-cb821fa682db] INFO  o.eclipse.m2e.core.internal.Bundles - 	Entry: /Users/anurakasthoori/.p2/pool/plugins/org.eclipse.m2e.maven.runtime_3.9.700.20240602-2313/jars/plexus-build-api-0.0.7.jar
2024-11-06 22:24:35,796 [Worker-0: Launching mavenrun-518f6d0a-1232-4ada-a6e5-cb821fa682db] INFO  o.eclipse.m2e.core.internal.Bundles - 	Entry: /Users/anurakasthoori/.p2/pool/plugins/org.eclipse.m2e.maven.runtime_3.9.700.20240602-2313/jars/plexus-build-api-1.2.0.jar
2024-11-06 22:24:35,796 [Worker-0: Launching mavenrun-518f6d0a-1232-4ada-a6e5-cb821fa682db] INFO  o.eclipse.m2e.core.internal.Bundles - 	Entry: /Users/anurakasthoori/.p2/pool/plugins/org.eclipse.m2e.maven.runtime_3.9.700.20240602-2313/jars/plexus-cipher-2.0.jar
2024-11-06 22:24:35,796 [Worker-0: Launching mavenrun-518f6d0a-1232-4ada-a6e5-cb821fa682db] INFO  o.eclipse.m2e.core.internal.Bundles - 	Entry: /Users/anurakasthoori/.p2/pool/plugins/org.eclipse.m2e.maven.runtime_3.9.700.20240602-2313/jars/plexus-classworlds-2.8.0.jar
2024-11-06 22:24:35,796 [Worker-0: Launching mavenrun-518f6d0a-1232-4ada-a6e5-cb821fa682db] INFO  o.eclipse.m2e.core.internal.Bundles - 	Entry: /Users/anurakasthoori/.p2/pool/plugins/org.eclipse.m2e.maven.runtime_3.9.700.20240602-2313/jars/plexus-component-annotations-2.1.0.jar
2024-11-06 22:24:35,796 [Worker-0: Launching mavenrun-518f6d0a-1232-4ada-a6e5-cb821fa682db] INFO  o.eclipse.m2e.core.internal.Bundles - 	Entry: /Users/anurakasthoori/.p2/pool/plugins/org.eclipse.m2e.maven.runtime_3.9.700.20240602-2313/jars/plexus-interpolation-1.27.jar
2024-11-06 22:24:35,796 [Worker-0: Launching mavenrun-518f6d0a-1232-4ada-a6e5-cb821fa682db] INFO  o.eclipse.m2e.core.internal.Bundles - 	Entry: /Users/anurakasthoori/.p2/pool/plugins/org.eclipse.m2e.maven.runtime_3.9.700.20240602-2313/jars/plexus-sec-dispatcher-2.0.jar
2024-11-06 22:24:35,796 [Worker-0: Launching mavenrun-518f6d0a-1232-4ada-a6e5-cb821fa682db] INFO  o.eclipse.m2e.core.internal.Bundles - 	Entry: /Users/anurakasthoori/.p2/pool/plugins/org.eclipse.m2e.maven.runtime_3.9.700.20240602-2313/jars/plexus-utils-3.5.1.jar
2024-11-06 22:24:35,796 [Worker-0: Launching mavenrun-518f6d0a-1232-4ada-a6e5-cb821fa682db] INFO  o.eclipse.m2e.core.internal.Bundles - 	Entry: /Users/anurakasthoori/.p2/pool/plugins/org.eclipse.m2e.maven.runtime_3.9.700.20240602-2313/jars/wagon-file-3.5.3.jar
2024-11-06 22:24:35,797 [Worker-0: Launching mavenrun-518f6d0a-1232-4ada-a6e5-cb821fa682db] INFO  o.eclipse.m2e.core.internal.Bundles - 	Entry: /Users/anurakasthoori/.p2/pool/plugins/org.eclipse.m2e.maven.runtime_3.9.700.20240602-2313/jars/wagon-http-3.5.3.jar
2024-11-06 22:24:35,797 [Worker-0: Launching mavenrun-518f6d0a-1232-4ada-a6e5-cb821fa682db] INFO  o.eclipse.m2e.core.internal.Bundles - 	Entry: /Users/anurakasthoori/.p2/pool/plugins/org.eclipse.m2e.maven.runtime_3.9.700.20240602-2313/jars/wagon-http-shared-3.5.3.jar
2024-11-06 22:24:35,797 [Worker-0: Launching mavenrun-518f6d0a-1232-4ada-a6e5-cb821fa682db] INFO  o.eclipse.m2e.core.internal.Bundles - 	Entry: /Users/anurakasthoori/.p2/pool/plugins/org.eclipse.m2e.maven.runtime_3.9.700.20240602-2313/jars/wagon-provider-api-3.5.3.jar
2024-11-06 22:24:35,799 [Worker-0: Launching mavenrun-518f6d0a-1232-4ada-a6e5-cb821fa682db] INFO  o.eclipse.m2e.core.internal.Bundles - getClasspathEntries(Bundle=com.google.guava_33.2.0.jre [16])
2024-11-06 22:24:35,799 [Worker-0: Launching mavenrun-518f6d0a-1232-4ada-a6e5-cb821fa682db] INFO  o.eclipse.m2e.core.internal.Bundles - 	Entry: /Users/anurakasthoori/.p2/pool/plugins/com.google.guava_33.2.0.jre.jar
2024-11-06 22:24:35,799 [Worker-0: Launching mavenrun-518f6d0a-1232-4ada-a6e5-cb821fa682db] INFO  o.eclipse.m2e.core.internal.Bundles - getClasspathEntries(Bundle=slf4j.api_2.0.16 [1002])
2024-11-06 22:24:35,799 [Worker-0: Launching mavenrun-518f6d0a-1232-4ada-a6e5-cb821fa682db] INFO  o.eclipse.m2e.core.internal.Bundles - 	Entry: /Users/anurakasthoori/.p2/pool/plugins/slf4j.api_2.0.16.jar
2024-11-06 22:24:35,799 [Worker-0: Launching mavenrun-518f6d0a-1232-4ada-a6e5-cb821fa682db] INFO  o.eclipse.m2e.core.internal.Bundles - getClasspathEntries(Bundle=jakarta.inject.jakarta.inject-api_1.0.5 [33])
2024-11-06 22:24:35,799 [Worker-0: Launching mavenrun-518f6d0a-1232-4ada-a6e5-cb821fa682db] INFO  o.eclipse.m2e.core.internal.Bundles - 	Entry: /Users/anurakasthoori/.p2/pool/plugins/jakarta.inject.jakarta.inject-api_1.0.5.jar
2024-11-06 22:24:35,800 [Worker-0: Launching mavenrun-518f6d0a-1232-4ada-a6e5-cb821fa682db] INFO  o.eclipse.m2e.core.internal.Bundles - getClasspathEntries(Bundle=javax.annotation_1.3.5.v20200909-1856 [44])
2024-11-06 22:24:35,800 [Worker-0: Launching mavenrun-518f6d0a-1232-4ada-a6e5-cb821fa682db] INFO  o.eclipse.m2e.core.internal.Bundles - 	Entry: /Users/anurakasthoori/.p2/pool/plugins/javax.annotation_1.3.5.v20200909-1856.jar
2024-11-06 22:24:35,800 [Worker-0: Launching mavenrun-518f6d0a-1232-4ada-a6e5-cb821fa682db] INFO  o.eclipse.m2e.core.internal.Bundles - getClasspathEntries(Bundle=org.apache.commons.cli_1.8.0 [78])
2024-11-06 22:24:35,800 [Worker-0: Launching mavenrun-518f6d0a-1232-4ada-a6e5-cb821fa682db] INFO  o.eclipse.m2e.core.internal.Bundles - 	Entry: /Users/anurakasthoori/.p2/pool/plugins/org.apache.commons.cli_1.8.0.jar
2024-11-06 22:24:35,800 [Worker-0: Launching mavenrun-518f6d0a-1232-4ada-a6e5-cb821fa682db] INFO  o.eclipse.m2e.core.internal.Bundles - getClasspathEntries(Bundle=org.apache.commons.commons-codec_1.16.0 [81])
2024-11-06 22:24:35,800 [Worker-0: Launching mavenrun-518f6d0a-1232-4ada-a6e5-cb821fa682db] INFO  o.eclipse.m2e.core.internal.Bundles - 	Entry: /Users/anurakasthoori/.p2/pool/plugins/org.apache.commons.commons-codec_1.16.0.jar
2024-11-06 22:24:35,800 [Worker-0: Launching mavenrun-518f6d0a-1232-4ada-a6e5-cb821fa682db] INFO  o.eclipse.m2e.core.internal.Bundles - getClasspathEntries(Bundle=org.apache.commons.lang3_3.14.0 [89])
2024-11-06 22:24:35,800 [Worker-0: Launching mavenrun-518f6d0a-1232-4ada-a6e5-cb821fa682db] INFO  o.eclipse.m2e.core.internal.Bundles - 	Entry: /Users/anurakasthoori/.p2/pool/plugins/org.apache.commons.lang3_3.14.0.jar
2024-11-06 22:24:35,800 [Worker-0: Launching mavenrun-518f6d0a-1232-4ada-a6e5-cb821fa682db] INFO  o.eclipse.m2e.core.internal.Bundles - getClasspathEntries(Bundle=com.google.guava.failureaccess_1.0.2 [17])
2024-11-06 22:24:35,800 [Worker-0: Launching mavenrun-518f6d0a-1232-4ada-a6e5-cb821fa682db] INFO  o.eclipse.m2e.core.internal.Bundles - 	Entry: /Users/anurakasthoori/.p2/pool/plugins/com.google.guava.failureaccess_1.0.2.jar
2024-11-06 22:24:35,822 [Worker-0: Launching mavenrun-518f6d0a-1232-4ada-a6e5-cb821fa682db] INFO  o.e.m.i.launch.MavenLaunchDelegate - Run build in "/var/folders/hc/kgzptjys053c42j59vrf6px00000gn/T/m2e-archetypeGenerator9561736002782853112":
2024-11-06 22:24:35,850 [Worker-0: Launching mavenrun-518f6d0a-1232-4ada-a6e5-cb821fa682db] INFO  o.e.m.i.launch.MavenLaunchDelegate -  mvn  -DjavaCompilerVersion=17 -DjunitVersion=5.11.0 -DarchetypeGroupId=org.apache.maven.archetypes -DarchetypeArtifactId=maven-archetype-quickstart -DarchetypeVersion=1.5 -DgroupId=com.ecommerce -DartifactId=monorepo -Dversion=0.0.1-SNAPSHOT -Dpackage=com.ecommerce.monorepo -DoutputDirectory=/Users/anurakasthoori/projects/backend-application/spring-boot/SpringMicroservice -Dstyle.color=always -U archetype:generate
2024-11-06 22:52:56,586 [Worker-1: Loading available Gradle versions] INFO  o.e.b.c.i.u.g.PublishedGradleVersions - Gradle version information cache is up-to-date. Trying to read.
2024-11-14 09:44:43,270 [Worker-7: Loading available Gradle versions] INFO  o.e.b.c.i.u.g.PublishedGradleVersions - Gradle version information cache is up-to-date. Trying to read.
2024-11-14 09:46:03,613 [Worker-2: Building] INFO  o.a.m.s.f.DefaultMavenResourcesFiltering - Copying 1 resource from src/main/resources to target/classes
2024-11-14 09:46:04,131 [Worker-2: Building] INFO  o.a.m.s.f.DefaultMavenResourcesFiltering - Copying 0 resource from src/main/resources to target/classes
2024-11-14 09:46:04,135 [Worker-2: Building] INFO  o.a.m.s.f.DefaultMavenResourcesFiltering - skip non existing resourceDirectory /Users/anurakasthoori/projects/backend-application/spring-boot/SpringMicroservice/product-service/src/test/resources
2024-11-14 09:49:30,921 [ModalContext] INFO  o.e.m.c.i.e.AbstractTransferListenerAdapter - Downloading https://repo.maven.apache.org/maven2/com/github/ywchang/maven-archetype-quickstart/1.1/maven-archetype-quickstart-1.1.pom
2024-11-14 09:49:30,930 [ModalContext] INFO  o.e.m.c.i.e.AbstractTransferListenerAdapter - Downloaded https://repo.maven.apache.org/maven2/com/github/ywchang/maven-archetype-quickstart/1.1/maven-archetype-quickstart-1.1.pom
2024-11-14 09:49:30,954 [ModalContext] INFO  o.e.m.c.i.e.AbstractTransferListenerAdapter - Downloading https://repo.maven.apache.org/maven2/com/github/ywchang/maven-archetype-quickstart/1.1/maven-archetype-quickstart-1.1.jar
2024-11-14 09:49:30,956 [ModalContext] INFO  o.e.m.c.i.e.AbstractTransferListenerAdapter - Downloaded https://repo.maven.apache.org/maven2/com/github/ywchang/maven-archetype-quickstart/1.1/maven-archetype-quickstart-1.1.jar
2024-11-14 09:49:54,957 [Worker-19: Launching mavenrun-4ec639ea-7baf-43d4-b5b0-d8091ed6e7e9] INFO  o.eclipse.m2e.core.internal.Bundles - getClasspathEntries(Bundle=org.eclipse.m2e.maven.runtime_3.9.700.20240602-2313 [637])
2024-11-14 09:49:54,958 [Worker-19: Launching mavenrun-4ec639ea-7baf-43d4-b5b0-d8091ed6e7e9] INFO  o.eclipse.m2e.core.internal.Bundles - 	Entry: /Users/anurakasthoori/.p2/pool/plugins/org.eclipse.m2e.maven.runtime_3.9.700.20240602-2313
2024-11-14 09:49:54,959 [Worker-19: Launching mavenrun-4ec639ea-7baf-43d4-b5b0-d8091ed6e7e9] INFO  o.eclipse.m2e.core.internal.Bundles - 	Entry: /Users/anurakasthoori/.p2/pool/plugins/org.eclipse.m2e.maven.runtime_3.9.700.20240602-2313/jars/aopalliance-1.0.jar
2024-11-14 09:49:54,959 [Worker-19: Launching mavenrun-4ec639ea-7baf-43d4-b5b0-d8091ed6e7e9] INFO  o.eclipse.m2e.core.internal.Bundles - 	Entry: /Users/anurakasthoori/.p2/pool/plugins/org.eclipse.m2e.maven.runtime_3.9.700.20240602-2313/jars/guice-5.1.0.jar
2024-11-14 09:49:54,959 [Worker-19: Launching mavenrun-4ec639ea-7baf-43d4-b5b0-d8091ed6e7e9] INFO  o.eclipse.m2e.core.internal.Bundles - 	Entry: /Users/anurakasthoori/.p2/pool/plugins/org.eclipse.m2e.maven.runtime_3.9.700.20240602-2313/jars/httpclient-4.5.14.jar
2024-11-14 09:49:54,959 [Worker-19: Launching mavenrun-4ec639ea-7baf-43d4-b5b0-d8091ed6e7e9] INFO  o.eclipse.m2e.core.internal.Bundles - 	Entry: /Users/anurakasthoori/.p2/pool/plugins/org.eclipse.m2e.maven.runtime_3.9.700.20240602-2313/jars/httpcore-4.4.16.jar
2024-11-14 09:49:54,959 [Worker-19: Launching mavenrun-4ec639ea-7baf-43d4-b5b0-d8091ed6e7e9] INFO  o.eclipse.m2e.core.internal.Bundles - 	Entry: /Users/anurakasthoori/.p2/pool/plugins/org.eclipse.m2e.maven.runtime_3.9.700.20240602-2313/jars/jansi-2.4.1.jar
2024-11-14 09:49:54,959 [Worker-19: Launching mavenrun-4ec639ea-7baf-43d4-b5b0-d8091ed6e7e9] INFO  o.eclipse.m2e.core.internal.Bundles - 	Entry: /Users/anurakasthoori/.p2/pool/plugins/org.eclipse.m2e.maven.runtime_3.9.700.20240602-2313/jars/jcl-over-slf4j-1.7.36.jar
2024-11-14 09:49:54,960 [Worker-19: Launching mavenrun-4ec639ea-7baf-43d4-b5b0-d8091ed6e7e9] INFO  o.eclipse.m2e.core.internal.Bundles - 	Entry: /Users/anurakasthoori/.p2/pool/plugins/org.eclipse.m2e.maven.runtime_3.9.700.20240602-2313/jars/maven-artifact-3.9.7.jar
2024-11-14 09:49:54,960 [Worker-19: Launching mavenrun-4ec639ea-7baf-43d4-b5b0-d8091ed6e7e9] INFO  o.eclipse.m2e.core.internal.Bundles - 	Entry: /Users/anurakasthoori/.p2/pool/plugins/org.eclipse.m2e.maven.runtime_3.9.700.20240602-2313/jars/maven-builder-support-3.9.7.jar
2024-11-14 09:49:54,960 [Worker-19: Launching mavenrun-4ec639ea-7baf-43d4-b5b0-d8091ed6e7e9] INFO  o.eclipse.m2e.core.internal.Bundles - 	Entry: /Users/anurakasthoori/.p2/pool/plugins/org.eclipse.m2e.maven.runtime_3.9.700.20240602-2313/jars/maven-compat-3.9.7.jar
2024-11-14 09:49:54,960 [Worker-19: Launching mavenrun-4ec639ea-7baf-43d4-b5b0-d8091ed6e7e9] INFO  o.eclipse.m2e.core.internal.Bundles - 	Entry: /Users/anurakasthoori/.p2/pool/plugins/org.eclipse.m2e.maven.runtime_3.9.700.20240602-2313/jars/maven-core-3.9.7.jar
2024-11-14 09:49:54,960 [Worker-19: Launching mavenrun-4ec639ea-7baf-43d4-b5b0-d8091ed6e7e9] INFO  o.eclipse.m2e.core.internal.Bundles - 	Entry: /Users/anurakasthoori/.p2/pool/plugins/org.eclipse.m2e.maven.runtime_3.9.700.20240602-2313/jars/maven-embedder-3.9.7.jar
2024-11-14 09:49:54,960 [Worker-19: Launching mavenrun-4ec639ea-7baf-43d4-b5b0-d8091ed6e7e9] INFO  o.eclipse.m2e.core.internal.Bundles - 	Entry: /Users/anurakasthoori/.p2/pool/plugins/org.eclipse.m2e.maven.runtime_3.9.700.20240602-2313/jars/maven-model-3.9.7.jar
2024-11-14 09:49:54,960 [Worker-19: Launching mavenrun-4ec639ea-7baf-43d4-b5b0-d8091ed6e7e9] INFO  o.eclipse.m2e.core.internal.Bundles - 	Entry: /Users/anurakasthoori/.p2/pool/plugins/org.eclipse.m2e.maven.runtime_3.9.700.20240602-2313/jars/maven-model-builder-3.9.7.jar
2024-11-14 09:49:54,960 [Worker-19: Launching mavenrun-4ec639ea-7baf-43d4-b5b0-d8091ed6e7e9] INFO  o.eclipse.m2e.core.internal.Bundles - 	Entry: /Users/anurakasthoori/.p2/pool/plugins/org.eclipse.m2e.maven.runtime_3.9.700.20240602-2313/jars/maven-plugin-api-3.9.7.jar
2024-11-14 09:49:54,960 [Worker-19: Launching mavenrun-4ec639ea-7baf-43d4-b5b0-d8091ed6e7e9] INFO  o.eclipse.m2e.core.internal.Bundles - 	Entry: /Users/anurakasthoori/.p2/pool/plugins/org.eclipse.m2e.maven.runtime_3.9.700.20240602-2313/jars/maven-repository-metadata-3.9.7.jar
2024-11-14 09:49:54,961 [Worker-19: Launching mavenrun-4ec639ea-7baf-43d4-b5b0-d8091ed6e7e9] INFO  o.eclipse.m2e.core.internal.Bundles - 	Entry: /Users/anurakasthoori/.p2/pool/plugins/org.eclipse.m2e.maven.runtime_3.9.700.20240602-2313/jars/maven-resolver-api-1.9.20.jar
2024-11-14 09:49:54,961 [Worker-19: Launching mavenrun-4ec639ea-7baf-43d4-b5b0-d8091ed6e7e9] INFO  o.eclipse.m2e.core.internal.Bundles - 	Entry: /Users/anurakasthoori/.p2/pool/plugins/org.eclipse.m2e.maven.runtime_3.9.700.20240602-2313/jars/maven-resolver-connector-basic-1.9.20.jar
2024-11-14 09:49:54,961 [Worker-19: Launching mavenrun-4ec639ea-7baf-43d4-b5b0-d8091ed6e7e9] INFO  o.eclipse.m2e.core.internal.Bundles - 	Entry: /Users/anurakasthoori/.p2/pool/plugins/org.eclipse.m2e.maven.runtime_3.9.700.20240602-2313/jars/maven-resolver-impl-1.9.20.jar
2024-11-14 09:49:54,961 [Worker-19: Launching mavenrun-4ec639ea-7baf-43d4-b5b0-d8091ed6e7e9] INFO  o.eclipse.m2e.core.internal.Bundles - 	Entry: /Users/anurakasthoori/.p2/pool/plugins/org.eclipse.m2e.maven.runtime_3.9.700.20240602-2313/jars/maven-resolver-named-locks-1.9.20.jar
2024-11-14 09:49:54,961 [Worker-19: Launching mavenrun-4ec639ea-7baf-43d4-b5b0-d8091ed6e7e9] INFO  o.eclipse.m2e.core.internal.Bundles - 	Entry: /Users/anurakasthoori/.p2/pool/plugins/org.eclipse.m2e.maven.runtime_3.9.700.20240602-2313/jars/maven-resolver-provider-3.9.7.jar
2024-11-14 09:49:54,961 [Worker-19: Launching mavenrun-4ec639ea-7baf-43d4-b5b0-d8091ed6e7e9] INFO  o.eclipse.m2e.core.internal.Bundles - 	Entry: /Users/anurakasthoori/.p2/pool/plugins/org.eclipse.m2e.maven.runtime_3.9.700.20240602-2313/jars/maven-resolver-spi-1.9.20.jar
2024-11-14 09:49:54,961 [Worker-19: Launching mavenrun-4ec639ea-7baf-43d4-b5b0-d8091ed6e7e9] INFO  o.eclipse.m2e.core.internal.Bundles - 	Entry: /Users/anurakasthoori/.p2/pool/plugins/org.eclipse.m2e.maven.runtime_3.9.700.20240602-2313/jars/maven-resolver-transport-file-1.9.20.jar
2024-11-14 09:49:54,961 [Worker-19: Launching mavenrun-4ec639ea-7baf-43d4-b5b0-d8091ed6e7e9] INFO  o.eclipse.m2e.core.internal.Bundles - 	Entry: /Users/anurakasthoori/.p2/pool/plugins/org.eclipse.m2e.maven.runtime_3.9.700.20240602-2313/jars/maven-resolver-transport-http-1.9.20.jar
2024-11-14 09:49:54,961 [Worker-19: Launching mavenrun-4ec639ea-7baf-43d4-b5b0-d8091ed6e7e9] INFO  o.eclipse.m2e.core.internal.Bundles - 	Entry: /Users/anurakasthoori/.p2/pool/plugins/org.eclipse.m2e.maven.runtime_3.9.700.20240602-2313/jars/maven-resolver-transport-wagon-1.9.20.jar
2024-11-14 09:49:54,961 [Worker-19: Launching mavenrun-4ec639ea-7baf-43d4-b5b0-d8091ed6e7e9] INFO  o.eclipse.m2e.core.internal.Bundles - 	Entry: /Users/anurakasthoori/.p2/pool/plugins/org.eclipse.m2e.maven.runtime_3.9.700.20240602-2313/jars/maven-resolver-util-1.9.20.jar
2024-11-14 09:49:54,962 [Worker-19: Launching mavenrun-4ec639ea-7baf-43d4-b5b0-d8091ed6e7e9] INFO  o.eclipse.m2e.core.internal.Bundles - 	Entry: /Users/anurakasthoori/.p2/pool/plugins/org.eclipse.m2e.maven.runtime_3.9.700.20240602-2313/jars/maven-settings-3.9.7.jar
2024-11-14 09:49:54,962 [Worker-19: Launching mavenrun-4ec639ea-7baf-43d4-b5b0-d8091ed6e7e9] INFO  o.eclipse.m2e.core.internal.Bundles - 	Entry: /Users/anurakasthoori/.p2/pool/plugins/org.eclipse.m2e.maven.runtime_3.9.700.20240602-2313/jars/maven-settings-builder-3.9.7.jar
2024-11-14 09:49:54,962 [Worker-19: Launching mavenrun-4ec639ea-7baf-43d4-b5b0-d8091ed6e7e9] INFO  o.eclipse.m2e.core.internal.Bundles - 	Entry: /Users/anurakasthoori/.p2/pool/plugins/org.eclipse.m2e.maven.runtime_3.9.700.20240602-2313/jars/maven-shared-utils-3.4.2.jar
2024-11-14 09:49:54,962 [Worker-19: Launching mavenrun-4ec639ea-7baf-43d4-b5b0-d8091ed6e7e9] INFO  o.eclipse.m2e.core.internal.Bundles - 	Entry: /Users/anurakasthoori/.p2/pool/plugins/org.eclipse.m2e.maven.runtime_3.9.700.20240602-2313/jars/org.eclipse.sisu.inject-0.9.0.M2.jar
2024-11-14 09:49:54,962 [Worker-19: Launching mavenrun-4ec639ea-7baf-43d4-b5b0-d8091ed6e7e9] INFO  o.eclipse.m2e.core.internal.Bundles - 	Entry: /Users/anurakasthoori/.p2/pool/plugins/org.eclipse.m2e.maven.runtime_3.9.700.20240602-2313/jars/org.eclipse.sisu.plexus-0.9.0.M2.jar
2024-11-14 09:49:54,962 [Worker-19: Launching mavenrun-4ec639ea-7baf-43d4-b5b0-d8091ed6e7e9] INFO  o.eclipse.m2e.core.internal.Bundles - 	Entry: /Users/anurakasthoori/.p2/pool/plugins/org.eclipse.m2e.maven.runtime_3.9.700.20240602-2313/jars/plexus-build-api-0.0.7.jar
2024-11-14 09:49:54,962 [Worker-19: Launching mavenrun-4ec639ea-7baf-43d4-b5b0-d8091ed6e7e9] INFO  o.eclipse.m2e.core.internal.Bundles - 	Entry: /Users/anurakasthoori/.p2/pool/plugins/org.eclipse.m2e.maven.runtime_3.9.700.20240602-2313/jars/plexus-build-api-1.2.0.jar
2024-11-14 09:49:54,962 [Worker-19: Launching mavenrun-4ec639ea-7baf-43d4-b5b0-d8091ed6e7e9] INFO  o.eclipse.m2e.core.internal.Bundles - 	Entry: /Users/anurakasthoori/.p2/pool/plugins/org.eclipse.m2e.maven.runtime_3.9.700.20240602-2313/jars/plexus-cipher-2.0.jar
2024-11-14 09:49:54,962 [Worker-19: Launching mavenrun-4ec639ea-7baf-43d4-b5b0-d8091ed6e7e9] INFO  o.eclipse.m2e.core.internal.Bundles - 	Entry: /Users/anurakasthoori/.p2/pool/plugins/org.eclipse.m2e.maven.runtime_3.9.700.20240602-2313/jars/plexus-classworlds-2.8.0.jar
2024-11-14 09:49:54,962 [Worker-19: Launching mavenrun-4ec639ea-7baf-43d4-b5b0-d8091ed6e7e9] INFO  o.eclipse.m2e.core.internal.Bundles - 	Entry: /Users/anurakasthoori/.p2/pool/plugins/org.eclipse.m2e.maven.runtime_3.9.700.20240602-2313/jars/plexus-component-annotations-2.1.0.jar
2024-11-14 09:49:54,963 [Worker-19: Launching mavenrun-4ec639ea-7baf-43d4-b5b0-d8091ed6e7e9] INFO  o.eclipse.m2e.core.internal.Bundles - 	Entry: /Users/anurakasthoori/.p2/pool/plugins/org.eclipse.m2e.maven.runtime_3.9.700.20240602-2313/jars/plexus-interpolation-1.27.jar
2024-11-14 09:49:54,963 [Worker-19: Launching mavenrun-4ec639ea-7baf-43d4-b5b0-d8091ed6e7e9] INFO  o.eclipse.m2e.core.internal.Bundles - 	Entry: /Users/anurakasthoori/.p2/pool/plugins/org.eclipse.m2e.maven.runtime_3.9.700.20240602-2313/jars/plexus-sec-dispatcher-2.0.jar
2024-11-14 09:49:54,963 [Worker-19: Launching mavenrun-4ec639ea-7baf-43d4-b5b0-d8091ed6e7e9] INFO  o.eclipse.m2e.core.internal.Bundles - 	Entry: /Users/anurakasthoori/.p2/pool/plugins/org.eclipse.m2e.maven.runtime_3.9.700.20240602-2313/jars/plexus-utils-3.5.1.jar
2024-11-14 09:49:54,963 [Worker-19: Launching mavenrun-4ec639ea-7baf-43d4-b5b0-d8091ed6e7e9] INFO  o.eclipse.m2e.core.internal.Bundles - 	Entry: /Users/anurakasthoori/.p2/pool/plugins/org.eclipse.m2e.maven.runtime_3.9.700.20240602-2313/jars/wagon-file-3.5.3.jar
2024-11-14 09:49:54,963 [Worker-19: Launching mavenrun-4ec639ea-7baf-43d4-b5b0-d8091ed6e7e9] INFO  o.eclipse.m2e.core.internal.Bundles - 	Entry: /Users/anurakasthoori/.p2/pool/plugins/org.eclipse.m2e.maven.runtime_3.9.700.20240602-2313/jars/wagon-http-3.5.3.jar
2024-11-14 09:49:54,963 [Worker-19: Launching mavenrun-4ec639ea-7baf-43d4-b5b0-d8091ed6e7e9] INFO  o.eclipse.m2e.core.internal.Bundles - 	Entry: /Users/anurakasthoori/.p2/pool/plugins/org.eclipse.m2e.maven.runtime_3.9.700.20240602-2313/jars/wagon-http-shared-3.5.3.jar
2024-11-14 09:49:54,963 [Worker-19: Launching mavenrun-4ec639ea-7baf-43d4-b5b0-d8091ed6e7e9] INFO  o.eclipse.m2e.core.internal.Bundles - 	Entry: /Users/anurakasthoori/.p2/pool/plugins/org.eclipse.m2e.maven.runtime_3.9.700.20240602-2313/jars/wagon-provider-api-3.5.3.jar
2024-11-14 09:49:54,965 [Worker-19: Launching mavenrun-4ec639ea-7baf-43d4-b5b0-d8091ed6e7e9] INFO  o.eclipse.m2e.core.internal.Bundles - getClasspathEntries(Bundle=com.google.guava_33.2.0.jre [16])
2024-11-14 09:49:54,965 [Worker-19: Launching mavenrun-4ec639ea-7baf-43d4-b5b0-d8091ed6e7e9] INFO  o.eclipse.m2e.core.internal.Bundles - 	Entry: /Users/anurakasthoori/.p2/pool/plugins/com.google.guava_33.2.0.jre.jar
2024-11-14 09:49:54,965 [Worker-19: Launching mavenrun-4ec639ea-7baf-43d4-b5b0-d8091ed6e7e9] INFO  o.eclipse.m2e.core.internal.Bundles - getClasspathEntries(Bundle=slf4j.api_2.0.16 [1002])
2024-11-14 09:49:54,965 [Worker-19: Launching mavenrun-4ec639ea-7baf-43d4-b5b0-d8091ed6e7e9] INFO  o.eclipse.m2e.core.internal.Bundles - 	Entry: /Users/anurakasthoori/.p2/pool/plugins/slf4j.api_2.0.16.jar
2024-11-14 09:49:54,965 [Worker-19: Launching mavenrun-4ec639ea-7baf-43d4-b5b0-d8091ed6e7e9] INFO  o.eclipse.m2e.core.internal.Bundles - getClasspathEntries(Bundle=jakarta.inject.jakarta.inject-api_1.0.5 [33])
2024-11-14 09:49:54,965 [Worker-19: Launching mavenrun-4ec639ea-7baf-43d4-b5b0-d8091ed6e7e9] INFO  o.eclipse.m2e.core.internal.Bundles - 	Entry: /Users/anurakasthoori/.p2/pool/plugins/jakarta.inject.jakarta.inject-api_1.0.5.jar
2024-11-14 09:49:54,965 [Worker-19: Launching mavenrun-4ec639ea-7baf-43d4-b5b0-d8091ed6e7e9] INFO  o.eclipse.m2e.core.internal.Bundles - getClasspathEntries(Bundle=javax.annotation_1.3.5.v20200909-1856 [44])
2024-11-14 09:49:54,965 [Worker-19: Launching mavenrun-4ec639ea-7baf-43d4-b5b0-d8091ed6e7e9] INFO  o.eclipse.m2e.core.internal.Bundles - 	Entry: /Users/anurakasthoori/.p2/pool/plugins/javax.annotation_1.3.5.v20200909-1856.jar
2024-11-14 09:49:54,965 [Worker-19: Launching mavenrun-4ec639ea-7baf-43d4-b5b0-d8091ed6e7e9] INFO  o.eclipse.m2e.core.internal.Bundles - getClasspathEntries(Bundle=org.apache.commons.cli_1.8.0 [78])
2024-11-14 09:49:54,966 [Worker-19: Launching mavenrun-4ec639ea-7baf-43d4-b5b0-d8091ed6e7e9] INFO  o.eclipse.m2e.core.internal.Bundles - 	Entry: /Users/anurakasthoori/.p2/pool/plugins/org.apache.commons.cli_1.8.0.jar
2024-11-14 09:49:54,966 [Worker-19: Launching mavenrun-4ec639ea-7baf-43d4-b5b0-d8091ed6e7e9] INFO  o.eclipse.m2e.core.internal.Bundles - getClasspathEntries(Bundle=org.apache.commons.commons-codec_1.16.0 [81])
2024-11-14 09:49:54,966 [Worker-19: Launching mavenrun-4ec639ea-7baf-43d4-b5b0-d8091ed6e7e9] INFO  o.eclipse.m2e.core.internal.Bundles - 	Entry: /Users/anurakasthoori/.p2/pool/plugins/org.apache.commons.commons-codec_1.16.0.jar
2024-11-14 09:49:54,966 [Worker-19: Launching mavenrun-4ec639ea-7baf-43d4-b5b0-d8091ed6e7e9] INFO  o.eclipse.m2e.core.internal.Bundles - getClasspathEntries(Bundle=org.apache.commons.lang3_3.14.0 [89])
2024-11-14 09:49:54,966 [Worker-19: Launching mavenrun-4ec639ea-7baf-43d4-b5b0-d8091ed6e7e9] INFO  o.eclipse.m2e.core.internal.Bundles - 	Entry: /Users/anurakasthoori/.p2/pool/plugins/org.apache.commons.lang3_3.14.0.jar
2024-11-14 09:49:54,966 [Worker-19: Launching mavenrun-4ec639ea-7baf-43d4-b5b0-d8091ed6e7e9] INFO  o.eclipse.m2e.core.internal.Bundles - getClasspathEntries(Bundle=com.google.guava.failureaccess_1.0.2 [17])
2024-11-14 09:49:54,966 [Worker-19: Launching mavenrun-4ec639ea-7baf-43d4-b5b0-d8091ed6e7e9] INFO  o.eclipse.m2e.core.internal.Bundles - 	Entry: /Users/anurakasthoori/.p2/pool/plugins/com.google.guava.failureaccess_1.0.2.jar
2024-11-14 09:49:55,047 [Worker-19: Launching mavenrun-4ec639ea-7baf-43d4-b5b0-d8091ed6e7e9] INFO  o.e.m.i.launch.MavenLaunchDelegate - Run build in "/var/folders/hc/kgzptjys053c42j59vrf6px00000gn/T/m2e-archetypeGenerator1400727819172486431":
2024-11-14 09:49:55,050 [Worker-19: Launching mavenrun-4ec639ea-7baf-43d4-b5b0-d8091ed6e7e9] INFO  o.e.m.i.launch.MavenLaunchDelegate -  mvn  -DarchetypeGroupId=com.github.ywchang -DarchetypeArtifactId=maven-archetype-quickstart -DarchetypeVersion=1.1 -DgroupId=com.ecommerce -DartifactId=ms-service -Dversion=0.0.1-SNAPSHOT -Dpackage=com.ecommerce.ms_service -DoutputDirectory=/Users/anurakasthoori/projects/backend-application/spring-boot/SpringMicroservice -Dstyle.color=always -U archetype:generate
2024-11-14 10:01:51,569 [Worker-5: Loading available Gradle versions] INFO  o.e.b.c.i.u.g.PublishedGradleVersions - Gradle version information cache is up-to-date. Trying to read.
2024-11-14 10:07:22,856 [Worker-4: Loading available Gradle versions] INFO  o.e.b.c.i.u.g.PublishedGradleVersions - Gradle version information cache is up-to-date. Trying to read.
2024-11-14 12:14:56,457 [Worker-30: Launching mavenrun-48a5efbf-d709-4301-9cbd-25ca9a14ad51] INFO  o.eclipse.m2e.core.internal.Bundles - getClasspathEntries(Bundle=org.eclipse.m2e.maven.runtime_3.9.700.20240602-2313 [637])
2024-11-14 12:14:56,471 [Worker-30: Launching mavenrun-48a5efbf-d709-4301-9cbd-25ca9a14ad51] INFO  o.eclipse.m2e.core.internal.Bundles - 	Entry: /Users/anurakasthoori/.p2/pool/plugins/org.eclipse.m2e.maven.runtime_3.9.700.20240602-2313
2024-11-14 12:14:56,471 [Worker-30: Launching mavenrun-48a5efbf-d709-4301-9cbd-25ca9a14ad51] INFO  o.eclipse.m2e.core.internal.Bundles - 	Entry: /Users/anurakasthoori/.p2/pool/plugins/org.eclipse.m2e.maven.runtime_3.9.700.20240602-2313/jars/aopalliance-1.0.jar
2024-11-14 12:14:56,471 [Worker-30: Launching mavenrun-48a5efbf-d709-4301-9cbd-25ca9a14ad51] INFO  o.eclipse.m2e.core.internal.Bundles - 	Entry: /Users/anurakasthoori/.p2/pool/plugins/org.eclipse.m2e.maven.runtime_3.9.700.20240602-2313/jars/guice-5.1.0.jar
2024-11-14 12:14:56,471 [Worker-30: Launching mavenrun-48a5efbf-d709-4301-9cbd-25ca9a14ad51] INFO  o.eclipse.m2e.core.internal.Bundles - 	Entry: /Users/anurakasthoori/.p2/pool/plugins/org.eclipse.m2e.maven.runtime_3.9.700.20240602-2313/jars/httpclient-4.5.14.jar
2024-11-14 12:14:56,471 [Worker-30: Launching mavenrun-48a5efbf-d709-4301-9cbd-25ca9a14ad51] INFO  o.eclipse.m2e.core.internal.Bundles - 	Entry: /Users/anurakasthoori/.p2/pool/plugins/org.eclipse.m2e.maven.runtime_3.9.700.20240602-2313/jars/httpcore-4.4.16.jar
2024-11-14 12:14:56,471 [Worker-30: Launching mavenrun-48a5efbf-d709-4301-9cbd-25ca9a14ad51] INFO  o.eclipse.m2e.core.internal.Bundles - 	Entry: /Users/anurakasthoori/.p2/pool/plugins/org.eclipse.m2e.maven.runtime_3.9.700.20240602-2313/jars/jansi-2.4.1.jar
2024-11-14 12:14:56,471 [Worker-30: Launching mavenrun-48a5efbf-d709-4301-9cbd-25ca9a14ad51] INFO  o.eclipse.m2e.core.internal.Bundles - 	Entry: /Users/anurakasthoori/.p2/pool/plugins/org.eclipse.m2e.maven.runtime_3.9.700.20240602-2313/jars/jcl-over-slf4j-1.7.36.jar
2024-11-14 12:14:56,472 [Worker-30: Launching mavenrun-48a5efbf-d709-4301-9cbd-25ca9a14ad51] INFO  o.eclipse.m2e.core.internal.Bundles - 	Entry: /Users/anurakasthoori/.p2/pool/plugins/org.eclipse.m2e.maven.runtime_3.9.700.20240602-2313/jars/maven-artifact-3.9.7.jar
2024-11-14 12:14:56,472 [Worker-30: Launching mavenrun-48a5efbf-d709-4301-9cbd-25ca9a14ad51] INFO  o.eclipse.m2e.core.internal.Bundles - 	Entry: /Users/anurakasthoori/.p2/pool/plugins/org.eclipse.m2e.maven.runtime_3.9.700.20240602-2313/jars/maven-builder-support-3.9.7.jar
2024-11-14 12:14:56,472 [Worker-30: Launching mavenrun-48a5efbf-d709-4301-9cbd-25ca9a14ad51] INFO  o.eclipse.m2e.core.internal.Bundles - 	Entry: /Users/anurakasthoori/.p2/pool/plugins/org.eclipse.m2e.maven.runtime_3.9.700.20240602-2313/jars/maven-compat-3.9.7.jar
2024-11-14 12:14:56,472 [Worker-30: Launching mavenrun-48a5efbf-d709-4301-9cbd-25ca9a14ad51] INFO  o.eclipse.m2e.core.internal.Bundles - 	Entry: /Users/anurakasthoori/.p2/pool/plugins/org.eclipse.m2e.maven.runtime_3.9.700.20240602-2313/jars/maven-core-3.9.7.jar
2024-11-14 12:14:56,472 [Worker-30: Launching mavenrun-48a5efbf-d709-4301-9cbd-25ca9a14ad51] INFO  o.eclipse.m2e.core.internal.Bundles - 	Entry: /Users/anurakasthoori/.p2/pool/plugins/org.eclipse.m2e.maven.runtime_3.9.700.20240602-2313/jars/maven-embedder-3.9.7.jar
2024-11-14 12:14:56,472 [Worker-30: Launching mavenrun-48a5efbf-d709-4301-9cbd-25ca9a14ad51] INFO  o.eclipse.m2e.core.internal.Bundles - 	Entry: /Users/anurakasthoori/.p2/pool/plugins/org.eclipse.m2e.maven.runtime_3.9.700.20240602-2313/jars/maven-model-3.9.7.jar
2024-11-14 12:14:56,472 [Worker-30: Launching mavenrun-48a5efbf-d709-4301-9cbd-25ca9a14ad51] INFO  o.eclipse.m2e.core.internal.Bundles - 	Entry: /Users/anurakasthoori/.p2/pool/plugins/org.eclipse.m2e.maven.runtime_3.9.700.20240602-2313/jars/maven-model-builder-3.9.7.jar
2024-11-14 12:14:56,472 [Worker-30: Launching mavenrun-48a5efbf-d709-4301-9cbd-25ca9a14ad51] INFO  o.eclipse.m2e.core.internal.Bundles - 	Entry: /Users/anurakasthoori/.p2/pool/plugins/org.eclipse.m2e.maven.runtime_3.9.700.20240602-2313/jars/maven-plugin-api-3.9.7.jar
2024-11-14 12:14:56,472 [Worker-30: Launching mavenrun-48a5efbf-d709-4301-9cbd-25ca9a14ad51] INFO  o.eclipse.m2e.core.internal.Bundles - 	Entry: /Users/anurakasthoori/.p2/pool/plugins/org.eclipse.m2e.maven.runtime_3.9.700.20240602-2313/jars/maven-repository-metadata-3.9.7.jar
2024-11-14 12:14:56,472 [Worker-30: Launching mavenrun-48a5efbf-d709-4301-9cbd-25ca9a14ad51] INFO  o.eclipse.m2e.core.internal.Bundles - 	Entry: /Users/anurakasthoori/.p2/pool/plugins/org.eclipse.m2e.maven.runtime_3.9.700.20240602-2313/jars/maven-resolver-api-1.9.20.jar
2024-11-14 12:14:56,472 [Worker-30: Launching mavenrun-48a5efbf-d709-4301-9cbd-25ca9a14ad51] INFO  o.eclipse.m2e.core.internal.Bundles - 	Entry: /Users/anurakasthoori/.p2/pool/plugins/org.eclipse.m2e.maven.runtime_3.9.700.20240602-2313/jars/maven-resolver-connector-basic-1.9.20.jar
2024-11-14 12:14:56,472 [Worker-30: Launching mavenrun-48a5efbf-d709-4301-9cbd-25ca9a14ad51] INFO  o.eclipse.m2e.core.internal.Bundles - 	Entry: /Users/anurakasthoori/.p2/pool/plugins/org.eclipse.m2e.maven.runtime_3.9.700.20240602-2313/jars/maven-resolver-impl-1.9.20.jar
2024-11-14 12:14:56,472 [Worker-30: Launching mavenrun-48a5efbf-d709-4301-9cbd-25ca9a14ad51] INFO  o.eclipse.m2e.core.internal.Bundles - 	Entry: /Users/anurakasthoori/.p2/pool/plugins/org.eclipse.m2e.maven.runtime_3.9.700.20240602-2313/jars/maven-resolver-named-locks-1.9.20.jar
2024-11-14 12:14:56,472 [Worker-30: Launching mavenrun-48a5efbf-d709-4301-9cbd-25ca9a14ad51] INFO  o.eclipse.m2e.core.internal.Bundles - 	Entry: /Users/anurakasthoori/.p2/pool/plugins/org.eclipse.m2e.maven.runtime_3.9.700.20240602-2313/jars/maven-resolver-provider-3.9.7.jar
2024-11-14 12:14:56,472 [Worker-30: Launching mavenrun-48a5efbf-d709-4301-9cbd-25ca9a14ad51] INFO  o.eclipse.m2e.core.internal.Bundles - 	Entry: /Users/anurakasthoori/.p2/pool/plugins/org.eclipse.m2e.maven.runtime_3.9.700.20240602-2313/jars/maven-resolver-spi-1.9.20.jar
2024-11-14 12:14:56,472 [Worker-30: Launching mavenrun-48a5efbf-d709-4301-9cbd-25ca9a14ad51] INFO  o.eclipse.m2e.core.internal.Bundles - 	Entry: /Users/anurakasthoori/.p2/pool/plugins/org.eclipse.m2e.maven.runtime_3.9.700.20240602-2313/jars/maven-resolver-transport-file-1.9.20.jar
2024-11-14 12:14:56,473 [Worker-30: Launching mavenrun-48a5efbf-d709-4301-9cbd-25ca9a14ad51] INFO  o.eclipse.m2e.core.internal.Bundles - 	Entry: /Users/anurakasthoori/.p2/pool/plugins/org.eclipse.m2e.maven.runtime_3.9.700.20240602-2313/jars/maven-resolver-transport-http-1.9.20.jar
2024-11-14 12:14:56,473 [Worker-30: Launching mavenrun-48a5efbf-d709-4301-9cbd-25ca9a14ad51] INFO  o.eclipse.m2e.core.internal.Bundles - 	Entry: /Users/anurakasthoori/.p2/pool/plugins/org.eclipse.m2e.maven.runtime_3.9.700.20240602-2313/jars/maven-resolver-transport-wagon-1.9.20.jar
2024-11-14 12:14:56,473 [Worker-30: Launching mavenrun-48a5efbf-d709-4301-9cbd-25ca9a14ad51] INFO  o.eclipse.m2e.core.internal.Bundles - 	Entry: /Users/anurakasthoori/.p2/pool/plugins/org.eclipse.m2e.maven.runtime_3.9.700.20240602-2313/jars/maven-resolver-util-1.9.20.jar
2024-11-14 12:14:56,473 [Worker-30: Launching mavenrun-48a5efbf-d709-4301-9cbd-25ca9a14ad51] INFO  o.eclipse.m2e.core.internal.Bundles - 	Entry: /Users/anurakasthoori/.p2/pool/plugins/org.eclipse.m2e.maven.runtime_3.9.700.20240602-2313/jars/maven-settings-3.9.7.jar
2024-11-14 12:14:56,473 [Worker-30: Launching mavenrun-48a5efbf-d709-4301-9cbd-25ca9a14ad51] INFO  o.eclipse.m2e.core.internal.Bundles - 	Entry: /Users/anurakasthoori/.p2/pool/plugins/org.eclipse.m2e.maven.runtime_3.9.700.20240602-2313/jars/maven-settings-builder-3.9.7.jar
2024-11-14 12:14:56,473 [Worker-30: Launching mavenrun-48a5efbf-d709-4301-9cbd-25ca9a14ad51] INFO  o.eclipse.m2e.core.internal.Bundles - 	Entry: /Users/anurakasthoori/.p2/pool/plugins/org.eclipse.m2e.maven.runtime_3.9.700.20240602-2313/jars/maven-shared-utils-3.4.2.jar
2024-11-14 12:14:56,473 [Worker-30: Launching mavenrun-48a5efbf-d709-4301-9cbd-25ca9a14ad51] INFO  o.eclipse.m2e.core.internal.Bundles - 	Entry: /Users/anurakasthoori/.p2/pool/plugins/org.eclipse.m2e.maven.runtime_3.9.700.20240602-2313/jars/org.eclipse.sisu.inject-0.9.0.M2.jar
2024-11-14 12:14:56,473 [Worker-30: Launching mavenrun-48a5efbf-d709-4301-9cbd-25ca9a14ad51] INFO  o.eclipse.m2e.core.internal.Bundles - 	Entry: /Users/anurakasthoori/.p2/pool/plugins/org.eclipse.m2e.maven.runtime_3.9.700.20240602-2313/jars/org.eclipse.sisu.plexus-0.9.0.M2.jar
2024-11-14 12:14:56,473 [Worker-30: Launching mavenrun-48a5efbf-d709-4301-9cbd-25ca9a14ad51] INFO  o.eclipse.m2e.core.internal.Bundles - 	Entry: /Users/anurakasthoori/.p2/pool/plugins/org.eclipse.m2e.maven.runtime_3.9.700.20240602-2313/jars/plexus-build-api-0.0.7.jar
2024-11-14 12:14:56,473 [Worker-30: Launching mavenrun-48a5efbf-d709-4301-9cbd-25ca9a14ad51] INFO  o.eclipse.m2e.core.internal.Bundles - 	Entry: /Users/anurakasthoori/.p2/pool/plugins/org.eclipse.m2e.maven.runtime_3.9.700.20240602-2313/jars/plexus-build-api-1.2.0.jar
2024-11-14 12:14:56,473 [Worker-30: Launching mavenrun-48a5efbf-d709-4301-9cbd-25ca9a14ad51] INFO  o.eclipse.m2e.core.internal.Bundles - 	Entry: /Users/anurakasthoori/.p2/pool/plugins/org.eclipse.m2e.maven.runtime_3.9.700.20240602-2313/jars/plexus-cipher-2.0.jar
2024-11-14 12:14:56,473 [Worker-30: Launching mavenrun-48a5efbf-d709-4301-9cbd-25ca9a14ad51] INFO  o.eclipse.m2e.core.internal.Bundles - 	Entry: /Users/anurakasthoori/.p2/pool/plugins/org.eclipse.m2e.maven.runtime_3.9.700.20240602-2313/jars/plexus-classworlds-2.8.0.jar
2024-11-14 12:14:56,473 [Worker-30: Launching mavenrun-48a5efbf-d709-4301-9cbd-25ca9a14ad51] INFO  o.eclipse.m2e.core.internal.Bundles - 	Entry: /Users/anurakasthoori/.p2/pool/plugins/org.eclipse.m2e.maven.runtime_3.9.700.20240602-2313/jars/plexus-component-annotations-2.1.0.jar
2024-11-14 12:14:56,473 [Worker-30: Launching mavenrun-48a5efbf-d709-4301-9cbd-25ca9a14ad51] INFO  o.eclipse.m2e.core.internal.Bundles - 	Entry: /Users/anurakasthoori/.p2/pool/plugins/org.eclipse.m2e.maven.runtime_3.9.700.20240602-2313/jars/plexus-interpolation-1.27.jar
2024-11-14 12:14:56,473 [Worker-30: Launching mavenrun-48a5efbf-d709-4301-9cbd-25ca9a14ad51] INFO  o.eclipse.m2e.core.internal.Bundles - 	Entry: /Users/anurakasthoori/.p2/pool/plugins/org.eclipse.m2e.maven.runtime_3.9.700.20240602-2313/jars/plexus-sec-dispatcher-2.0.jar
2024-11-14 12:14:56,473 [Worker-30: Launching mavenrun-48a5efbf-d709-4301-9cbd-25ca9a14ad51] INFO  o.eclipse.m2e.core.internal.Bundles - 	Entry: /Users/anurakasthoori/.p2/pool/plugins/org.eclipse.m2e.maven.runtime_3.9.700.20240602-2313/jars/plexus-utils-3.5.1.jar
2024-11-14 12:14:56,473 [Worker-30: Launching mavenrun-48a5efbf-d709-4301-9cbd-25ca9a14ad51] INFO  o.eclipse.m2e.core.internal.Bundles - 	Entry: /Users/anurakasthoori/.p2/pool/plugins/org.eclipse.m2e.maven.runtime_3.9.700.20240602-2313/jars/wagon-file-3.5.3.jar
2024-11-14 12:14:56,474 [Worker-30: Launching mavenrun-48a5efbf-d709-4301-9cbd-25ca9a14ad51] INFO  o.eclipse.m2e.core.internal.Bundles - 	Entry: /Users/anurakasthoori/.p2/pool/plugins/org.eclipse.m2e.maven.runtime_3.9.700.20240602-2313/jars/wagon-http-3.5.3.jar
2024-11-14 12:14:56,474 [Worker-30: Launching mavenrun-48a5efbf-d709-4301-9cbd-25ca9a14ad51] INFO  o.eclipse.m2e.core.internal.Bundles - 	Entry: /Users/anurakasthoori/.p2/pool/plugins/org.eclipse.m2e.maven.runtime_3.9.700.20240602-2313/jars/wagon-http-shared-3.5.3.jar
2024-11-14 12:14:56,474 [Worker-30: Launching mavenrun-48a5efbf-d709-4301-9cbd-25ca9a14ad51] INFO  o.eclipse.m2e.core.internal.Bundles - 	Entry: /Users/anurakasthoori/.p2/pool/plugins/org.eclipse.m2e.maven.runtime_3.9.700.20240602-2313/jars/wagon-provider-api-3.5.3.jar
2024-11-14 12:14:56,474 [Worker-30: Launching mavenrun-48a5efbf-d709-4301-9cbd-25ca9a14ad51] INFO  o.eclipse.m2e.core.internal.Bundles - getClasspathEntries(Bundle=com.google.guava_33.3.0.jre [1069])
2024-11-14 12:14:56,475 [Worker-30: Launching mavenrun-48a5efbf-d709-4301-9cbd-25ca9a14ad51] INFO  o.eclipse.m2e.core.internal.Bundles - 	Entry: /Users/anurakasthoori/.p2/pool/plugins/com.google.guava_33.3.0.jre.jar
2024-11-14 12:14:56,475 [Worker-30: Launching mavenrun-48a5efbf-d709-4301-9cbd-25ca9a14ad51] INFO  o.eclipse.m2e.core.internal.Bundles - getClasspathEntries(Bundle=slf4j.api_2.0.16 [1002])
2024-11-14 12:14:56,475 [Worker-30: Launching mavenrun-48a5efbf-d709-4301-9cbd-25ca9a14ad51] INFO  o.eclipse.m2e.core.internal.Bundles - 	Entry: /Users/anurakasthoori/.p2/pool/plugins/slf4j.api_2.0.16.jar
2024-11-14 12:14:56,475 [Worker-30: Launching mavenrun-48a5efbf-d709-4301-9cbd-25ca9a14ad51] INFO  o.eclipse.m2e.core.internal.Bundles - getClasspathEntries(Bundle=jakarta.inject.jakarta.inject-api_1.0.5 [33])
2024-11-14 12:14:56,475 [Worker-30: Launching mavenrun-48a5efbf-d709-4301-9cbd-25ca9a14ad51] INFO  o.eclipse.m2e.core.internal.Bundles - 	Entry: /Users/anurakasthoori/.p2/pool/plugins/jakarta.inject.jakarta.inject-api_1.0.5.jar
2024-11-14 12:14:56,475 [Worker-30: Launching mavenrun-48a5efbf-d709-4301-9cbd-25ca9a14ad51] INFO  o.eclipse.m2e.core.internal.Bundles - getClasspathEntries(Bundle=javax.annotation_1.3.5.v20200909-1856 [44])
2024-11-14 12:14:56,475 [Worker-30: Launching mavenrun-48a5efbf-d709-4301-9cbd-25ca9a14ad51] INFO  o.eclipse.m2e.core.internal.Bundles - 	Entry: /Users/anurakasthoori/.p2/pool/plugins/javax.annotation_1.3.5.v20200909-1856.jar
2024-11-14 12:14:56,475 [Worker-30: Launching mavenrun-48a5efbf-d709-4301-9cbd-25ca9a14ad51] INFO  o.eclipse.m2e.core.internal.Bundles - getClasspathEntries(Bundle=org.apache.commons.cli_1.9.0 [1075])
2024-11-14 12:14:56,475 [Worker-30: Launching mavenrun-48a5efbf-d709-4301-9cbd-25ca9a14ad51] INFO  o.eclipse.m2e.core.internal.Bundles - 	Entry: /Users/anurakasthoori/.p2/pool/plugins/org.apache.commons.cli_1.9.0.jar
2024-11-14 12:14:56,475 [Worker-30: Launching mavenrun-48a5efbf-d709-4301-9cbd-25ca9a14ad51] INFO  o.eclipse.m2e.core.internal.Bundles - getClasspathEntries(Bundle=org.apache.commons.commons-codec_1.16.0 [81])
2024-11-14 12:14:56,475 [Worker-30: Launching mavenrun-48a5efbf-d709-4301-9cbd-25ca9a14ad51] INFO  o.eclipse.m2e.core.internal.Bundles - 	Entry: /Users/anurakasthoori/.p2/pool/plugins/org.apache.commons.commons-codec_1.16.0.jar
2024-11-14 12:14:56,475 [Worker-30: Launching mavenrun-48a5efbf-d709-4301-9cbd-25ca9a14ad51] INFO  o.eclipse.m2e.core.internal.Bundles - getClasspathEntries(Bundle=org.apache.commons.lang3_3.16.0 [1077])
2024-11-14 12:14:56,475 [Worker-30: Launching mavenrun-48a5efbf-d709-4301-9cbd-25ca9a14ad51] INFO  o.eclipse.m2e.core.internal.Bundles - 	Entry: /Users/anurakasthoori/.p2/pool/plugins/org.apache.commons.lang3_3.16.0.jar
2024-11-14 12:14:56,475 [Worker-30: Launching mavenrun-48a5efbf-d709-4301-9cbd-25ca9a14ad51] INFO  o.eclipse.m2e.core.internal.Bundles - getClasspathEntries(Bundle=com.google.guava.failureaccess_1.0.2 [17])
2024-11-14 12:14:56,475 [Worker-30: Launching mavenrun-48a5efbf-d709-4301-9cbd-25ca9a14ad51] INFO  o.eclipse.m2e.core.internal.Bundles - 	Entry: /Users/anurakasthoori/.p2/pool/plugins/com.google.guava.failureaccess_1.0.2.jar
2024-11-14 12:14:56,546 [Worker-30: Launching mavenrun-48a5efbf-d709-4301-9cbd-25ca9a14ad51] INFO  o.e.m.i.launch.MavenLaunchDelegate - Run build in "/var/folders/hc/kgzptjys053c42j59vrf6px00000gn/T/m2e-archetypeGenerator2075288976652410149":
2024-11-14 12:14:56,549 [Worker-30: Launching mavenrun-48a5efbf-d709-4301-9cbd-25ca9a14ad51] INFO  o.e.m.i.launch.MavenLaunchDelegate -  mvn  -DarchetypeGroupId=com.github.ywchang -DarchetypeArtifactId=maven-archetype-quickstart -DarchetypeVersion=1.1 -DgroupId=com.ecommerce -DartifactId=ms-services -Dversion=0.0.1-SNAPSHOT -Dpackage=com.ecommerce.ms_services -DoutputDirectory=/Users/anurakasthoori/projects/backend-application/spring-boot/SpringMicroservice -Dstyle.color=always -U archetype:generate
2024-11-14 12:15:17,999 [Worker-29: Creating maven-archetype-quickstart] INFO  o.e.m.c.i.p.ProjectConfigurationManager - Collecting project info '/pom.xml' /Users/anurakasthoori/projects/backend-application/spring-boot/SpringMicroservice/ms-services/pom.xml
2024-11-14 12:15:19,258 [Worker-29: Creating maven-archetype-quickstart] INFO  o.e.m.c.i.l.LifecycleMappingFactory - Using org.eclipse.m2e.jdt.JarLifecycleMapping lifecycle mapping for MavenProject: com.ecommerce:ms-services:0.0.1-SNAPSHOT @ /Users/anurakasthoori/projects/backend-application/spring-boot/SpringMicroservice/ms-services/pom.xml.
2024-11-14 12:15:20,751 [Worker-29: Creating maven-archetype-quickstart] INFO  o.e.m.j.i.AbstractJavaProjectConfigurator - Adding source folder /ms-services/src/main/java
2024-11-14 12:15:20,752 [Worker-29: Creating maven-archetype-quickstart] INFO  o.e.m.j.i.AbstractJavaProjectConfigurator - Adding resource folder /ms-services/src/main/resources
2024-11-14 12:15:20,754 [Worker-29: Creating maven-archetype-quickstart] INFO  o.e.m.j.i.AbstractJavaProjectConfigurator - Adding source folder /ms-services/src/test/java
2024-11-14 12:15:20,755 [Worker-29: Creating maven-archetype-quickstart] INFO  o.e.m.j.i.AbstractJavaProjectConfigurator - Adding resource folder /ms-services/src/test/resources
2024-11-14 12:15:20,978 [Worker-29: Creating maven-archetype-quickstart] INFO  o.e.m.c.i.p.ProjectConfigurationManager - Imported and configured 1 project(s) in 2 sec
2024-11-14 12:15:23,325 [Worker-24: Building] INFO  o.a.m.s.f.DefaultMavenResourcesFiltering - skip non existing resourceDirectory /Users/anurakasthoori/projects/backend-application/spring-boot/SpringMicroservice/ms-services/src/main/resources
2024-11-14 12:15:23,328 [Worker-24: Building] INFO  o.a.m.s.f.DefaultMavenResourcesFiltering - skip non existing resourceDirectory /Users/anurakasthoori/projects/backend-application/spring-boot/SpringMicroservice/ms-services/src/test/resources
2024-11-14 12:16:06,158 [Worker-34: Building] INFO  o.a.m.s.f.DefaultMavenResourcesFiltering - skip non existing resourceDirectory /Users/anurakasthoori/projects/backend-application/spring-boot/SpringMicroservice/ms-services/src/main/resources
2024-11-14 12:16:06,160 [Worker-34: Building] INFO  o.a.m.s.f.DefaultMavenResourcesFiltering - skip non existing resourceDirectory /Users/anurakasthoori/projects/backend-application/spring-boot/SpringMicroservice/ms-services/src/test/resources
2024-11-14 12:16:51,221 [Worker-24: Building] INFO  o.a.m.s.f.DefaultMavenResourcesFiltering - skip non existing resourceDirectory /Users/anurakasthoori/projects/backend-application/spring-boot/SpringMicroservice/ms-services/src/main/resources
2024-11-14 12:16:51,229 [Worker-24: Building] INFO  o.a.m.s.f.DefaultMavenResourcesFiltering - skip non existing resourceDirectory /Users/anurakasthoori/projects/backend-application/spring-boot/SpringMicroservice/ms-services/src/test/resources
2024-11-14 12:19:36,873 [Worker-24: Building] INFO  o.a.m.s.f.DefaultMavenResourcesFiltering - skip non existing resourceDirectory /Users/anurakasthoori/projects/backend-application/spring-boot/SpringMicroservice/ms-services/src/main/resources
2024-11-14 12:19:36,885 [Worker-24: Building] INFO  o.a.m.s.f.DefaultMavenResourcesFiltering - skip non existing resourceDirectory /Users/anurakasthoori/projects/backend-application/spring-boot/SpringMicroservice/ms-services/src/test/resources
2024-11-14 12:32:54,319 [Worker-1: Loading available Gradle versions] INFO  o.e.b.c.i.u.g.PublishedGradleVersions - Gradle version information cache is up-to-date. Trying to read.
2024-11-14 12:35:54,876 [Worker-3: Building] INFO  o.a.m.s.f.DefaultMavenResourcesFiltering - skip non existing resourceDirectory /Users/anurakasthoori/projects/backend-application/spring-boot/SpringMicroservice/ms-services/src/main/resources
2024-11-14 12:35:54,881 [Worker-3: Building] INFO  o.a.m.s.f.DefaultMavenResourcesFiltering - skip non existing resourceDirectory /Users/anurakasthoori/projects/backend-application/spring-boot/SpringMicroservice/ms-services/src/test/resources
2024-11-14 12:36:21,436 [Worker-8: Building] INFO  o.a.m.s.f.DefaultMavenResourcesFiltering - skip non existing resourceDirectory /Users/anurakasthoori/projects/backend-application/spring-boot/SpringMicroservice/ms-services/src/main/resources
2024-11-14 12:36:21,438 [Worker-8: Building] INFO  o.a.m.s.f.DefaultMavenResourcesFiltering - skip non existing resourceDirectory /Users/anurakasthoori/projects/backend-application/spring-boot/SpringMicroservice/ms-services/src/test/resources
2024-11-14 12:36:22,454 [Worker-2: Building] INFO  o.a.m.s.f.DefaultMavenResourcesFiltering - skip non existing resourceDirectory /Users/anurakasthoori/projects/backend-application/spring-boot/SpringMicroservice/ms-services/src/main/resources
2024-11-14 12:36:22,456 [Worker-2: Building] INFO  o.a.m.s.f.DefaultMavenResourcesFiltering - skip non existing resourceDirectory /Users/anurakasthoori/projects/backend-application/spring-boot/SpringMicroservice/ms-services/src/test/resources
2024-11-14 12:36:28,815 [Worker-6: Building] INFO  o.a.m.s.f.DefaultMavenResourcesFiltering - skip non existing resourceDirectory /Users/anurakasthoori/projects/backend-application/spring-boot/SpringMicroservice/ms-services/src/main/resources
2024-11-14 12:36:28,817 [Worker-6: Building] INFO  o.a.m.s.f.DefaultMavenResourcesFiltering - skip non existing resourceDirectory /Users/anurakasthoori/projects/backend-application/spring-boot/SpringMicroservice/ms-services/src/test/resources
2024-11-14 12:36:37,863 [Worker-6: Building] INFO  o.a.m.s.f.DefaultMavenResourcesFiltering - skip non existing resourceDirectory /Users/anurakasthoori/projects/backend-application/spring-boot/SpringMicroservice/ms-services/src/main/resources
2024-11-14 12:36:37,865 [Worker-6: Building] INFO  o.a.m.s.f.DefaultMavenResourcesFiltering - skip non existing resourceDirectory /Users/anurakasthoori/projects/backend-application/spring-boot/SpringMicroservice/ms-services/src/test/resources
2024-11-14 12:39:18,061 [Worker-21: Building] INFO  o.a.m.s.f.DefaultMavenResourcesFiltering - skip non existing resourceDirectory /Users/anurakasthoori/projects/backend-application/spring-boot/SpringMicroservice/ms-services/src/main/resources
2024-11-14 12:39:18,062 [Worker-21: Building] INFO  o.a.m.s.f.DefaultMavenResourcesFiltering - skip non existing resourceDirectory /Users/anurakasthoori/projects/backend-application/spring-boot/SpringMicroservice/ms-services/src/test/resources
2024-11-14 12:44:35,130 [Worker-3: Building] INFO  o.e.m.c.i.l.LifecycleMappingFactory - Using org.eclipse.m2e.jdt.JarLifecycleMapping lifecycle mapping for MavenProject: com.ecommerce:ms-services:0.0.1-SNAPSHOT @ /Users/anurakasthoori/projects/backend-application/spring-boot/SpringMicroservice/ms-services/pom.xml.
2024-11-14 12:44:35,327 [Worker-3: Building] INFO  o.a.m.s.f.DefaultMavenResourcesFiltering - skip non existing resourceDirectory /Users/anurakasthoori/projects/backend-application/spring-boot/SpringMicroservice/ms-services/src/main/resources
2024-11-14 12:44:35,329 [Worker-3: Building] INFO  o.a.m.s.f.DefaultMavenResourcesFiltering - skip non existing resourceDirectory /Users/anurakasthoori/projects/backend-application/spring-boot/SpringMicroservice/ms-services/src/test/resources
2024-11-14 12:55:28,870 [Worker-27: Building] INFO  o.a.m.s.f.DefaultMavenResourcesFiltering - skip non existing resourceDirectory /Users/anurakasthoori/projects/backend-application/spring-boot/SpringMicroservice/ms-services/src/main/resources
2024-11-14 12:55:28,934 [Worker-27: Building] INFO  o.a.m.s.f.DefaultMavenResourcesFiltering - skip non existing resourceDirectory /Users/anurakasthoori/projects/backend-application/spring-boot/SpringMicroservice/ms-services/src/test/resources
2024-11-14 12:56:18,091 [Worker-23: Building] INFO  o.a.m.s.f.DefaultMavenResourcesFiltering - skip non existing resourceDirectory /Users/anurakasthoori/projects/backend-application/spring-boot/SpringMicroservice/ms-services/src/main/resources
2024-11-14 12:56:18,093 [Worker-23: Building] INFO  o.a.m.s.f.DefaultMavenResourcesFiltering - skip non existing resourceDirectory /Users/anurakasthoori/projects/backend-application/spring-boot/SpringMicroservice/ms-services/src/test/resources
2024-11-14 14:39:08,806 [Worker-0: Building] INFO  o.a.m.s.f.DefaultMavenResourcesFiltering - skip non existing resourceDirectory /Users/anurakasthoori/projects/backend-application/spring-boot/SpringMicroservice/ms-services/src/main/resources
2024-11-14 14:39:08,853 [Worker-0: Building] INFO  o.a.m.s.f.DefaultMavenResourcesFiltering - skip non existing resourceDirectory /Users/anurakasthoori/projects/backend-application/spring-boot/SpringMicroservice/ms-services/src/test/resources
2024-11-14 14:44:24,882 [Worker-59: Building] INFO  o.a.m.s.f.DefaultMavenResourcesFiltering - skip non existing resourceDirectory /Users/anurakasthoori/projects/backend-application/spring-boot/SpringMicroservice/ms-services/src/main/resources
2024-11-14 14:44:24,955 [Worker-59: Building] INFO  o.a.m.s.f.DefaultMavenResourcesFiltering - skip non existing resourceDirectory /Users/anurakasthoori/projects/backend-application/spring-boot/SpringMicroservice/ms-services/src/test/resources
2024-11-14 14:48:07,545 [Worker-59: Building] INFO  o.a.m.s.f.DefaultMavenResourcesFiltering - skip non existing resourceDirectory /Users/anurakasthoori/projects/backend-application/spring-boot/SpringMicroservice/ms-services/src/main/resources
2024-11-14 14:48:07,547 [Worker-59: Building] INFO  o.a.m.s.f.DefaultMavenResourcesFiltering - skip non existing resourceDirectory /Users/anurakasthoori/projects/backend-application/spring-boot/SpringMicroservice/ms-services/src/test/resources
2024-11-14 15:00:07,061 [Worker-4: Loading available Gradle versions] INFO  o.e.b.c.i.u.g.PublishedGradleVersions - Gradle version information cache is up-to-date. Trying to read.
2024-11-14 15:14:51,186 [Worker-2: Loading available Gradle versions] INFO  o.e.b.c.i.u.g.PublishedGradleVersions - Gradle version information cache is up-to-date. Trying to read.
2024-11-14 15:21:53,497 [Worker-9: Building] INFO  o.a.m.s.f.DefaultMavenResourcesFiltering - skip non existing resourceDirectory /Users/anurakasthoori/projects/backend-application/spring-boot/SpringMicroservice/ms-services/src/main/resources
2024-11-14 15:21:53,501 [Worker-9: Building] INFO  o.a.m.s.f.DefaultMavenResourcesFiltering - skip non existing resourceDirectory /Users/anurakasthoori/projects/backend-application/spring-boot/SpringMicroservice/ms-services/src/test/resources
2024-11-14 15:24:30,023 [Worker-9: Building] INFO  o.a.m.s.f.DefaultMavenResourcesFiltering - skip non existing resourceDirectory /Users/anurakasthoori/projects/backend-application/spring-boot/SpringMicroservice/ms-services/src/main/resources
2024-11-14 15:24:30,058 [Worker-9: Building] INFO  o.a.m.s.f.DefaultMavenResourcesFiltering - skip non existing resourceDirectory /Users/anurakasthoori/projects/backend-application/spring-boot/SpringMicroservice/ms-services/src/test/resources
2024-11-14 15:25:57,985 [Worker-27: Building] INFO  o.a.m.s.f.DefaultMavenResourcesFiltering - skip non existing resourceDirectory /Users/anurakasthoori/projects/backend-application/spring-boot/SpringMicroservice/ms-services/src/main/resources
2024-11-14 15:25:58,002 [Worker-27: Building] INFO  o.a.m.s.f.DefaultMavenResourcesFiltering - skip non existing resourceDirectory /Users/anurakasthoori/projects/backend-application/spring-boot/SpringMicroservice/ms-services/src/test/resources
2024-11-14 15:28:11,389 [Worker-9: Building] INFO  o.a.m.s.f.DefaultMavenResourcesFiltering - skip non existing resourceDirectory /Users/anurakasthoori/projects/backend-application/spring-boot/SpringMicroservice/ms-services/src/main/resources
2024-11-14 15:28:11,394 [Worker-9: Building] INFO  o.a.m.s.f.DefaultMavenResourcesFiltering - skip non existing resourceDirectory /Users/anurakasthoori/projects/backend-application/spring-boot/SpringMicroservice/ms-services/src/test/resources
2024-11-14 15:28:59,746 [Worker-29: Building] INFO  o.a.m.s.f.DefaultMavenResourcesFiltering - skip non existing resourceDirectory /Users/anurakasthoori/projects/backend-application/spring-boot/SpringMicroservice/ms-services/src/main/resources
2024-11-14 15:28:59,749 [Worker-29: Building] INFO  o.a.m.s.f.DefaultMavenResourcesFiltering - skip non existing resourceDirectory /Users/anurakasthoori/projects/backend-application/spring-boot/SpringMicroservice/ms-services/src/test/resources
2024-11-14 15:29:50,725 [Worker-27: Building] INFO  o.a.m.s.f.DefaultMavenResourcesFiltering - skip non existing resourceDirectory /Users/anurakasthoori/projects/backend-application/spring-boot/SpringMicroservice/ms-services/src/main/resources
2024-11-14 15:29:50,727 [Worker-27: Building] INFO  o.a.m.s.f.DefaultMavenResourcesFiltering - skip non existing resourceDirectory /Users/anurakasthoori/projects/backend-application/spring-boot/SpringMicroservice/ms-services/src/test/resources
2024-11-14 15:30:44,460 [Worker-29: Building] INFO  o.a.m.s.f.DefaultMavenResourcesFiltering - skip non existing resourceDirectory /Users/anurakasthoori/projects/backend-application/spring-boot/SpringMicroservice/ms-services/src/main/resources
2024-11-14 15:30:44,490 [Worker-29: Building] INFO  o.a.m.s.f.DefaultMavenResourcesFiltering - skip non existing resourceDirectory /Users/anurakasthoori/projects/backend-application/spring-boot/SpringMicroservice/ms-services/src/test/resources
2024-11-15 18:31:22,443 [Worker-4: Loading available Gradle versions] INFO  o.e.b.c.i.u.g.PublishedGradleVersions - Gradle version information cache is out-of-date. Trying to update.
2024-11-15 18:52:32,227 [Worker-28: Building] INFO  o.a.m.s.f.DefaultMavenResourcesFiltering - skip non existing resourceDirectory /Users/anurakasthoori/projects/backend-application/spring-boot/SpringMicroservice/ms-services/src/main/resources
2024-11-15 18:52:32,274 [Worker-28: Building] INFO  o.a.m.s.f.DefaultMavenResourcesFiltering - skip non existing resourceDirectory /Users/anurakasthoori/projects/backend-application/spring-boot/SpringMicroservice/ms-services/src/test/resources
2024-11-15 19:03:32,290 [Worker-31: Building] INFO  o.a.m.s.f.DefaultMavenResourcesFiltering - skip non existing resourceDirectory /Users/anurakasthoori/projects/backend-application/spring-boot/SpringMicroservice/ms-services/src/main/resources
2024-11-15 19:03:32,309 [Worker-31: Building] INFO  o.a.m.s.f.DefaultMavenResourcesFiltering - skip non existing resourceDirectory /Users/anurakasthoori/projects/backend-application/spring-boot/SpringMicroservice/ms-services/src/test/resources
2024-11-15 19:09:26,241 [Worker-33: Building] INFO  o.a.m.s.f.DefaultMavenResourcesFiltering - skip non existing resourceDirectory /Users/anurakasthoori/projects/backend-application/spring-boot/SpringMicroservice/ms-services/src/main/resources
2024-11-15 19:09:26,245 [Worker-33: Building] INFO  o.a.m.s.f.DefaultMavenResourcesFiltering - skip non existing resourceDirectory /Users/anurakasthoori/projects/backend-application/spring-boot/SpringMicroservice/ms-services/src/test/resources
2024-11-15 19:10:53,137 [Worker-34: Building] INFO  o.a.m.s.f.DefaultMavenResourcesFiltering - skip non existing resourceDirectory /Users/anurakasthoori/projects/backend-application/spring-boot/SpringMicroservice/ms-services/src/main/resources
2024-11-15 19:10:53,139 [Worker-34: Building] INFO  o.a.m.s.f.DefaultMavenResourcesFiltering - skip non existing resourceDirectory /Users/anurakasthoori/projects/backend-application/spring-boot/SpringMicroservice/ms-services/src/test/resources
2024-11-15 19:11:47,507 [Worker-34: Building] INFO  o.a.m.s.f.DefaultMavenResourcesFiltering - skip non existing resourceDirectory /Users/anurakasthoori/projects/backend-application/spring-boot/SpringMicroservice/ms-services/src/main/resources
2024-11-15 19:11:47,509 [Worker-34: Building] INFO  o.a.m.s.f.DefaultMavenResourcesFiltering - skip non existing resourceDirectory /Users/anurakasthoori/projects/backend-application/spring-boot/SpringMicroservice/ms-services/src/test/resources
2024-11-15 19:12:05,438 [Worker-23: Building] INFO  o.a.m.s.f.DefaultMavenResourcesFiltering - skip non existing resourceDirectory /Users/anurakasthoori/projects/backend-application/spring-boot/SpringMicroservice/ms-services/src/main/resources
2024-11-15 19:12:05,441 [Worker-23: Building] INFO  o.a.m.s.f.DefaultMavenResourcesFiltering - skip non existing resourceDirectory /Users/anurakasthoori/projects/backend-application/spring-boot/SpringMicroservice/ms-services/src/test/resources
2024-11-15 23:13:29,209 [Worker-39: Building] INFO  o.a.m.s.f.DefaultMavenResourcesFiltering - skip non existing resourceDirectory /Users/anurakasthoori/projects/backend-application/spring-boot/SpringMicroservice/ms-services/src/main/resources
2024-11-15 23:13:29,244 [Worker-39: Building] INFO  o.a.m.s.f.DefaultMavenResourcesFiltering - skip non existing resourceDirectory /Users/anurakasthoori/projects/backend-application/spring-boot/SpringMicroservice/ms-services/src/test/resources
2024-11-15 23:20:55,372 [Worker-45: Building] INFO  o.a.m.s.f.DefaultMavenResourcesFiltering - skip non existing resourceDirectory /Users/anurakasthoori/projects/backend-application/spring-boot/SpringMicroservice/ms-services/src/main/resources
2024-11-15 23:20:55,388 [Worker-45: Building] INFO  o.a.m.s.f.DefaultMavenResourcesFiltering - skip non existing resourceDirectory /Users/anurakasthoori/projects/backend-application/spring-boot/SpringMicroservice/ms-services/src/test/resources
2024-11-15 23:21:48,679 [Worker-45: Building] INFO  o.a.m.s.f.DefaultMavenResourcesFiltering - skip non existing resourceDirectory /Users/anurakasthoori/projects/backend-application/spring-boot/SpringMicroservice/ms-services/src/main/resources
2024-11-15 23:21:48,773 [Worker-45: Building] INFO  o.a.m.s.f.DefaultMavenResourcesFiltering - skip non existing resourceDirectory /Users/anurakasthoori/projects/backend-application/spring-boot/SpringMicroservice/ms-services/src/test/resources
2024-11-15 23:55:31,685 [Worker-46: Building] INFO  o.a.m.s.f.DefaultMavenResourcesFiltering - skip non existing resourceDirectory /Users/anurakasthoori/projects/backend-application/spring-boot/SpringMicroservice/ms-services/src/main/resources
2024-11-15 23:55:31,699 [Worker-46: Building] INFO  o.a.m.s.f.DefaultMavenResourcesFiltering - skip non existing resourceDirectory /Users/anurakasthoori/projects/backend-application/spring-boot/SpringMicroservice/ms-services/src/test/resources
2024-11-15 23:56:23,395 [Worker-46: Building] INFO  o.a.m.s.f.DefaultMavenResourcesFiltering - skip non existing resourceDirectory /Users/anurakasthoori/projects/backend-application/spring-boot/SpringMicroservice/ms-services/src/main/resources
2024-11-15 23:56:23,410 [Worker-46: Building] INFO  o.a.m.s.f.DefaultMavenResourcesFiltering - skip non existing resourceDirectory /Users/anurakasthoori/projects/backend-application/spring-boot/SpringMicroservice/ms-services/src/test/resources
2024-11-19 21:55:51,014 [Worker-8: Loading available Gradle versions] INFO  o.e.b.c.i.u.g.PublishedGradleVersions - Gradle version information cache is out-of-date. Trying to update.
2024-11-19 22:12:46,533 [Worker-29: Building] INFO  o.a.m.s.f.DefaultMavenResourcesFiltering - skip non existing resourceDirectory /Users/anurakasthoori/projects/backend-application/spring-boot/SpringMicroservice/ms-services/src/main/resources
2024-11-19 22:12:46,673 [Worker-29: Building] INFO  o.a.m.s.f.DefaultMavenResourcesFiltering - skip non existing resourceDirectory /Users/anurakasthoori/projects/backend-application/spring-boot/SpringMicroservice/ms-services/src/test/resources
2024-11-19 22:17:05,418 [Worker-29: Building] INFO  o.a.m.s.f.DefaultMavenResourcesFiltering - skip non existing resourceDirectory /Users/anurakasthoori/projects/backend-application/spring-boot/SpringMicroservice/ms-services/src/main/resources
2024-11-19 22:17:05,437 [Worker-29: Building] INFO  o.a.m.s.f.DefaultMavenResourcesFiltering - skip non existing resourceDirectory /Users/anurakasthoori/projects/backend-application/spring-boot/SpringMicroservice/ms-services/src/test/resources
2024-11-21 20:06:44,276 [Worker-4: Loading available Gradle versions] INFO  o.e.b.c.i.u.g.PublishedGradleVersions - Gradle version information cache is out-of-date. Trying to update.
2024-11-21 20:08:42,941 [ModalContext] INFO  o.e.m.c.i.e.AbstractTransferListenerAdapter - Downloading https://repo.maven.apache.org/maven2/org/apache/maven/archetypes/maven-archetype-quickstart/1.1/maven-archetype-quickstart-1.1.pom
2024-11-21 20:08:43,013 [ModalContext] INFO  o.e.m.c.i.e.AbstractTransferListenerAdapter - Downloaded https://repo.maven.apache.org/maven2/org/apache/maven/archetypes/maven-archetype-quickstart/1.1/maven-archetype-quickstart-1.1.pom
2024-11-21 20:08:43,039 [ModalContext] INFO  o.e.m.c.i.e.AbstractTransferListenerAdapter - Downloading https://repo.maven.apache.org/maven2/org/apache/maven/archetypes/maven-archetype-bundles/4/maven-archetype-bundles-4.pom
2024-11-21 20:08:43,041 [ModalContext] INFO  o.e.m.c.i.e.AbstractTransferListenerAdapter - Downloaded https://repo.maven.apache.org/maven2/org/apache/maven/archetypes/maven-archetype-bundles/4/maven-archetype-bundles-4.pom
2024-11-21 20:08:43,054 [ModalContext] INFO  o.e.m.c.i.e.AbstractTransferListenerAdapter - Downloading https://repo.maven.apache.org/maven2/org/apache/maven/archetype/maven-archetype/2.0-alpha-5/maven-archetype-2.0-alpha-5.pom
2024-11-21 20:08:43,056 [ModalContext] INFO  o.e.m.c.i.e.AbstractTransferListenerAdapter - Downloaded https://repo.maven.apache.org/maven2/org/apache/maven/archetype/maven-archetype/2.0-alpha-5/maven-archetype-2.0-alpha-5.pom
2024-11-21 20:08:43,117 [ModalContext] INFO  o.e.m.c.i.e.AbstractTransferListenerAdapter - Downloading https://repo.maven.apache.org/maven2/org/apache/maven/archetypes/maven-archetype-quickstart/1.1/maven-archetype-quickstart-1.1.jar
2024-11-21 20:08:43,120 [ModalContext] INFO  o.e.m.c.i.e.AbstractTransferListenerAdapter - Downloaded https://repo.maven.apache.org/maven2/org/apache/maven/archetypes/maven-archetype-quickstart/1.1/maven-archetype-quickstart-1.1.jar
2024-11-21 20:09:04,222 [Worker-26: Launching mavenrun-5c743cfd-693b-4248-a7a9-a92b2513da33] INFO  o.eclipse.m2e.core.internal.Bundles - getClasspathEntries(Bundle=org.eclipse.m2e.maven.runtime_3.9.700.20240602-2313 [637])
2024-11-21 20:09:04,238 [Worker-26: Launching mavenrun-5c743cfd-693b-4248-a7a9-a92b2513da33] INFO  o.eclipse.m2e.core.internal.Bundles - 	Entry: /Users/anurakasthoori/.p2/pool/plugins/org.eclipse.m2e.maven.runtime_3.9.700.20240602-2313
2024-11-21 20:09:04,238 [Worker-26: Launching mavenrun-5c743cfd-693b-4248-a7a9-a92b2513da33] INFO  o.eclipse.m2e.core.internal.Bundles - 	Entry: /Users/anurakasthoori/.p2/pool/plugins/org.eclipse.m2e.maven.runtime_3.9.700.20240602-2313/jars/aopalliance-1.0.jar
2024-11-21 20:09:04,238 [Worker-26: Launching mavenrun-5c743cfd-693b-4248-a7a9-a92b2513da33] INFO  o.eclipse.m2e.core.internal.Bundles - 	Entry: /Users/anurakasthoori/.p2/pool/plugins/org.eclipse.m2e.maven.runtime_3.9.700.20240602-2313/jars/guice-5.1.0.jar
2024-11-21 20:09:04,238 [Worker-26: Launching mavenrun-5c743cfd-693b-4248-a7a9-a92b2513da33] INFO  o.eclipse.m2e.core.internal.Bundles - 	Entry: /Users/anurakasthoori/.p2/pool/plugins/org.eclipse.m2e.maven.runtime_3.9.700.20240602-2313/jars/httpclient-4.5.14.jar
2024-11-21 20:09:04,238 [Worker-26: Launching mavenrun-5c743cfd-693b-4248-a7a9-a92b2513da33] INFO  o.eclipse.m2e.core.internal.Bundles - 	Entry: /Users/anurakasthoori/.p2/pool/plugins/org.eclipse.m2e.maven.runtime_3.9.700.20240602-2313/jars/httpcore-4.4.16.jar
2024-11-21 20:09:04,238 [Worker-26: Launching mavenrun-5c743cfd-693b-4248-a7a9-a92b2513da33] INFO  o.eclipse.m2e.core.internal.Bundles - 	Entry: /Users/anurakasthoori/.p2/pool/plugins/org.eclipse.m2e.maven.runtime_3.9.700.20240602-2313/jars/jansi-2.4.1.jar
2024-11-21 20:09:04,238 [Worker-26: Launching mavenrun-5c743cfd-693b-4248-a7a9-a92b2513da33] INFO  o.eclipse.m2e.core.internal.Bundles - 	Entry: /Users/anurakasthoori/.p2/pool/plugins/org.eclipse.m2e.maven.runtime_3.9.700.20240602-2313/jars/jcl-over-slf4j-1.7.36.jar
2024-11-21 20:09:04,238 [Worker-26: Launching mavenrun-5c743cfd-693b-4248-a7a9-a92b2513da33] INFO  o.eclipse.m2e.core.internal.Bundles - 	Entry: /Users/anurakasthoori/.p2/pool/plugins/org.eclipse.m2e.maven.runtime_3.9.700.20240602-2313/jars/maven-artifact-3.9.7.jar
2024-11-21 20:09:04,238 [Worker-26: Launching mavenrun-5c743cfd-693b-4248-a7a9-a92b2513da33] INFO  o.eclipse.m2e.core.internal.Bundles - 	Entry: /Users/anurakasthoori/.p2/pool/plugins/org.eclipse.m2e.maven.runtime_3.9.700.20240602-2313/jars/maven-builder-support-3.9.7.jar
2024-11-21 20:09:04,238 [Worker-26: Launching mavenrun-5c743cfd-693b-4248-a7a9-a92b2513da33] INFO  o.eclipse.m2e.core.internal.Bundles - 	Entry: /Users/anurakasthoori/.p2/pool/plugins/org.eclipse.m2e.maven.runtime_3.9.700.20240602-2313/jars/maven-compat-3.9.7.jar
2024-11-21 20:09:04,239 [Worker-26: Launching mavenrun-5c743cfd-693b-4248-a7a9-a92b2513da33] INFO  o.eclipse.m2e.core.internal.Bundles - 	Entry: /Users/anurakasthoori/.p2/pool/plugins/org.eclipse.m2e.maven.runtime_3.9.700.20240602-2313/jars/maven-core-3.9.7.jar
2024-11-21 20:09:04,239 [Worker-26: Launching mavenrun-5c743cfd-693b-4248-a7a9-a92b2513da33] INFO  o.eclipse.m2e.core.internal.Bundles - 	Entry: /Users/anurakasthoori/.p2/pool/plugins/org.eclipse.m2e.maven.runtime_3.9.700.20240602-2313/jars/maven-embedder-3.9.7.jar
2024-11-21 20:09:04,239 [Worker-26: Launching mavenrun-5c743cfd-693b-4248-a7a9-a92b2513da33] INFO  o.eclipse.m2e.core.internal.Bundles - 	Entry: /Users/anurakasthoori/.p2/pool/plugins/org.eclipse.m2e.maven.runtime_3.9.700.20240602-2313/jars/maven-model-3.9.7.jar
2024-11-21 20:09:04,239 [Worker-26: Launching mavenrun-5c743cfd-693b-4248-a7a9-a92b2513da33] INFO  o.eclipse.m2e.core.internal.Bundles - 	Entry: /Users/anurakasthoori/.p2/pool/plugins/org.eclipse.m2e.maven.runtime_3.9.700.20240602-2313/jars/maven-model-builder-3.9.7.jar
2024-11-21 20:09:04,239 [Worker-26: Launching mavenrun-5c743cfd-693b-4248-a7a9-a92b2513da33] INFO  o.eclipse.m2e.core.internal.Bundles - 	Entry: /Users/anurakasthoori/.p2/pool/plugins/org.eclipse.m2e.maven.runtime_3.9.700.20240602-2313/jars/maven-plugin-api-3.9.7.jar
2024-11-21 20:09:04,239 [Worker-26: Launching mavenrun-5c743cfd-693b-4248-a7a9-a92b2513da33] INFO  o.eclipse.m2e.core.internal.Bundles - 	Entry: /Users/anurakasthoori/.p2/pool/plugins/org.eclipse.m2e.maven.runtime_3.9.700.20240602-2313/jars/maven-repository-metadata-3.9.7.jar
2024-11-21 20:09:04,239 [Worker-26: Launching mavenrun-5c743cfd-693b-4248-a7a9-a92b2513da33] INFO  o.eclipse.m2e.core.internal.Bundles - 	Entry: /Users/anurakasthoori/.p2/pool/plugins/org.eclipse.m2e.maven.runtime_3.9.700.20240602-2313/jars/maven-resolver-api-1.9.20.jar
2024-11-21 20:09:04,239 [Worker-26: Launching mavenrun-5c743cfd-693b-4248-a7a9-a92b2513da33] INFO  o.eclipse.m2e.core.internal.Bundles - 	Entry: /Users/anurakasthoori/.p2/pool/plugins/org.eclipse.m2e.maven.runtime_3.9.700.20240602-2313/jars/maven-resolver-connector-basic-1.9.20.jar
2024-11-21 20:09:04,239 [Worker-26: Launching mavenrun-5c743cfd-693b-4248-a7a9-a92b2513da33] INFO  o.eclipse.m2e.core.internal.Bundles - 	Entry: /Users/anurakasthoori/.p2/pool/plugins/org.eclipse.m2e.maven.runtime_3.9.700.20240602-2313/jars/maven-resolver-impl-1.9.20.jar
2024-11-21 20:09:04,239 [Worker-26: Launching mavenrun-5c743cfd-693b-4248-a7a9-a92b2513da33] INFO  o.eclipse.m2e.core.internal.Bundles - 	Entry: /Users/anurakasthoori/.p2/pool/plugins/org.eclipse.m2e.maven.runtime_3.9.700.20240602-2313/jars/maven-resolver-named-locks-1.9.20.jar
2024-11-21 20:09:04,239 [Worker-26: Launching mavenrun-5c743cfd-693b-4248-a7a9-a92b2513da33] INFO  o.eclipse.m2e.core.internal.Bundles - 	Entry: /Users/anurakasthoori/.p2/pool/plugins/org.eclipse.m2e.maven.runtime_3.9.700.20240602-2313/jars/maven-resolver-provider-3.9.7.jar
2024-11-21 20:09:04,239 [Worker-26: Launching mavenrun-5c743cfd-693b-4248-a7a9-a92b2513da33] INFO  o.eclipse.m2e.core.internal.Bundles - 	Entry: /Users/anurakasthoori/.p2/pool/plugins/org.eclipse.m2e.maven.runtime_3.9.700.20240602-2313/jars/maven-resolver-spi-1.9.20.jar
2024-11-21 20:09:04,239 [Worker-26: Launching mavenrun-5c743cfd-693b-4248-a7a9-a92b2513da33] INFO  o.eclipse.m2e.core.internal.Bundles - 	Entry: /Users/anurakasthoori/.p2/pool/plugins/org.eclipse.m2e.maven.runtime_3.9.700.20240602-2313/jars/maven-resolver-transport-file-1.9.20.jar
2024-11-21 20:09:04,239 [Worker-26: Launching mavenrun-5c743cfd-693b-4248-a7a9-a92b2513da33] INFO  o.eclipse.m2e.core.internal.Bundles - 	Entry: /Users/anurakasthoori/.p2/pool/plugins/org.eclipse.m2e.maven.runtime_3.9.700.20240602-2313/jars/maven-resolver-transport-http-1.9.20.jar
2024-11-21 20:09:04,239 [Worker-26: Launching mavenrun-5c743cfd-693b-4248-a7a9-a92b2513da33] INFO  o.eclipse.m2e.core.internal.Bundles - 	Entry: /Users/anurakasthoori/.p2/pool/plugins/org.eclipse.m2e.maven.runtime_3.9.700.20240602-2313/jars/maven-resolver-transport-wagon-1.9.20.jar
2024-11-21 20:09:04,239 [Worker-26: Launching mavenrun-5c743cfd-693b-4248-a7a9-a92b2513da33] INFO  o.eclipse.m2e.core.internal.Bundles - 	Entry: /Users/anurakasthoori/.p2/pool/plugins/org.eclipse.m2e.maven.runtime_3.9.700.20240602-2313/jars/maven-resolver-util-1.9.20.jar
2024-11-21 20:09:04,240 [Worker-26: Launching mavenrun-5c743cfd-693b-4248-a7a9-a92b2513da33] INFO  o.eclipse.m2e.core.internal.Bundles - 	Entry: /Users/anurakasthoori/.p2/pool/plugins/org.eclipse.m2e.maven.runtime_3.9.700.20240602-2313/jars/maven-settings-3.9.7.jar
2024-11-21 20:09:04,240 [Worker-26: Launching mavenrun-5c743cfd-693b-4248-a7a9-a92b2513da33] INFO  o.eclipse.m2e.core.internal.Bundles - 	Entry: /Users/anurakasthoori/.p2/pool/plugins/org.eclipse.m2e.maven.runtime_3.9.700.20240602-2313/jars/maven-settings-builder-3.9.7.jar
2024-11-21 20:09:04,240 [Worker-26: Launching mavenrun-5c743cfd-693b-4248-a7a9-a92b2513da33] INFO  o.eclipse.m2e.core.internal.Bundles - 	Entry: /Users/anurakasthoori/.p2/pool/plugins/org.eclipse.m2e.maven.runtime_3.9.700.20240602-2313/jars/maven-shared-utils-3.4.2.jar
2024-11-21 20:09:04,240 [Worker-26: Launching mavenrun-5c743cfd-693b-4248-a7a9-a92b2513da33] INFO  o.eclipse.m2e.core.internal.Bundles - 	Entry: /Users/anurakasthoori/.p2/pool/plugins/org.eclipse.m2e.maven.runtime_3.9.700.20240602-2313/jars/org.eclipse.sisu.inject-0.9.0.M2.jar
2024-11-21 20:09:04,240 [Worker-26: Launching mavenrun-5c743cfd-693b-4248-a7a9-a92b2513da33] INFO  o.eclipse.m2e.core.internal.Bundles - 	Entry: /Users/anurakasthoori/.p2/pool/plugins/org.eclipse.m2e.maven.runtime_3.9.700.20240602-2313/jars/org.eclipse.sisu.plexus-0.9.0.M2.jar
2024-11-21 20:09:04,240 [Worker-26: Launching mavenrun-5c743cfd-693b-4248-a7a9-a92b2513da33] INFO  o.eclipse.m2e.core.internal.Bundles - 	Entry: /Users/anurakasthoori/.p2/pool/plugins/org.eclipse.m2e.maven.runtime_3.9.700.20240602-2313/jars/plexus-build-api-0.0.7.jar
2024-11-21 20:09:04,240 [Worker-26: Launching mavenrun-5c743cfd-693b-4248-a7a9-a92b2513da33] INFO  o.eclipse.m2e.core.internal.Bundles - 	Entry: /Users/anurakasthoori/.p2/pool/plugins/org.eclipse.m2e.maven.runtime_3.9.700.20240602-2313/jars/plexus-build-api-1.2.0.jar
2024-11-21 20:09:04,240 [Worker-26: Launching mavenrun-5c743cfd-693b-4248-a7a9-a92b2513da33] INFO  o.eclipse.m2e.core.internal.Bundles - 	Entry: /Users/anurakasthoori/.p2/pool/plugins/org.eclipse.m2e.maven.runtime_3.9.700.20240602-2313/jars/plexus-cipher-2.0.jar
2024-11-21 20:09:04,240 [Worker-26: Launching mavenrun-5c743cfd-693b-4248-a7a9-a92b2513da33] INFO  o.eclipse.m2e.core.internal.Bundles - 	Entry: /Users/anurakasthoori/.p2/pool/plugins/org.eclipse.m2e.maven.runtime_3.9.700.20240602-2313/jars/plexus-classworlds-2.8.0.jar
2024-11-21 20:09:04,240 [Worker-26: Launching mavenrun-5c743cfd-693b-4248-a7a9-a92b2513da33] INFO  o.eclipse.m2e.core.internal.Bundles - 	Entry: /Users/anurakasthoori/.p2/pool/plugins/org.eclipse.m2e.maven.runtime_3.9.700.20240602-2313/jars/plexus-component-annotations-2.1.0.jar
2024-11-21 20:09:04,240 [Worker-26: Launching mavenrun-5c743cfd-693b-4248-a7a9-a92b2513da33] INFO  o.eclipse.m2e.core.internal.Bundles - 	Entry: /Users/anurakasthoori/.p2/pool/plugins/org.eclipse.m2e.maven.runtime_3.9.700.20240602-2313/jars/plexus-interpolation-1.27.jar
2024-11-21 20:09:04,241 [Worker-26: Launching mavenrun-5c743cfd-693b-4248-a7a9-a92b2513da33] INFO  o.eclipse.m2e.core.internal.Bundles - 	Entry: /Users/anurakasthoori/.p2/pool/plugins/org.eclipse.m2e.maven.runtime_3.9.700.20240602-2313/jars/plexus-sec-dispatcher-2.0.jar
2024-11-21 20:09:04,241 [Worker-26: Launching mavenrun-5c743cfd-693b-4248-a7a9-a92b2513da33] INFO  o.eclipse.m2e.core.internal.Bundles - 	Entry: /Users/anurakasthoori/.p2/pool/plugins/org.eclipse.m2e.maven.runtime_3.9.700.20240602-2313/jars/plexus-utils-3.5.1.jar
2024-11-21 20:09:04,241 [Worker-26: Launching mavenrun-5c743cfd-693b-4248-a7a9-a92b2513da33] INFO  o.eclipse.m2e.core.internal.Bundles - 	Entry: /Users/anurakasthoori/.p2/pool/plugins/org.eclipse.m2e.maven.runtime_3.9.700.20240602-2313/jars/wagon-file-3.5.3.jar
2024-11-21 20:09:04,241 [Worker-26: Launching mavenrun-5c743cfd-693b-4248-a7a9-a92b2513da33] INFO  o.eclipse.m2e.core.internal.Bundles - 	Entry: /Users/anurakasthoori/.p2/pool/plugins/org.eclipse.m2e.maven.runtime_3.9.700.20240602-2313/jars/wagon-http-3.5.3.jar
2024-11-21 20:09:04,241 [Worker-26: Launching mavenrun-5c743cfd-693b-4248-a7a9-a92b2513da33] INFO  o.eclipse.m2e.core.internal.Bundles - 	Entry: /Users/anurakasthoori/.p2/pool/plugins/org.eclipse.m2e.maven.runtime_3.9.700.20240602-2313/jars/wagon-http-shared-3.5.3.jar
2024-11-21 20:09:04,241 [Worker-26: Launching mavenrun-5c743cfd-693b-4248-a7a9-a92b2513da33] INFO  o.eclipse.m2e.core.internal.Bundles - 	Entry: /Users/anurakasthoori/.p2/pool/plugins/org.eclipse.m2e.maven.runtime_3.9.700.20240602-2313/jars/wagon-provider-api-3.5.3.jar
2024-11-21 20:09:04,242 [Worker-26: Launching mavenrun-5c743cfd-693b-4248-a7a9-a92b2513da33] INFO  o.eclipse.m2e.core.internal.Bundles - getClasspathEntries(Bundle=com.google.guava_33.3.0.jre [1069])
2024-11-21 20:09:04,242 [Worker-26: Launching mavenrun-5c743cfd-693b-4248-a7a9-a92b2513da33] INFO  o.eclipse.m2e.core.internal.Bundles - 	Entry: /Users/anurakasthoori/.p2/pool/plugins/com.google.guava_33.3.0.jre.jar
2024-11-21 20:09:04,242 [Worker-26: Launching mavenrun-5c743cfd-693b-4248-a7a9-a92b2513da33] INFO  o.eclipse.m2e.core.internal.Bundles - getClasspathEntries(Bundle=slf4j.api_2.0.16 [1002])
2024-11-21 20:09:04,242 [Worker-26: Launching mavenrun-5c743cfd-693b-4248-a7a9-a92b2513da33] INFO  o.eclipse.m2e.core.internal.Bundles - 	Entry: /Users/anurakasthoori/.p2/pool/plugins/slf4j.api_2.0.16.jar
2024-11-21 20:09:04,242 [Worker-26: Launching mavenrun-5c743cfd-693b-4248-a7a9-a92b2513da33] INFO  o.eclipse.m2e.core.internal.Bundles - getClasspathEntries(Bundle=jakarta.inject.jakarta.inject-api_1.0.5 [33])
2024-11-21 20:09:04,242 [Worker-26: Launching mavenrun-5c743cfd-693b-4248-a7a9-a92b2513da33] INFO  o.eclipse.m2e.core.internal.Bundles - 	Entry: /Users/anurakasthoori/.p2/pool/plugins/jakarta.inject.jakarta.inject-api_1.0.5.jar
2024-11-21 20:09:04,242 [Worker-26: Launching mavenrun-5c743cfd-693b-4248-a7a9-a92b2513da33] INFO  o.eclipse.m2e.core.internal.Bundles - getClasspathEntries(Bundle=javax.annotation_1.3.5.v20200909-1856 [44])
2024-11-21 20:09:04,242 [Worker-26: Launching mavenrun-5c743cfd-693b-4248-a7a9-a92b2513da33] INFO  o.eclipse.m2e.core.internal.Bundles - 	Entry: /Users/anurakasthoori/.p2/pool/plugins/javax.annotation_1.3.5.v20200909-1856.jar
2024-11-21 20:09:04,242 [Worker-26: Launching mavenrun-5c743cfd-693b-4248-a7a9-a92b2513da33] INFO  o.eclipse.m2e.core.internal.Bundles - getClasspathEntries(Bundle=org.apache.commons.cli_1.9.0 [1075])
2024-11-21 20:09:04,243 [Worker-26: Launching mavenrun-5c743cfd-693b-4248-a7a9-a92b2513da33] INFO  o.eclipse.m2e.core.internal.Bundles - 	Entry: /Users/anurakasthoori/.p2/pool/plugins/org.apache.commons.cli_1.9.0.jar
2024-11-21 20:09:04,243 [Worker-26: Launching mavenrun-5c743cfd-693b-4248-a7a9-a92b2513da33] INFO  o.eclipse.m2e.core.internal.Bundles - getClasspathEntries(Bundle=org.apache.commons.commons-codec_1.16.0 [81])
2024-11-21 20:09:04,243 [Worker-26: Launching mavenrun-5c743cfd-693b-4248-a7a9-a92b2513da33] INFO  o.eclipse.m2e.core.internal.Bundles - 	Entry: /Users/anurakasthoori/.p2/pool/plugins/org.apache.commons.commons-codec_1.16.0.jar
2024-11-21 20:09:04,243 [Worker-26: Launching mavenrun-5c743cfd-693b-4248-a7a9-a92b2513da33] INFO  o.eclipse.m2e.core.internal.Bundles - getClasspathEntries(Bundle=org.apache.commons.lang3_3.16.0 [1077])
2024-11-21 20:09:04,243 [Worker-26: Launching mavenrun-5c743cfd-693b-4248-a7a9-a92b2513da33] INFO  o.eclipse.m2e.core.internal.Bundles - 	Entry: /Users/anurakasthoori/.p2/pool/plugins/org.apache.commons.lang3_3.16.0.jar
2024-11-21 20:09:04,243 [Worker-26: Launching mavenrun-5c743cfd-693b-4248-a7a9-a92b2513da33] INFO  o.eclipse.m2e.core.internal.Bundles - getClasspathEntries(Bundle=com.google.guava.failureaccess_1.0.2 [17])
2024-11-21 20:09:04,243 [Worker-26: Launching mavenrun-5c743cfd-693b-4248-a7a9-a92b2513da33] INFO  o.eclipse.m2e.core.internal.Bundles - 	Entry: /Users/anurakasthoori/.p2/pool/plugins/com.google.guava.failureaccess_1.0.2.jar
2024-11-21 20:09:04,245 [Worker-26: Launching mavenrun-5c743cfd-693b-4248-a7a9-a92b2513da33] INFO  o.e.m.i.launch.MavenLaunchDelegate - Run build in "/var/folders/hc/kgzptjys053c42j59vrf6px00000gn/T/m2e-archetypeGenerator3930642030261033309":
2024-11-21 20:09:04,288 [Worker-26: Launching mavenrun-5c743cfd-693b-4248-a7a9-a92b2513da33] INFO  o.e.m.i.launch.MavenLaunchDelegate -  mvn  -DarchetypeGroupId=org.apache.maven.archetypes -DarchetypeArtifactId=maven-archetype-quickstart -DarchetypeVersion=1.1 -DgroupId=com.routing -DartifactId=busroute -Dversion=0.0.1-SNAPSHOT -Dpackage=com.routing.busroute -DoutputDirectory=/Users/anurakasthoori/projects/backend-application/spring-boot/SpringMicroservice -Dstyle.color=always -U archetype:generate
2024-11-21 20:10:22,771 [Worker-22: Creating maven-archetype-quickstart] INFO  o.e.m.c.i.p.ProjectConfigurationManager - Collecting project info '/pom.xml' /Users/anurakasthoori/projects/backend-application/spring-boot/SpringMicroservice/busroute/pom.xml
2024-11-21 20:10:24,281 [Worker-22: Creating maven-archetype-quickstart] INFO  o.e.m.c.i.l.LifecycleMappingFactory - Using org.eclipse.m2e.jdt.JarLifecycleMapping lifecycle mapping for MavenProject: com.routing:busroute:0.0.1-SNAPSHOT @ /Users/anurakasthoori/projects/backend-application/spring-boot/SpringMicroservice/busroute/pom.xml.
2024-11-21 20:10:24,410 [Worker-22: Creating maven-archetype-quickstart] INFO  o.e.m.c.i.e.AbstractTransferListenerAdapter - Downloading https://repo.maven.apache.org/maven2/junit/junit/3.8.1/junit-3.8.1.jar
2024-11-21 20:10:24,441 [Worker-22: Creating maven-archetype-quickstart] INFO  o.e.m.c.i.e.AbstractTransferListenerAdapter - Downloaded https://repo.maven.apache.org/maven2/junit/junit/3.8.1/junit-3.8.1.jar
2024-11-21 20:10:26,499 [Worker-22: Creating maven-archetype-quickstart] INFO  o.e.m.j.i.AbstractJavaProjectConfigurator - Adding source folder /busroute/src/main/java
2024-11-21 20:10:26,500 [Worker-22: Creating maven-archetype-quickstart] INFO  o.e.m.j.i.AbstractJavaProjectConfigurator - Adding resource folder /busroute/src/main/resources
2024-11-21 20:10:26,502 [Worker-22: Creating maven-archetype-quickstart] INFO  o.e.m.j.i.AbstractJavaProjectConfigurator - Adding source folder /busroute/src/test/java
2024-11-21 20:10:26,503 [Worker-22: Creating maven-archetype-quickstart] INFO  o.e.m.j.i.AbstractJavaProjectConfigurator - Adding resource folder /busroute/src/test/resources
2024-11-21 20:10:26,746 [Worker-22: Creating maven-archetype-quickstart] INFO  o.e.m.c.i.p.ProjectConfigurationManager - Imported and configured 1 project(s) in 3 sec
2024-11-21 20:10:28,164 [Worker-21: Download sources and javadoc] INFO  o.e.m.c.i.e.AbstractTransferListenerAdapter - Downloading https://repo.maven.apache.org/maven2/junit/junit/3.8.1/junit-3.8.1-sources.jar
2024-11-21 20:10:28,182 [Worker-21: Download sources and javadoc] INFO  o.e.m.c.i.e.AbstractTransferListenerAdapter - Downloaded https://repo.maven.apache.org/maven2/junit/junit/3.8.1/junit-3.8.1-sources.jar
2024-11-21 20:10:28,197 [Worker-21: Download sources and javadoc] INFO  o.e.m.j.internal.DownloadSourcesJob - Downloaded sources for junit:junit:3.8.1
2024-11-21 20:10:29,194 [Worker-16: Building] INFO  o.a.m.s.f.DefaultMavenResourcesFiltering - skip non existing resourceDirectory /Users/anurakasthoori/projects/backend-application/spring-boot/SpringMicroservice/busroute/src/main/resources
2024-11-21 20:10:29,197 [Worker-16: Building] INFO  o.a.m.s.f.DefaultMavenResourcesFiltering - skip non existing resourceDirectory /Users/anurakasthoori/projects/backend-application/spring-boot/SpringMicroservice/busroute/src/test/resources
2024-11-21 20:11:27,340 [Worker-15: Launching Executing install in _Users_anurakasthoori_projects_backend-application_spring-boot_SpringMicroservice_busroute] INFO  o.eclipse.m2e.core.internal.Bundles - getClasspathEntries(Bundle=org.eclipse.m2e.maven.runtime_3.9.700.20240602-2313 [637])
2024-11-21 20:11:27,340 [Worker-15: Launching Executing install in _Users_anurakasthoori_projects_backend-application_spring-boot_SpringMicroservice_busroute] INFO  o.eclipse.m2e.core.internal.Bundles - 	Entry: /Users/anurakasthoori/.p2/pool/plugins/org.eclipse.m2e.maven.runtime_3.9.700.20240602-2313
2024-11-21 20:11:27,341 [Worker-15: Launching Executing install in _Users_anurakasthoori_projects_backend-application_spring-boot_SpringMicroservice_busroute] INFO  o.eclipse.m2e.core.internal.Bundles - 	Entry: /Users/anurakasthoori/.p2/pool/plugins/org.eclipse.m2e.maven.runtime_3.9.700.20240602-2313/jars/aopalliance-1.0.jar
2024-11-21 20:11:27,341 [Worker-15: Launching Executing install in _Users_anurakasthoori_projects_backend-application_spring-boot_SpringMicroservice_busroute] INFO  o.eclipse.m2e.core.internal.Bundles - 	Entry: /Users/anurakasthoori/.p2/pool/plugins/org.eclipse.m2e.maven.runtime_3.9.700.20240602-2313/jars/guice-5.1.0.jar
2024-11-21 20:11:27,341 [Worker-15: Launching Executing install in _Users_anurakasthoori_projects_backend-application_spring-boot_SpringMicroservice_busroute] INFO  o.eclipse.m2e.core.internal.Bundles - 	Entry: /Users/anurakasthoori/.p2/pool/plugins/org.eclipse.m2e.maven.runtime_3.9.700.20240602-2313/jars/httpclient-4.5.14.jar
2024-11-21 20:11:27,341 [Worker-15: Launching Executing install in _Users_anurakasthoori_projects_backend-application_spring-boot_SpringMicroservice_busroute] INFO  o.eclipse.m2e.core.internal.Bundles - 	Entry: /Users/anurakasthoori/.p2/pool/plugins/org.eclipse.m2e.maven.runtime_3.9.700.20240602-2313/jars/httpcore-4.4.16.jar
2024-11-21 20:11:27,341 [Worker-15: Launching Executing install in _Users_anurakasthoori_projects_backend-application_spring-boot_SpringMicroservice_busroute] INFO  o.eclipse.m2e.core.internal.Bundles - 	Entry: /Users/anurakasthoori/.p2/pool/plugins/org.eclipse.m2e.maven.runtime_3.9.700.20240602-2313/jars/jansi-2.4.1.jar
2024-11-21 20:11:27,341 [Worker-15: Launching Executing install in _Users_anurakasthoori_projects_backend-application_spring-boot_SpringMicroservice_busroute] INFO  o.eclipse.m2e.core.internal.Bundles - 	Entry: /Users/anurakasthoori/.p2/pool/plugins/org.eclipse.m2e.maven.runtime_3.9.700.20240602-2313/jars/jcl-over-slf4j-1.7.36.jar
2024-11-21 20:11:27,341 [Worker-15: Launching Executing install in _Users_anurakasthoori_projects_backend-application_spring-boot_SpringMicroservice_busroute] INFO  o.eclipse.m2e.core.internal.Bundles - 	Entry: /Users/anurakasthoori/.p2/pool/plugins/org.eclipse.m2e.maven.runtime_3.9.700.20240602-2313/jars/maven-artifact-3.9.7.jar
2024-11-21 20:11:27,341 [Worker-15: Launching Executing install in _Users_anurakasthoori_projects_backend-application_spring-boot_SpringMicroservice_busroute] INFO  o.eclipse.m2e.core.internal.Bundles - 	Entry: /Users/anurakasthoori/.p2/pool/plugins/org.eclipse.m2e.maven.runtime_3.9.700.20240602-2313/jars/maven-builder-support-3.9.7.jar
2024-11-21 20:11:27,341 [Worker-15: Launching Executing install in _Users_anurakasthoori_projects_backend-application_spring-boot_SpringMicroservice_busroute] INFO  o.eclipse.m2e.core.internal.Bundles - 	Entry: /Users/anurakasthoori/.p2/pool/plugins/org.eclipse.m2e.maven.runtime_3.9.700.20240602-2313/jars/maven-compat-3.9.7.jar
2024-11-21 20:11:27,341 [Worker-15: Launching Executing install in _Users_anurakasthoori_projects_backend-application_spring-boot_SpringMicroservice_busroute] INFO  o.eclipse.m2e.core.internal.Bundles - 	Entry: /Users/anurakasthoori/.p2/pool/plugins/org.eclipse.m2e.maven.runtime_3.9.700.20240602-2313/jars/maven-core-3.9.7.jar
2024-11-21 20:11:27,341 [Worker-15: Launching Executing install in _Users_anurakasthoori_projects_backend-application_spring-boot_SpringMicroservice_busroute] INFO  o.eclipse.m2e.core.internal.Bundles - 	Entry: /Users/anurakasthoori/.p2/pool/plugins/org.eclipse.m2e.maven.runtime_3.9.700.20240602-2313/jars/maven-embedder-3.9.7.jar
2024-11-21 20:11:27,341 [Worker-15: Launching Executing install in _Users_anurakasthoori_projects_backend-application_spring-boot_SpringMicroservice_busroute] INFO  o.eclipse.m2e.core.internal.Bundles - 	Entry: /Users/anurakasthoori/.p2/pool/plugins/org.eclipse.m2e.maven.runtime_3.9.700.20240602-2313/jars/maven-model-3.9.7.jar
2024-11-21 20:11:27,341 [Worker-15: Launching Executing install in _Users_anurakasthoori_projects_backend-application_spring-boot_SpringMicroservice_busroute] INFO  o.eclipse.m2e.core.internal.Bundles - 	Entry: /Users/anurakasthoori/.p2/pool/plugins/org.eclipse.m2e.maven.runtime_3.9.700.20240602-2313/jars/maven-model-builder-3.9.7.jar
2024-11-21 20:11:27,341 [Worker-15: Launching Executing install in _Users_anurakasthoori_projects_backend-application_spring-boot_SpringMicroservice_busroute] INFO  o.eclipse.m2e.core.internal.Bundles - 	Entry: /Users/anurakasthoori/.p2/pool/plugins/org.eclipse.m2e.maven.runtime_3.9.700.20240602-2313/jars/maven-plugin-api-3.9.7.jar
2024-11-21 20:11:27,341 [Worker-15: Launching Executing install in _Users_anurakasthoori_projects_backend-application_spring-boot_SpringMicroservice_busroute] INFO  o.eclipse.m2e.core.internal.Bundles - 	Entry: /Users/anurakasthoori/.p2/pool/plugins/org.eclipse.m2e.maven.runtime_3.9.700.20240602-2313/jars/maven-repository-metadata-3.9.7.jar
2024-11-21 20:11:27,341 [Worker-15: Launching Executing install in _Users_anurakasthoori_projects_backend-application_spring-boot_SpringMicroservice_busroute] INFO  o.eclipse.m2e.core.internal.Bundles - 	Entry: /Users/anurakasthoori/.p2/pool/plugins/org.eclipse.m2e.maven.runtime_3.9.700.20240602-2313/jars/maven-resolver-api-1.9.20.jar
2024-11-21 20:11:27,341 [Worker-15: Launching Executing install in _Users_anurakasthoori_projects_backend-application_spring-boot_SpringMicroservice_busroute] INFO  o.eclipse.m2e.core.internal.Bundles - 	Entry: /Users/anurakasthoori/.p2/pool/plugins/org.eclipse.m2e.maven.runtime_3.9.700.20240602-2313/jars/maven-resolver-connector-basic-1.9.20.jar
2024-11-21 20:11:27,341 [Worker-15: Launching Executing install in _Users_anurakasthoori_projects_backend-application_spring-boot_SpringMicroservice_busroute] INFO  o.eclipse.m2e.core.internal.Bundles - 	Entry: /Users/anurakasthoori/.p2/pool/plugins/org.eclipse.m2e.maven.runtime_3.9.700.20240602-2313/jars/maven-resolver-impl-1.9.20.jar
2024-11-21 20:11:27,342 [Worker-15: Launching Executing install in _Users_anurakasthoori_projects_backend-application_spring-boot_SpringMicroservice_busroute] INFO  o.eclipse.m2e.core.internal.Bundles - 	Entry: /Users/anurakasthoori/.p2/pool/plugins/org.eclipse.m2e.maven.runtime_3.9.700.20240602-2313/jars/maven-resolver-named-locks-1.9.20.jar
2024-11-21 20:11:27,342 [Worker-15: Launching Executing install in _Users_anurakasthoori_projects_backend-application_spring-boot_SpringMicroservice_busroute] INFO  o.eclipse.m2e.core.internal.Bundles - 	Entry: /Users/anurakasthoori/.p2/pool/plugins/org.eclipse.m2e.maven.runtime_3.9.700.20240602-2313/jars/maven-resolver-provider-3.9.7.jar
2024-11-21 20:11:27,342 [Worker-15: Launching Executing install in _Users_anurakasthoori_projects_backend-application_spring-boot_SpringMicroservice_busroute] INFO  o.eclipse.m2e.core.internal.Bundles - 	Entry: /Users/anurakasthoori/.p2/pool/plugins/org.eclipse.m2e.maven.runtime_3.9.700.20240602-2313/jars/maven-resolver-spi-1.9.20.jar
2024-11-21 20:11:27,342 [Worker-15: Launching Executing install in _Users_anurakasthoori_projects_backend-application_spring-boot_SpringMicroservice_busroute] INFO  o.eclipse.m2e.core.internal.Bundles - 	Entry: /Users/anurakasthoori/.p2/pool/plugins/org.eclipse.m2e.maven.runtime_3.9.700.20240602-2313/jars/maven-resolver-transport-file-1.9.20.jar
2024-11-21 20:11:27,342 [Worker-15: Launching Executing install in _Users_anurakasthoori_projects_backend-application_spring-boot_SpringMicroservice_busroute] INFO  o.eclipse.m2e.core.internal.Bundles - 	Entry: /Users/anurakasthoori/.p2/pool/plugins/org.eclipse.m2e.maven.runtime_3.9.700.20240602-2313/jars/maven-resolver-transport-http-1.9.20.jar
2024-11-21 20:11:27,342 [Worker-15: Launching Executing install in _Users_anurakasthoori_projects_backend-application_spring-boot_SpringMicroservice_busroute] INFO  o.eclipse.m2e.core.internal.Bundles - 	Entry: /Users/anurakasthoori/.p2/pool/plugins/org.eclipse.m2e.maven.runtime_3.9.700.20240602-2313/jars/maven-resolver-transport-wagon-1.9.20.jar
2024-11-21 20:11:27,342 [Worker-15: Launching Executing install in _Users_anurakasthoori_projects_backend-application_spring-boot_SpringMicroservice_busroute] INFO  o.eclipse.m2e.core.internal.Bundles - 	Entry: /Users/anurakasthoori/.p2/pool/plugins/org.eclipse.m2e.maven.runtime_3.9.700.20240602-2313/jars/maven-resolver-util-1.9.20.jar
2024-11-21 20:11:27,342 [Worker-15: Launching Executing install in _Users_anurakasthoori_projects_backend-application_spring-boot_SpringMicroservice_busroute] INFO  o.eclipse.m2e.core.internal.Bundles - 	Entry: /Users/anurakasthoori/.p2/pool/plugins/org.eclipse.m2e.maven.runtime_3.9.700.20240602-2313/jars/maven-settings-3.9.7.jar
2024-11-21 20:11:27,342 [Worker-15: Launching Executing install in _Users_anurakasthoori_projects_backend-application_spring-boot_SpringMicroservice_busroute] INFO  o.eclipse.m2e.core.internal.Bundles - 	Entry: /Users/anurakasthoori/.p2/pool/plugins/org.eclipse.m2e.maven.runtime_3.9.700.20240602-2313/jars/maven-settings-builder-3.9.7.jar
2024-11-21 20:11:27,342 [Worker-15: Launching Executing install in _Users_anurakasthoori_projects_backend-application_spring-boot_SpringMicroservice_busroute] INFO  o.eclipse.m2e.core.internal.Bundles - 	Entry: /Users/anurakasthoori/.p2/pool/plugins/org.eclipse.m2e.maven.runtime_3.9.700.20240602-2313/jars/maven-shared-utils-3.4.2.jar
2024-11-21 20:11:27,342 [Worker-15: Launching Executing install in _Users_anurakasthoori_projects_backend-application_spring-boot_SpringMicroservice_busroute] INFO  o.eclipse.m2e.core.internal.Bundles - 	Entry: /Users/anurakasthoori/.p2/pool/plugins/org.eclipse.m2e.maven.runtime_3.9.700.20240602-2313/jars/org.eclipse.sisu.inject-0.9.0.M2.jar
2024-11-21 20:11:27,342 [Worker-15: Launching Executing install in _Users_anurakasthoori_projects_backend-application_spring-boot_SpringMicroservice_busroute] INFO  o.eclipse.m2e.core.internal.Bundles - 	Entry: /Users/anurakasthoori/.p2/pool/plugins/org.eclipse.m2e.maven.runtime_3.9.700.20240602-2313/jars/org.eclipse.sisu.plexus-0.9.0.M2.jar
2024-11-21 20:11:27,342 [Worker-15: Launching Executing install in _Users_anurakasthoori_projects_backend-application_spring-boot_SpringMicroservice_busroute] INFO  o.eclipse.m2e.core.internal.Bundles - 	Entry: /Users/anurakasthoori/.p2/pool/plugins/org.eclipse.m2e.maven.runtime_3.9.700.20240602-2313/jars/plexus-build-api-0.0.7.jar
2024-11-21 20:11:27,342 [Worker-15: Launching Executing install in _Users_anurakasthoori_projects_backend-application_spring-boot_SpringMicroservice_busroute] INFO  o.eclipse.m2e.core.internal.Bundles - 	Entry: /Users/anurakasthoori/.p2/pool/plugins/org.eclipse.m2e.maven.runtime_3.9.700.20240602-2313/jars/plexus-build-api-1.2.0.jar
2024-11-21 20:11:27,342 [Worker-15: Launching Executing install in _Users_anurakasthoori_projects_backend-application_spring-boot_SpringMicroservice_busroute] INFO  o.eclipse.m2e.core.internal.Bundles - 	Entry: /Users/anurakasthoori/.p2/pool/plugins/org.eclipse.m2e.maven.runtime_3.9.700.20240602-2313/jars/plexus-cipher-2.0.jar
2024-11-21 20:11:27,342 [Worker-15: Launching Executing install in _Users_anurakasthoori_projects_backend-application_spring-boot_SpringMicroservice_busroute] INFO  o.eclipse.m2e.core.internal.Bundles - 	Entry: /Users/anurakasthoori/.p2/pool/plugins/org.eclipse.m2e.maven.runtime_3.9.700.20240602-2313/jars/plexus-classworlds-2.8.0.jar
2024-11-21 20:11:27,342 [Worker-15: Launching Executing install in _Users_anurakasthoori_projects_backend-application_spring-boot_SpringMicroservice_busroute] INFO  o.eclipse.m2e.core.internal.Bundles - 	Entry: /Users/anurakasthoori/.p2/pool/plugins/org.eclipse.m2e.maven.runtime_3.9.700.20240602-2313/jars/plexus-component-annotations-2.1.0.jar
2024-11-21 20:11:27,342 [Worker-15: Launching Executing install in _Users_anurakasthoori_projects_backend-application_spring-boot_SpringMicroservice_busroute] INFO  o.eclipse.m2e.core.internal.Bundles - 	Entry: /Users/anurakasthoori/.p2/pool/plugins/org.eclipse.m2e.maven.runtime_3.9.700.20240602-2313/jars/plexus-interpolation-1.27.jar
2024-11-21 20:11:27,342 [Worker-15: Launching Executing install in _Users_anurakasthoori_projects_backend-application_spring-boot_SpringMicroservice_busroute] INFO  o.eclipse.m2e.core.internal.Bundles - 	Entry: /Users/anurakasthoori/.p2/pool/plugins/org.eclipse.m2e.maven.runtime_3.9.700.20240602-2313/jars/plexus-sec-dispatcher-2.0.jar
2024-11-21 20:11:27,342 [Worker-15: Launching Executing install in _Users_anurakasthoori_projects_backend-application_spring-boot_SpringMicroservice_busroute] INFO  o.eclipse.m2e.core.internal.Bundles - 	Entry: /Users/anurakasthoori/.p2/pool/plugins/org.eclipse.m2e.maven.runtime_3.9.700.20240602-2313/jars/plexus-utils-3.5.1.jar
2024-11-21 20:11:27,343 [Worker-15: Launching Executing install in _Users_anurakasthoori_projects_backend-application_spring-boot_SpringMicroservice_busroute] INFO  o.eclipse.m2e.core.internal.Bundles - 	Entry: /Users/anurakasthoori/.p2/pool/plugins/org.eclipse.m2e.maven.runtime_3.9.700.20240602-2313/jars/wagon-file-3.5.3.jar
2024-11-21 20:11:27,343 [Worker-15: Launching Executing install in _Users_anurakasthoori_projects_backend-application_spring-boot_SpringMicroservice_busroute] INFO  o.eclipse.m2e.core.internal.Bundles - 	Entry: /Users/anurakasthoori/.p2/pool/plugins/org.eclipse.m2e.maven.runtime_3.9.700.20240602-2313/jars/wagon-http-3.5.3.jar
2024-11-21 20:11:27,343 [Worker-15: Launching Executing install in _Users_anurakasthoori_projects_backend-application_spring-boot_SpringMicroservice_busroute] INFO  o.eclipse.m2e.core.internal.Bundles - 	Entry: /Users/anurakasthoori/.p2/pool/plugins/org.eclipse.m2e.maven.runtime_3.9.700.20240602-2313/jars/wagon-http-shared-3.5.3.jar
2024-11-21 20:11:27,343 [Worker-15: Launching Executing install in _Users_anurakasthoori_projects_backend-application_spring-boot_SpringMicroservice_busroute] INFO  o.eclipse.m2e.core.internal.Bundles - 	Entry: /Users/anurakasthoori/.p2/pool/plugins/org.eclipse.m2e.maven.runtime_3.9.700.20240602-2313/jars/wagon-provider-api-3.5.3.jar
2024-11-21 20:11:27,343 [Worker-15: Launching Executing install in _Users_anurakasthoori_projects_backend-application_spring-boot_SpringMicroservice_busroute] INFO  o.eclipse.m2e.core.internal.Bundles - getClasspathEntries(Bundle=com.google.guava_33.3.0.jre [1069])
2024-11-21 20:11:27,343 [Worker-15: Launching Executing install in _Users_anurakasthoori_projects_backend-application_spring-boot_SpringMicroservice_busroute] INFO  o.eclipse.m2e.core.internal.Bundles - 	Entry: /Users/anurakasthoori/.p2/pool/plugins/com.google.guava_33.3.0.jre.jar
2024-11-21 20:11:27,343 [Worker-15: Launching Executing install in _Users_anurakasthoori_projects_backend-application_spring-boot_SpringMicroservice_busroute] INFO  o.eclipse.m2e.core.internal.Bundles - getClasspathEntries(Bundle=slf4j.api_2.0.16 [1002])
2024-11-21 20:11:27,343 [Worker-15: Launching Executing install in _Users_anurakasthoori_projects_backend-application_spring-boot_SpringMicroservice_busroute] INFO  o.eclipse.m2e.core.internal.Bundles - 	Entry: /Users/anurakasthoori/.p2/pool/plugins/slf4j.api_2.0.16.jar
2024-11-21 20:11:27,343 [Worker-15: Launching Executing install in _Users_anurakasthoori_projects_backend-application_spring-boot_SpringMicroservice_busroute] INFO  o.eclipse.m2e.core.internal.Bundles - getClasspathEntries(Bundle=jakarta.inject.jakarta.inject-api_1.0.5 [33])
2024-11-21 20:11:27,343 [Worker-15: Launching Executing install in _Users_anurakasthoori_projects_backend-application_spring-boot_SpringMicroservice_busroute] INFO  o.eclipse.m2e.core.internal.Bundles - 	Entry: /Users/anurakasthoori/.p2/pool/plugins/jakarta.inject.jakarta.inject-api_1.0.5.jar
2024-11-21 20:11:27,343 [Worker-15: Launching Executing install in _Users_anurakasthoori_projects_backend-application_spring-boot_SpringMicroservice_busroute] INFO  o.eclipse.m2e.core.internal.Bundles - getClasspathEntries(Bundle=javax.annotation_1.3.5.v20200909-1856 [44])
2024-11-21 20:11:27,343 [Worker-15: Launching Executing install in _Users_anurakasthoori_projects_backend-application_spring-boot_SpringMicroservice_busroute] INFO  o.eclipse.m2e.core.internal.Bundles - 	Entry: /Users/anurakasthoori/.p2/pool/plugins/javax.annotation_1.3.5.v20200909-1856.jar
2024-11-21 20:11:27,343 [Worker-15: Launching Executing install in _Users_anurakasthoori_projects_backend-application_spring-boot_SpringMicroservice_busroute] INFO  o.eclipse.m2e.core.internal.Bundles - getClasspathEntries(Bundle=org.apache.commons.cli_1.9.0 [1075])
2024-11-21 20:11:27,343 [Worker-15: Launching Executing install in _Users_anurakasthoori_projects_backend-application_spring-boot_SpringMicroservice_busroute] INFO  o.eclipse.m2e.core.internal.Bundles - 	Entry: /Users/anurakasthoori/.p2/pool/plugins/org.apache.commons.cli_1.9.0.jar
2024-11-21 20:11:27,343 [Worker-15: Launching Executing install in _Users_anurakasthoori_projects_backend-application_spring-boot_SpringMicroservice_busroute] INFO  o.eclipse.m2e.core.internal.Bundles - getClasspathEntries(Bundle=org.apache.commons.commons-codec_1.16.0 [81])
2024-11-21 20:11:27,343 [Worker-15: Launching Executing install in _Users_anurakasthoori_projects_backend-application_spring-boot_SpringMicroservice_busroute] INFO  o.eclipse.m2e.core.internal.Bundles - 	Entry: /Users/anurakasthoori/.p2/pool/plugins/org.apache.commons.commons-codec_1.16.0.jar
2024-11-21 20:11:27,343 [Worker-15: Launching Executing install in _Users_anurakasthoori_projects_backend-application_spring-boot_SpringMicroservice_busroute] INFO  o.eclipse.m2e.core.internal.Bundles - getClasspathEntries(Bundle=org.apache.commons.lang3_3.16.0 [1077])
2024-11-21 20:11:27,344 [Worker-15: Launching Executing install in _Users_anurakasthoori_projects_backend-application_spring-boot_SpringMicroservice_busroute] INFO  o.eclipse.m2e.core.internal.Bundles - 	Entry: /Users/anurakasthoori/.p2/pool/plugins/org.apache.commons.lang3_3.16.0.jar
2024-11-21 20:11:27,344 [Worker-15: Launching Executing install in _Users_anurakasthoori_projects_backend-application_spring-boot_SpringMicroservice_busroute] INFO  o.eclipse.m2e.core.internal.Bundles - getClasspathEntries(Bundle=com.google.guava.failureaccess_1.0.2 [17])
2024-11-21 20:11:27,344 [Worker-15: Launching Executing install in _Users_anurakasthoori_projects_backend-application_spring-boot_SpringMicroservice_busroute] INFO  o.eclipse.m2e.core.internal.Bundles - 	Entry: /Users/anurakasthoori/.p2/pool/plugins/com.google.guava.failureaccess_1.0.2.jar
2024-11-21 20:11:27,344 [Worker-15: Launching Executing install in _Users_anurakasthoori_projects_backend-application_spring-boot_SpringMicroservice_busroute] INFO  o.e.m.i.launch.MavenLaunchDelegate - Run build in "/Users/anurakasthoori/projects/backend-application/spring-boot/SpringMicroservice/busroute":
2024-11-21 20:11:27,344 [Worker-15: Launching Executing install in _Users_anurakasthoori_projects_backend-application_spring-boot_SpringMicroservice_busroute] INFO  o.e.m.i.launch.MavenLaunchDelegate -  mvn  -B -Dstyle.color=always install
2024-11-21 20:11:32,430 [Worker-21: Building] INFO  o.a.m.s.f.DefaultMavenResourcesFiltering - skip non existing resourceDirectory /Users/anurakasthoori/projects/backend-application/spring-boot/SpringMicroservice/busroute/src/main/resources
2024-11-21 20:11:32,432 [Worker-21: Building] INFO  o.a.m.s.f.DefaultMavenResourcesFiltering - skip non existing resourceDirectory /Users/anurakasthoori/projects/backend-application/spring-boot/SpringMicroservice/busroute/src/test/resources
2024-11-21 20:15:12,523 [Worker-28: Building] INFO  o.e.m.c.i.l.LifecycleMappingFactory - Using org.eclipse.m2e.jdt.JarLifecycleMapping lifecycle mapping for MavenProject: com.routing:busroute:0.0.1-SNAPSHOT @ /Users/anurakasthoori/projects/backend-application/spring-boot/SpringMicroservice/busroute/pom.xml.
2024-11-21 20:15:12,602 [Worker-28: Building] INFO  o.e.m.c.i.e.AbstractTransferListenerAdapter - Downloading https://repo.maven.apache.org/maven2/org/optaplanner/optaplanner-core/9.44.0.Final/optaplanner-core-9.44.0.Final.pom
2024-11-21 20:15:12,603 [Worker-28: Building] INFO  o.e.m.c.i.e.AbstractTransferListenerAdapter - Downloaded https://repo.maven.apache.org/maven2/org/optaplanner/optaplanner-core/9.44.0.Final/optaplanner-core-9.44.0.Final.pom
2024-11-21 20:15:12,616 [Worker-28: Building] INFO  o.e.m.c.i.e.AbstractTransferListenerAdapter - Downloading https://repo.maven.apache.org/maven2/org/optaplanner/optaplanner-core-parent/9.44.0.Final/optaplanner-core-parent-9.44.0.Final.pom
2024-11-21 20:15:12,617 [Worker-28: Building] INFO  o.e.m.c.i.e.AbstractTransferListenerAdapter - Downloaded https://repo.maven.apache.org/maven2/org/optaplanner/optaplanner-core-parent/9.44.0.Final/optaplanner-core-parent-9.44.0.Final.pom
2024-11-21 20:15:12,636 [Worker-28: Building] INFO  o.e.m.c.i.e.AbstractTransferListenerAdapter - Downloading https://repo.maven.apache.org/maven2/org/optaplanner/optaplanner-build-parent/9.44.0.Final/optaplanner-build-parent-9.44.0.Final.pom
2024-11-21 20:15:12,640 [Worker-28: Building] INFO  o.e.m.c.i.e.AbstractTransferListenerAdapter - Downloaded https://repo.maven.apache.org/maven2/org/optaplanner/optaplanner-build-parent/9.44.0.Final/optaplanner-build-parent-9.44.0.Final.pom
2024-11-21 20:15:12,654 [Worker-28: Building] INFO  o.e.m.c.i.e.AbstractTransferListenerAdapter - Downloading https://repo.maven.apache.org/maven2/org/optaplanner/optaplanner-parent/9.44.0.Final/optaplanner-parent-9.44.0.Final.pom
2024-11-21 20:15:12,655 [Worker-28: Building] INFO  o.e.m.c.i.e.AbstractTransferListenerAdapter - Downloaded https://repo.maven.apache.org/maven2/org/optaplanner/optaplanner-parent/9.44.0.Final/optaplanner-parent-9.44.0.Final.pom
2024-11-21 20:15:12,700 [Worker-28: Building] INFO  o.e.m.c.i.e.AbstractTransferListenerAdapter - Downloading https://repo.maven.apache.org/maven2/org/optaplanner/optaplanner-bom/9.44.0.Final/optaplanner-bom-9.44.0.Final.pom
2024-11-21 20:15:12,703 [Worker-28: Building] INFO  o.e.m.c.i.e.AbstractTransferListenerAdapter - Downloaded https://repo.maven.apache.org/maven2/org/optaplanner/optaplanner-bom/9.44.0.Final/optaplanner-bom-9.44.0.Final.pom
2024-11-21 20:15:12,740 [Worker-28: Building] INFO  o.e.m.c.i.e.AbstractTransferListenerAdapter - Downloading https://repo.maven.apache.org/maven2/io/quarkus/quarkus-bom/3.0.0.Final/quarkus-bom-3.0.0.Final.pom
2024-11-21 20:15:12,782 [Worker-28: Building] INFO  o.e.m.c.i.e.AbstractTransferListenerAdapter - Downloaded https://repo.maven.apache.org/maven2/io/quarkus/quarkus-bom/3.0.0.Final/quarkus-bom-3.0.0.Final.pom
2024-11-21 20:15:12,798 [Worker-28: Building] INFO  o.e.m.c.i.e.AbstractTransferListenerAdapter - Downloading https://repo.maven.apache.org/maven2/org/drools/drools-bom/8.44.0.Final/drools-bom-8.44.0.Final.pom
2024-11-21 20:15:12,801 [Worker-28: Building] INFO  o.e.m.c.i.e.AbstractTransferListenerAdapter - Downloaded https://repo.maven.apache.org/maven2/org/drools/drools-bom/8.44.0.Final/drools-bom-8.44.0.Final.pom
2024-11-21 20:15:12,810 [Worker-28: Building] INFO  o.e.m.c.i.e.AbstractTransferListenerAdapter - Downloading https://repo.maven.apache.org/maven2/org/kie/kie-core-bom/8.44.0.Final/kie-core-bom-8.44.0.Final.pom
2024-11-21 20:15:12,812 [Worker-28: Building] INFO  o.e.m.c.i.e.AbstractTransferListenerAdapter - Downloaded https://repo.maven.apache.org/maven2/org/kie/kie-core-bom/8.44.0.Final/kie-core-bom-8.44.0.Final.pom
2024-11-21 20:15:12,821 [Worker-28: Building] INFO  o.e.m.c.i.e.AbstractTransferListenerAdapter - Downloading https://repo.maven.apache.org/maven2/org/kie/drools-parent/8.44.0.Final/drools-parent-8.44.0.Final.pom
2024-11-21 20:15:12,822 [Worker-28: Building] INFO  o.e.m.c.i.e.AbstractTransferListenerAdapter - Downloaded https://repo.maven.apache.org/maven2/org/kie/drools-parent/8.44.0.Final/drools-parent-8.44.0.Final.pom
2024-11-21 20:15:12,862 [Worker-28: Building] INFO  o.e.m.c.i.e.AbstractTransferListenerAdapter - Downloading https://repo.maven.apache.org/maven2/org/openrewrite/recipe/rewrite-recipe-bom/1.19.3/rewrite-recipe-bom-1.19.3.pom
2024-11-21 20:15:12,863 [Worker-28: Building] INFO  o.e.m.c.i.e.AbstractTransferListenerAdapter - Downloaded https://repo.maven.apache.org/maven2/org/openrewrite/recipe/rewrite-recipe-bom/1.19.3/rewrite-recipe-bom-1.19.3.pom
2024-11-21 20:15:12,873 [Worker-28: Building] INFO  o.e.m.c.i.e.AbstractTransferListenerAdapter - Downloading https://repo.maven.apache.org/maven2/org/openrewrite/rewrite-bom/7.40.3/rewrite-bom-7.40.3.pom
2024-11-21 20:15:12,874 [Worker-28: Building] INFO  o.e.m.c.i.e.AbstractTransferListenerAdapter - Downloaded https://repo.maven.apache.org/maven2/org/openrewrite/rewrite-bom/7.40.3/rewrite-bom-7.40.3.pom
2024-11-21 20:15:12,889 [Worker-28: Building] INFO  o.e.m.c.i.e.AbstractTransferListenerAdapter - Downloading https://repo.maven.apache.org/maven2/org/optaplanner/optaplanner-core-impl/9.44.0.Final/optaplanner-core-impl-9.44.0.Final.pom
2024-11-21 20:15:12,890 [Worker-28: Building] INFO  o.e.m.c.i.e.AbstractTransferListenerAdapter - Downloaded https://repo.maven.apache.org/maven2/org/optaplanner/optaplanner-core-impl/9.44.0.Final/optaplanner-core-impl-9.44.0.Final.pom
2024-11-21 20:15:12,905 [Worker-28: Building] INFO  o.e.m.c.i.e.AbstractTransferListenerAdapter - Downloading https://repo.maven.apache.org/maven2/org/apache/commons/commons-math3/3.6.1/commons-math3-3.6.1.pom
2024-11-21 20:15:12,907 [Worker-28: Building] INFO  o.e.m.c.i.e.AbstractTransferListenerAdapter - Downloaded https://repo.maven.apache.org/maven2/org/apache/commons/commons-math3/3.6.1/commons-math3-3.6.1.pom
2024-11-21 20:15:12,923 [Worker-28: Building] INFO  o.e.m.c.i.e.AbstractTransferListenerAdapter - Downloading https://repo.maven.apache.org/maven2/org/slf4j/slf4j-api/2.0.6/slf4j-api-2.0.6.pom
2024-11-21 20:15:12,924 [Worker-28: Building] INFO  o.e.m.c.i.e.AbstractTransferListenerAdapter - Downloaded https://repo.maven.apache.org/maven2/org/slf4j/slf4j-api/2.0.6/slf4j-api-2.0.6.pom
2024-11-21 20:15:12,933 [Worker-28: Building] INFO  o.e.m.c.i.e.AbstractTransferListenerAdapter - Downloading https://repo.maven.apache.org/maven2/org/slf4j/slf4j-parent/2.0.6/slf4j-parent-2.0.6.pom
2024-11-21 20:15:12,937 [Worker-28: Building] INFO  o.e.m.c.i.e.AbstractTransferListenerAdapter - Downloaded https://repo.maven.apache.org/maven2/org/slf4j/slf4j-parent/2.0.6/slf4j-parent-2.0.6.pom
2024-11-21 20:15:12,948 [Worker-28: Building] INFO  o.e.m.c.i.e.AbstractTransferListenerAdapter - Downloading https://repo.maven.apache.org/maven2/io/micrometer/micrometer-core/1.10.5/micrometer-core-1.10.5.pom
2024-11-21 20:15:12,949 [Worker-28: Building] INFO  o.e.m.c.i.e.AbstractTransferListenerAdapter - Downloaded https://repo.maven.apache.org/maven2/io/micrometer/micrometer-core/1.10.5/micrometer-core-1.10.5.pom
2024-11-21 20:15:12,961 [Worker-28: Building] INFO  o.e.m.c.i.e.AbstractTransferListenerAdapter - Downloading https://repo.maven.apache.org/maven2/io/micrometer/micrometer-commons/1.10.5/micrometer-commons-1.10.5.pom
2024-11-21 20:15:12,964 [Worker-28: Building] INFO  o.e.m.c.i.e.AbstractTransferListenerAdapter - Downloaded https://repo.maven.apache.org/maven2/io/micrometer/micrometer-commons/1.10.5/micrometer-commons-1.10.5.pom
2024-11-21 20:15:12,972 [Worker-28: Building] INFO  o.e.m.c.i.e.AbstractTransferListenerAdapter - Downloading https://repo.maven.apache.org/maven2/io/micrometer/micrometer-observation/1.10.5/micrometer-observation-1.10.5.pom
2024-11-21 20:15:12,973 [Worker-28: Building] INFO  o.e.m.c.i.e.AbstractTransferListenerAdapter - Downloaded https://repo.maven.apache.org/maven2/io/micrometer/micrometer-observation/1.10.5/micrometer-observation-1.10.5.pom
2024-11-21 20:15:12,985 [Worker-28: Building] INFO  o.e.m.c.i.e.AbstractTransferListenerAdapter - Downloading https://repo.maven.apache.org/maven2/org/hdrhistogram/HdrHistogram/2.1.12/HdrHistogram-2.1.12.pom
2024-11-21 20:15:12,988 [Worker-28: Building] INFO  o.e.m.c.i.e.AbstractTransferListenerAdapter - Downloaded https://repo.maven.apache.org/maven2/org/hdrhistogram/HdrHistogram/2.1.12/HdrHistogram-2.1.12.pom
2024-11-21 20:15:13,002 [Worker-28: Building] INFO  o.e.m.c.i.e.AbstractTransferListenerAdapter - Downloading https://repo.maven.apache.org/maven2/jakarta/xml/bind/jakarta.xml.bind-api/4.0.0/jakarta.xml.bind-api-4.0.0.pom
2024-11-21 20:15:13,003 [Worker-28: Building] INFO  o.e.m.c.i.e.AbstractTransferListenerAdapter - Downloaded https://repo.maven.apache.org/maven2/jakarta/xml/bind/jakarta.xml.bind-api/4.0.0/jakarta.xml.bind-api-4.0.0.pom
2024-11-21 20:15:13,013 [Worker-28: Building] INFO  o.e.m.c.i.e.AbstractTransferListenerAdapter - Downloading https://repo.maven.apache.org/maven2/jakarta/xml/bind/jakarta.xml.bind-api-parent/4.0.0/jakarta.xml.bind-api-parent-4.0.0.pom
2024-11-21 20:15:13,015 [Worker-28: Building] INFO  o.e.m.c.i.e.AbstractTransferListenerAdapter - Downloaded https://repo.maven.apache.org/maven2/jakarta/xml/bind/jakarta.xml.bind-api-parent/4.0.0/jakarta.xml.bind-api-parent-4.0.0.pom
2024-11-21 20:15:13,029 [Worker-28: Building] INFO  o.e.m.c.i.e.AbstractTransferListenerAdapter - Downloading https://repo.maven.apache.org/maven2/jakarta/activation/jakarta.activation-api/2.1.0/jakarta.activation-api-2.1.0.pom
2024-11-21 20:15:13,032 [Worker-28: Building] INFO  o.e.m.c.i.e.AbstractTransferListenerAdapter - Downloaded https://repo.maven.apache.org/maven2/jakarta/activation/jakarta.activation-api/2.1.0/jakarta.activation-api-2.1.0.pom
2024-11-21 20:15:13,041 [Worker-28: Building] INFO  o.e.m.c.i.e.AbstractTransferListenerAdapter - Downloading https://repo.maven.apache.org/maven2/org/glassfish/jaxb/jaxb-runtime/4.0.2/jaxb-runtime-4.0.2.pom
2024-11-21 20:15:13,044 [Worker-28: Building] INFO  o.e.m.c.i.e.AbstractTransferListenerAdapter - Downloaded https://repo.maven.apache.org/maven2/org/glassfish/jaxb/jaxb-runtime/4.0.2/jaxb-runtime-4.0.2.pom
2024-11-21 20:15:13,053 [Worker-28: Building] INFO  o.e.m.c.i.e.AbstractTransferListenerAdapter - Downloading https://repo.maven.apache.org/maven2/com/sun/xml/bind/mvn/jaxb-runtime-parent/4.0.2/jaxb-runtime-parent-4.0.2.pom
2024-11-21 20:15:13,054 [Worker-28: Building] INFO  o.e.m.c.i.e.AbstractTransferListenerAdapter - Downloaded https://repo.maven.apache.org/maven2/com/sun/xml/bind/mvn/jaxb-runtime-parent/4.0.2/jaxb-runtime-parent-4.0.2.pom
2024-11-21 20:15:13,064 [Worker-28: Building] INFO  o.e.m.c.i.e.AbstractTransferListenerAdapter - Downloading https://repo.maven.apache.org/maven2/com/sun/xml/bind/mvn/jaxb-parent/4.0.2/jaxb-parent-4.0.2.pom
2024-11-21 20:15:13,069 [Worker-28: Building] INFO  o.e.m.c.i.e.AbstractTransferListenerAdapter - Downloaded https://repo.maven.apache.org/maven2/com/sun/xml/bind/mvn/jaxb-parent/4.0.2/jaxb-parent-4.0.2.pom
2024-11-21 20:15:13,078 [Worker-28: Building] INFO  o.e.m.c.i.e.AbstractTransferListenerAdapter - Downloading https://repo.maven.apache.org/maven2/com/sun/xml/bind/jaxb-bom-ext/4.0.2/jaxb-bom-ext-4.0.2.pom
2024-11-21 20:15:13,080 [Worker-28: Building] INFO  o.e.m.c.i.e.AbstractTransferListenerAdapter - Downloaded https://repo.maven.apache.org/maven2/com/sun/xml/bind/jaxb-bom-ext/4.0.2/jaxb-bom-ext-4.0.2.pom
2024-11-21 20:15:13,089 [Worker-28: Building] INFO  o.e.m.c.i.e.AbstractTransferListenerAdapter - Downloading https://repo.maven.apache.org/maven2/org/glassfish/jaxb/jaxb-bom/4.0.2/jaxb-bom-4.0.2.pom
2024-11-21 20:15:13,091 [Worker-28: Building] INFO  o.e.m.c.i.e.AbstractTransferListenerAdapter - Downloaded https://repo.maven.apache.org/maven2/org/glassfish/jaxb/jaxb-bom/4.0.2/jaxb-bom-4.0.2.pom
2024-11-21 20:15:13,101 [Worker-28: Building] INFO  o.e.m.c.i.e.AbstractTransferListenerAdapter - Downloading https://repo.maven.apache.org/maven2/org/glassfish/jaxb/jaxb-core/4.0.2/jaxb-core-4.0.2.pom
2024-11-21 20:15:13,102 [Worker-28: Building] INFO  o.e.m.c.i.e.AbstractTransferListenerAdapter - Downloaded https://repo.maven.apache.org/maven2/org/glassfish/jaxb/jaxb-core/4.0.2/jaxb-core-4.0.2.pom
2024-11-21 20:15:13,114 [Worker-28: Building] INFO  o.e.m.c.i.e.AbstractTransferListenerAdapter - Downloading https://repo.maven.apache.org/maven2/jakarta/activation/jakarta.activation-api/2.1.1/jakarta.activation-api-2.1.1.pom
2024-11-21 20:15:13,115 [Worker-28: Building] INFO  o.e.m.c.i.e.AbstractTransferListenerAdapter - Downloaded https://repo.maven.apache.org/maven2/jakarta/activation/jakarta.activation-api/2.1.1/jakarta.activation-api-2.1.1.pom
2024-11-21 20:15:13,127 [Worker-28: Building] INFO  o.e.m.c.i.e.AbstractTransferListenerAdapter - Downloading https://repo.maven.apache.org/maven2/org/eclipse/angus/angus-activation/2.0.0/angus-activation-2.0.0.pom
2024-11-21 20:15:13,128 [Worker-28: Building] INFO  o.e.m.c.i.e.AbstractTransferListenerAdapter - Downloaded https://repo.maven.apache.org/maven2/org/eclipse/angus/angus-activation/2.0.0/angus-activation-2.0.0.pom
2024-11-21 20:15:13,142 [Worker-28: Building] INFO  o.e.m.c.i.e.AbstractTransferListenerAdapter - Downloading https://repo.maven.apache.org/maven2/org/eclipse/angus/angus-activation-project/2.0.0/angus-activation-project-2.0.0.pom
2024-11-21 20:15:13,144 [Worker-28: Building] INFO  o.e.m.c.i.e.AbstractTransferListenerAdapter - Downloaded https://repo.maven.apache.org/maven2/org/eclipse/angus/angus-activation-project/2.0.0/angus-activation-project-2.0.0.pom
2024-11-21 20:15:13,159 [Worker-28: Building] INFO  o.e.m.c.i.e.AbstractTransferListenerAdapter - Downloading https://repo.maven.apache.org/maven2/org/glassfish/jaxb/txw2/4.0.2/txw2-4.0.2.pom
2024-11-21 20:15:13,160 [Worker-28: Building] INFO  o.e.m.c.i.e.AbstractTransferListenerAdapter - Downloaded https://repo.maven.apache.org/maven2/org/glassfish/jaxb/txw2/4.0.2/txw2-4.0.2.pom
2024-11-21 20:15:13,173 [Worker-28: Building] INFO  o.e.m.c.i.e.AbstractTransferListenerAdapter - Downloading https://repo.maven.apache.org/maven2/com/sun/xml/bind/mvn/jaxb-txw-parent/4.0.2/jaxb-txw-parent-4.0.2.pom
2024-11-21 20:15:13,175 [Worker-28: Building] INFO  o.e.m.c.i.e.AbstractTransferListenerAdapter - Downloaded https://repo.maven.apache.org/maven2/com/sun/xml/bind/mvn/jaxb-txw-parent/4.0.2/jaxb-txw-parent-4.0.2.pom
2024-11-21 20:15:13,192 [Worker-28: Building] INFO  o.e.m.c.i.e.AbstractTransferListenerAdapter - Downloading https://repo.maven.apache.org/maven2/com/sun/istack/istack-commons-runtime/4.1.1/istack-commons-runtime-4.1.1.pom
2024-11-21 20:15:13,193 [Worker-28: Building] INFO  o.e.m.c.i.e.AbstractTransferListenerAdapter - Downloaded https://repo.maven.apache.org/maven2/com/sun/istack/istack-commons-runtime/4.1.1/istack-commons-runtime-4.1.1.pom
2024-11-21 20:15:13,224 [Worker-28: Building] INFO  o.e.m.c.i.e.AbstractTransferListenerAdapter - Downloading https://repo.maven.apache.org/maven2/com/sun/istack/istack-commons/4.1.1/istack-commons-4.1.1.pom
2024-11-21 20:15:13,225 [Worker-28: Building] INFO  o.e.m.c.i.e.AbstractTransferListenerAdapter - Downloaded https://repo.maven.apache.org/maven2/com/sun/istack/istack-commons/4.1.1/istack-commons-4.1.1.pom
2024-11-21 20:15:13,313 [Worker-28: Building] INFO  o.e.m.c.i.e.AbstractTransferListenerAdapter - Downloading https://repo.maven.apache.org/maven2/org/optaplanner/optaplanner-constraint-streams-drools/9.44.0.Final/optaplanner-constraint-streams-drools-9.44.0.Final.pom
2024-11-21 20:15:13,315 [Worker-28: Building] INFO  o.e.m.c.i.e.AbstractTransferListenerAdapter - Downloaded https://repo.maven.apache.org/maven2/org/optaplanner/optaplanner-constraint-streams-drools/9.44.0.Final/optaplanner-constraint-streams-drools-9.44.0.Final.pom
2024-11-21 20:15:13,333 [Worker-28: Building] INFO  o.e.m.c.i.e.AbstractTransferListenerAdapter - Downloading https://repo.maven.apache.org/maven2/org/optaplanner/optaplanner-constraint-streams-common/9.44.0.Final/optaplanner-constraint-streams-common-9.44.0.Final.pom
2024-11-21 20:15:13,334 [Worker-28: Building] INFO  o.e.m.c.i.e.AbstractTransferListenerAdapter - Downloaded https://repo.maven.apache.org/maven2/org/optaplanner/optaplanner-constraint-streams-common/9.44.0.Final/optaplanner-constraint-streams-common-9.44.0.Final.pom
2024-11-21 20:15:13,354 [Worker-28: Building] INFO  o.e.m.c.i.e.AbstractTransferListenerAdapter - Downloading https://repo.maven.apache.org/maven2/org/drools/drools-engine/8.44.0.Final/drools-engine-8.44.0.Final.pom
2024-11-21 20:15:13,355 [Worker-28: Building] INFO  o.e.m.c.i.e.AbstractTransferListenerAdapter - Downloaded https://repo.maven.apache.org/maven2/org/drools/drools-engine/8.44.0.Final/drools-engine-8.44.0.Final.pom
2024-11-21 20:15:13,378 [Worker-28: Building] INFO  o.e.m.c.i.e.AbstractTransferListenerAdapter - Downloading https://repo.maven.apache.org/maven2/org/kie/drools-build-parent/8.44.0.Final/drools-build-parent-8.44.0.Final.pom
2024-11-21 20:15:13,388 [Worker-28: Building] INFO  o.e.m.c.i.e.AbstractTransferListenerAdapter - Downloaded https://repo.maven.apache.org/maven2/org/kie/drools-build-parent/8.44.0.Final/drools-build-parent-8.44.0.Final.pom
2024-11-21 20:15:13,403 [Worker-28: Building] INFO  o.e.m.c.i.e.AbstractTransferListenerAdapter - Downloading https://repo.maven.apache.org/maven2/org/kie/kie-efesto-bom/8.44.0.Final/kie-efesto-bom-8.44.0.Final.pom
2024-11-21 20:15:13,404 [Worker-28: Building] INFO  o.e.m.c.i.e.AbstractTransferListenerAdapter - Downloaded https://repo.maven.apache.org/maven2/org/kie/kie-efesto-bom/8.44.0.Final/kie-efesto-bom-8.44.0.Final.pom
2024-11-21 20:15:13,414 [Worker-28: Building] INFO  o.e.m.c.i.e.AbstractTransferListenerAdapter - Downloading https://repo.maven.apache.org/maven2/org/kie/kie-dmn-bom/8.44.0.Final/kie-dmn-bom-8.44.0.Final.pom
2024-11-21 20:15:13,416 [Worker-28: Building] INFO  o.e.m.c.i.e.AbstractTransferListenerAdapter - Downloaded https://repo.maven.apache.org/maven2/org/kie/kie-dmn-bom/8.44.0.Final/kie-dmn-bom-8.44.0.Final.pom
2024-11-21 20:15:13,429 [Worker-28: Building] INFO  o.e.m.c.i.e.AbstractTransferListenerAdapter - Downloading https://repo.maven.apache.org/maven2/org/kie/kie-pmml-bom/8.44.0.Final/kie-pmml-bom-8.44.0.Final.pom
2024-11-21 20:15:13,430 [Worker-28: Building] INFO  o.e.m.c.i.e.AbstractTransferListenerAdapter - Downloaded https://repo.maven.apache.org/maven2/org/kie/kie-pmml-bom/8.44.0.Final/kie-pmml-bom-8.44.0.Final.pom
2024-11-21 20:15:13,469 [Worker-28: Building] INFO  o.e.m.c.i.e.AbstractTransferListenerAdapter - Downloading https://repo.maven.apache.org/maven2/org/kie/kie-api/8.44.0.Final/kie-api-8.44.0.Final.pom
2024-11-21 20:15:13,470 [Worker-28: Building] INFO  o.e.m.c.i.e.AbstractTransferListenerAdapter - Downloaded https://repo.maven.apache.org/maven2/org/kie/kie-api/8.44.0.Final/kie-api-8.44.0.Final.pom
2024-11-21 20:15:13,480 [Worker-28: Building] INFO  o.e.m.c.i.e.AbstractTransferListenerAdapter - Downloading https://repo.maven.apache.org/maven2/org/slf4j/slf4j-api/1.7.30/slf4j-api-1.7.30.pom
2024-11-21 20:15:13,481 [Worker-28: Building] INFO  o.e.m.c.i.e.AbstractTransferListenerAdapter - Downloaded https://repo.maven.apache.org/maven2/org/slf4j/slf4j-api/1.7.30/slf4j-api-1.7.30.pom
2024-11-21 20:15:13,495 [Worker-28: Building] INFO  o.e.m.c.i.e.AbstractTransferListenerAdapter - Downloading https://repo.maven.apache.org/maven2/org/slf4j/slf4j-parent/1.7.30/slf4j-parent-1.7.30.pom
2024-11-21 20:15:13,496 [Worker-28: Building] INFO  o.e.m.c.i.e.AbstractTransferListenerAdapter - Downloaded https://repo.maven.apache.org/maven2/org/slf4j/slf4j-parent/1.7.30/slf4j-parent-1.7.30.pom
2024-11-21 20:15:13,504 [Worker-28: Building] INFO  o.e.m.c.i.e.AbstractTransferListenerAdapter - Downloading https://repo.maven.apache.org/maven2/org/kie/kie-internal/8.44.0.Final/kie-internal-8.44.0.Final.pom
2024-11-21 20:15:13,505 [Worker-28: Building] INFO  o.e.m.c.i.e.AbstractTransferListenerAdapter - Downloaded https://repo.maven.apache.org/maven2/org/kie/kie-internal/8.44.0.Final/kie-internal-8.44.0.Final.pom
2024-11-21 20:15:13,522 [Worker-28: Building] INFO  o.e.m.c.i.e.AbstractTransferListenerAdapter - Downloading https://repo.maven.apache.org/maven2/org/drools/drools-core/8.44.0.Final/drools-core-8.44.0.Final.pom
2024-11-21 20:15:13,524 [Worker-28: Building] INFO  o.e.m.c.i.e.AbstractTransferListenerAdapter - Downloaded https://repo.maven.apache.org/maven2/org/drools/drools-core/8.44.0.Final/drools-core-8.44.0.Final.pom
2024-11-21 20:15:13,543 [Worker-28: Building] INFO  o.e.m.c.i.e.AbstractTransferListenerAdapter - Downloading https://repo.maven.apache.org/maven2/org/kie/kie-util-xml/8.44.0.Final/kie-util-xml-8.44.0.Final.pom
2024-11-21 20:15:13,544 [Worker-28: Building] INFO  o.e.m.c.i.e.AbstractTransferListenerAdapter - Downloaded https://repo.maven.apache.org/maven2/org/kie/kie-util-xml/8.44.0.Final/kie-util-xml-8.44.0.Final.pom
2024-11-21 20:15:13,556 [Worker-28: Building] INFO  o.e.m.c.i.e.AbstractTransferListenerAdapter - Downloading https://repo.maven.apache.org/maven2/org/kie/kie-util/8.44.0.Final/kie-util-8.44.0.Final.pom
2024-11-21 20:15:13,557 [Worker-28: Building] INFO  o.e.m.c.i.e.AbstractTransferListenerAdapter - Downloaded https://repo.maven.apache.org/maven2/org/kie/kie-util/8.44.0.Final/kie-util-8.44.0.Final.pom
2024-11-21 20:15:13,570 [Worker-28: Building] INFO  o.e.m.c.i.e.AbstractTransferListenerAdapter - Downloading https://repo.maven.apache.org/maven2/org/drools/drools-wiring-api/8.44.0.Final/drools-wiring-api-8.44.0.Final.pom
2024-11-21 20:15:13,572 [Worker-28: Building] INFO  o.e.m.c.i.e.AbstractTransferListenerAdapter - Downloaded https://repo.maven.apache.org/maven2/org/drools/drools-wiring-api/8.44.0.Final/drools-wiring-api-8.44.0.Final.pom
2024-11-21 20:15:13,581 [Worker-28: Building] INFO  o.e.m.c.i.e.AbstractTransferListenerAdapter - Downloading https://repo.maven.apache.org/maven2/org/drools/drools-wiring/8.44.0.Final/drools-wiring-8.44.0.Final.pom
2024-11-21 20:15:13,582 [Worker-28: Building] INFO  o.e.m.c.i.e.AbstractTransferListenerAdapter - Downloaded https://repo.maven.apache.org/maven2/org/drools/drools-wiring/8.44.0.Final/drools-wiring-8.44.0.Final.pom
2024-11-21 20:15:13,593 [Worker-28: Building] INFO  o.e.m.c.i.e.AbstractTransferListenerAdapter - Downloading https://repo.maven.apache.org/maven2/org/kie/kie-memory-compiler/8.44.0.Final/kie-memory-compiler-8.44.0.Final.pom
2024-11-21 20:15:13,594 [Worker-28: Building] INFO  o.e.m.c.i.e.AbstractTransferListenerAdapter - Downloaded https://repo.maven.apache.org/maven2/org/kie/kie-memory-compiler/8.44.0.Final/kie-memory-compiler-8.44.0.Final.pom
2024-11-21 20:15:13,606 [Worker-28: Building] INFO  o.e.m.c.i.e.AbstractTransferListenerAdapter - Downloading https://repo.maven.apache.org/maven2/org/drools/drools-util/8.44.0.Final/drools-util-8.44.0.Final.pom
2024-11-21 20:15:13,607 [Worker-28: Building] INFO  o.e.m.c.i.e.AbstractTransferListenerAdapter - Downloaded https://repo.maven.apache.org/maven2/org/drools/drools-util/8.44.0.Final/drools-util-8.44.0.Final.pom
2024-11-21 20:15:13,620 [Worker-28: Building] INFO  o.e.m.c.i.e.AbstractTransferListenerAdapter - Downloading https://repo.maven.apache.org/maven2/org/drools/drools-base/8.44.0.Final/drools-base-8.44.0.Final.pom
2024-11-21 20:15:13,622 [Worker-28: Building] INFO  o.e.m.c.i.e.AbstractTransferListenerAdapter - Downloaded https://repo.maven.apache.org/maven2/org/drools/drools-base/8.44.0.Final/drools-base-8.44.0.Final.pom
2024-11-21 20:15:13,632 [Worker-28: Building] INFO  o.e.m.c.i.e.AbstractTransferListenerAdapter - Downloading https://repo.maven.apache.org/maven2/commons-codec/commons-codec/1.15/commons-codec-1.15.pom
2024-11-21 20:15:13,636 [Worker-28: Building] INFO  o.e.m.c.i.e.AbstractTransferListenerAdapter - Downloaded https://repo.maven.apache.org/maven2/commons-codec/commons-codec/1.15/commons-codec-1.15.pom
2024-11-21 20:15:13,652 [Worker-28: Building] INFO  o.e.m.c.i.e.AbstractTransferListenerAdapter - Downloading https://repo.maven.apache.org/maven2/org/drools/drools-wiring-static/8.44.0.Final/drools-wiring-static-8.44.0.Final.pom
2024-11-21 20:15:13,653 [Worker-28: Building] INFO  o.e.m.c.i.e.AbstractTransferListenerAdapter - Downloaded https://repo.maven.apache.org/maven2/org/drools/drools-wiring-static/8.44.0.Final/drools-wiring-static-8.44.0.Final.pom
2024-11-21 20:15:13,662 [Worker-28: Building] INFO  o.e.m.c.i.e.AbstractTransferListenerAdapter - Downloading https://repo.maven.apache.org/maven2/org/drools/drools-io/8.44.0.Final/drools-io-8.44.0.Final.pom
2024-11-21 20:15:13,664 [Worker-28: Building] INFO  o.e.m.c.i.e.AbstractTransferListenerAdapter - Downloaded https://repo.maven.apache.org/maven2/org/drools/drools-io/8.44.0.Final/drools-io-8.44.0.Final.pom
2024-11-21 20:15:13,680 [Worker-28: Building] INFO  o.e.m.c.i.e.AbstractTransferListenerAdapter - Downloading https://repo.maven.apache.org/maven2/org/drools/drools-wiring-dynamic/8.44.0.Final/drools-wiring-dynamic-8.44.0.Final.pom
2024-11-21 20:15:13,681 [Worker-28: Building] INFO  o.e.m.c.i.e.AbstractTransferListenerAdapter - Downloaded https://repo.maven.apache.org/maven2/org/drools/drools-wiring-dynamic/8.44.0.Final/drools-wiring-dynamic-8.44.0.Final.pom
2024-11-21 20:15:13,694 [Worker-28: Building] INFO  o.e.m.c.i.e.AbstractTransferListenerAdapter - Downloading https://repo.maven.apache.org/maven2/org/drools/drools-kiesession/8.44.0.Final/drools-kiesession-8.44.0.Final.pom
2024-11-21 20:15:13,696 [Worker-28: Building] INFO  o.e.m.c.i.e.AbstractTransferListenerAdapter - Downloaded https://repo.maven.apache.org/maven2/org/drools/drools-kiesession/8.44.0.Final/drools-kiesession-8.44.0.Final.pom
2024-11-21 20:15:13,710 [Worker-28: Building] INFO  o.e.m.c.i.e.AbstractTransferListenerAdapter - Downloading https://repo.maven.apache.org/maven2/org/drools/drools-tms/8.44.0.Final/drools-tms-8.44.0.Final.pom
2024-11-21 20:15:13,713 [Worker-28: Building] INFO  o.e.m.c.i.e.AbstractTransferListenerAdapter - Downloaded https://repo.maven.apache.org/maven2/org/drools/drools-tms/8.44.0.Final/drools-tms-8.44.0.Final.pom
2024-11-21 20:15:13,725 [Worker-28: Building] INFO  o.e.m.c.i.e.AbstractTransferListenerAdapter - Downloading https://repo.maven.apache.org/maven2/org/drools/drools-compiler/8.44.0.Final/drools-compiler-8.44.0.Final.pom
2024-11-21 20:15:13,727 [Worker-28: Building] INFO  o.e.m.c.i.e.AbstractTransferListenerAdapter - Downloaded https://repo.maven.apache.org/maven2/org/drools/drools-compiler/8.44.0.Final/drools-compiler-8.44.0.Final.pom
2024-11-21 20:15:13,740 [Worker-28: Building] INFO  o.e.m.c.i.e.AbstractTransferListenerAdapter - Downloading https://repo.maven.apache.org/maven2/org/drools/drools-drl-parser/8.44.0.Final/drools-drl-parser-8.44.0.Final.pom
2024-11-21 20:15:13,741 [Worker-28: Building] INFO  o.e.m.c.i.e.AbstractTransferListenerAdapter - Downloaded https://repo.maven.apache.org/maven2/org/drools/drools-drl-parser/8.44.0.Final/drools-drl-parser-8.44.0.Final.pom
2024-11-21 20:15:13,753 [Worker-28: Building] INFO  o.e.m.c.i.e.AbstractTransferListenerAdapter - Downloading https://repo.maven.apache.org/maven2/org/drools/drools-drl-ast/8.44.0.Final/drools-drl-ast-8.44.0.Final.pom
2024-11-21 20:15:13,754 [Worker-28: Building] INFO  o.e.m.c.i.e.AbstractTransferListenerAdapter - Downloaded https://repo.maven.apache.org/maven2/org/drools/drools-drl-ast/8.44.0.Final/drools-drl-ast-8.44.0.Final.pom
2024-11-21 20:15:13,766 [Worker-28: Building] INFO  o.e.m.c.i.e.AbstractTransferListenerAdapter - Downloading https://repo.maven.apache.org/maven2/org/antlr/antlr-runtime/3.5.2/antlr-runtime-3.5.2.pom
2024-11-21 20:15:13,767 [Worker-28: Building] INFO  o.e.m.c.i.e.AbstractTransferListenerAdapter - Downloaded https://repo.maven.apache.org/maven2/org/antlr/antlr-runtime/3.5.2/antlr-runtime-3.5.2.pom
2024-11-21 20:15:13,778 [Worker-28: Building] INFO  o.e.m.c.i.e.AbstractTransferListenerAdapter - Downloading https://repo.maven.apache.org/maven2/org/antlr/antlr-master/3.5.2/antlr-master-3.5.2.pom
2024-11-21 20:15:13,779 [Worker-28: Building] INFO  o.e.m.c.i.e.AbstractTransferListenerAdapter - Downloaded https://repo.maven.apache.org/maven2/org/antlr/antlr-master/3.5.2/antlr-master-3.5.2.pom
2024-11-21 20:15:13,790 [Worker-28: Building] INFO  o.e.m.c.i.e.AbstractTransferListenerAdapter - Downloading https://repo.maven.apache.org/maven2/org/drools/drools-drl-extensions/8.44.0.Final/drools-drl-extensions-8.44.0.Final.pom
2024-11-21 20:15:13,791 [Worker-28: Building] INFO  o.e.m.c.i.e.AbstractTransferListenerAdapter - Downloaded https://repo.maven.apache.org/maven2/org/drools/drools-drl-extensions/8.44.0.Final/drools-drl-extensions-8.44.0.Final.pom
2024-11-21 20:15:13,804 [Worker-28: Building] INFO  o.e.m.c.i.e.AbstractTransferListenerAdapter - Downloading https://repo.maven.apache.org/maven2/org/drools/drools-ecj/8.44.0.Final/drools-ecj-8.44.0.Final.pom
2024-11-21 20:15:13,806 [Worker-28: Building] INFO  o.e.m.c.i.e.AbstractTransferListenerAdapter - Downloaded https://repo.maven.apache.org/maven2/org/drools/drools-ecj/8.44.0.Final/drools-ecj-8.44.0.Final.pom
2024-11-21 20:15:13,819 [Worker-28: Building] INFO  o.e.m.c.i.e.AbstractTransferListenerAdapter - Downloading https://repo.maven.apache.org/maven2/org/eclipse/jdt/ecj/3.33.0/ecj-3.33.0.pom
2024-11-21 20:15:13,820 [Worker-28: Building] INFO  o.e.m.c.i.e.AbstractTransferListenerAdapter - Downloaded https://repo.maven.apache.org/maven2/org/eclipse/jdt/ecj/3.33.0/ecj-3.33.0.pom
2024-11-21 20:15:13,836 [Worker-28: Building] INFO  o.e.m.c.i.e.AbstractTransferListenerAdapter - Downloading https://repo.maven.apache.org/maven2/org/kie/kie-util-maven-support/8.44.0.Final/kie-util-maven-support-8.44.0.Final.pom
2024-11-21 20:15:13,838 [Worker-28: Building] INFO  o.e.m.c.i.e.AbstractTransferListenerAdapter - Downloaded https://repo.maven.apache.org/maven2/org/kie/kie-util-maven-support/8.44.0.Final/kie-util-maven-support-8.44.0.Final.pom
2024-11-21 20:15:13,852 [Worker-28: Building] INFO  o.e.m.c.i.e.AbstractTransferListenerAdapter - Downloading https://repo.maven.apache.org/maven2/org/drools/drools-model-compiler/8.44.0.Final/drools-model-compiler-8.44.0.Final.pom
2024-11-21 20:15:13,853 [Worker-28: Building] INFO  o.e.m.c.i.e.AbstractTransferListenerAdapter - Downloaded https://repo.maven.apache.org/maven2/org/drools/drools-model-compiler/8.44.0.Final/drools-model-compiler-8.44.0.Final.pom
2024-11-21 20:15:13,860 [Worker-28: Building] INFO  o.e.m.c.i.e.AbstractTransferListenerAdapter - Downloading https://repo.maven.apache.org/maven2/org/drools/drools-model/8.44.0.Final/drools-model-8.44.0.Final.pom
2024-11-21 20:15:13,861 [Worker-28: Building] INFO  o.e.m.c.i.e.AbstractTransferListenerAdapter - Downloaded https://repo.maven.apache.org/maven2/org/drools/drools-model/8.44.0.Final/drools-model-8.44.0.Final.pom
2024-11-21 20:15:13,874 [Worker-28: Building] INFO  o.e.m.c.i.e.AbstractTransferListenerAdapter - Downloading https://repo.maven.apache.org/maven2/org/drools/drools-canonical-model/8.44.0.Final/drools-canonical-model-8.44.0.Final.pom
2024-11-21 20:15:13,875 [Worker-28: Building] INFO  o.e.m.c.i.e.AbstractTransferListenerAdapter - Downloaded https://repo.maven.apache.org/maven2/org/drools/drools-canonical-model/8.44.0.Final/drools-canonical-model-8.44.0.Final.pom
2024-11-21 20:15:13,888 [Worker-28: Building] INFO  o.e.m.c.i.e.AbstractTransferListenerAdapter - Downloading https://repo.maven.apache.org/maven2/org/drools/drools-model-codegen/8.44.0.Final/drools-model-codegen-8.44.0.Final.pom
2024-11-21 20:15:13,889 [Worker-28: Building] INFO  o.e.m.c.i.e.AbstractTransferListenerAdapter - Downloaded https://repo.maven.apache.org/maven2/org/drools/drools-model-codegen/8.44.0.Final/drools-model-codegen-8.44.0.Final.pom
2024-11-21 20:15:13,900 [Worker-28: Building] INFO  o.e.m.c.i.e.AbstractTransferListenerAdapter - Downloading https://repo.maven.apache.org/maven2/org/drools/drools-codegen-common/8.44.0.Final/drools-codegen-common-8.44.0.Final.pom
2024-11-21 20:15:13,901 [Worker-28: Building] INFO  o.e.m.c.i.e.AbstractTransferListenerAdapter - Downloaded https://repo.maven.apache.org/maven2/org/drools/drools-codegen-common/8.44.0.Final/drools-codegen-common-8.44.0.Final.pom
2024-11-21 20:15:13,913 [Worker-28: Building] INFO  o.e.m.c.i.e.AbstractTransferListenerAdapter - Downloading https://repo.maven.apache.org/maven2/com/github/javaparser/javaparser-core/3.24.2/javaparser-core-3.24.2.pom
2024-11-21 20:15:13,914 [Worker-28: Building] INFO  o.e.m.c.i.e.AbstractTransferListenerAdapter - Downloaded https://repo.maven.apache.org/maven2/com/github/javaparser/javaparser-core/3.24.2/javaparser-core-3.24.2.pom
2024-11-21 20:15:13,924 [Worker-28: Building] INFO  o.e.m.c.i.e.AbstractTransferListenerAdapter - Downloading https://repo.maven.apache.org/maven2/com/github/javaparser/javaparser-parent/3.24.2/javaparser-parent-3.24.2.pom
2024-11-21 20:15:13,925 [Worker-28: Building] INFO  o.e.m.c.i.e.AbstractTransferListenerAdapter - Downloaded https://repo.maven.apache.org/maven2/com/github/javaparser/javaparser-parent/3.24.2/javaparser-parent-3.24.2.pom
2024-11-21 20:15:13,937 [Worker-28: Building] INFO  o.e.m.c.i.e.AbstractTransferListenerAdapter - Downloading https://repo.maven.apache.org/maven2/org/drools/drools-mvel-parser/8.44.0.Final/drools-mvel-parser-8.44.0.Final.pom
2024-11-21 20:15:13,940 [Worker-28: Building] INFO  o.e.m.c.i.e.AbstractTransferListenerAdapter - Downloaded https://repo.maven.apache.org/maven2/org/drools/drools-mvel-parser/8.44.0.Final/drools-mvel-parser-8.44.0.Final.pom
2024-11-21 20:15:13,951 [Worker-28: Building] INFO  o.e.m.c.i.e.AbstractTransferListenerAdapter - Downloading https://repo.maven.apache.org/maven2/org/drools/drools-mvel-compiler/8.44.0.Final/drools-mvel-compiler-8.44.0.Final.pom
2024-11-21 20:15:13,953 [Worker-28: Building] INFO  o.e.m.c.i.e.AbstractTransferListenerAdapter - Downloaded https://repo.maven.apache.org/maven2/org/drools/drools-mvel-compiler/8.44.0.Final/drools-mvel-compiler-8.44.0.Final.pom
2024-11-21 20:15:13,965 [Worker-28: Building] INFO  o.e.m.c.i.e.AbstractTransferListenerAdapter - Downloading https://repo.maven.apache.org/maven2/org/drools/drools-commands/8.44.0.Final/drools-commands-8.44.0.Final.pom
2024-11-21 20:15:13,966 [Worker-28: Building] INFO  o.e.m.c.i.e.AbstractTransferListenerAdapter - Downloaded https://repo.maven.apache.org/maven2/org/drools/drools-commands/8.44.0.Final/drools-commands-8.44.0.Final.pom
2024-11-21 20:15:13,975 [Worker-28: Building] INFO  o.e.m.c.i.e.AbstractTransferListenerAdapter - Downloading https://repo.maven.apache.org/maven2/org/drools/drools-alphanetwork-compiler/8.44.0.Final/drools-alphanetwork-compiler-8.44.0.Final.pom
2024-11-21 20:15:13,977 [Worker-28: Building] INFO  o.e.m.c.i.e.AbstractTransferListenerAdapter - Downloaded https://repo.maven.apache.org/maven2/org/drools/drools-alphanetwork-compiler/8.44.0.Final/drools-alphanetwork-compiler-8.44.0.Final.pom
2024-11-21 20:15:13,988 [Worker-28: Building] INFO  o.e.m.c.i.e.AbstractTransferListenerAdapter - Downloading https://repo.maven.apache.org/maven2/org/optaplanner/optaplanner-constraint-drl/9.44.0.Final/optaplanner-constraint-drl-9.44.0.Final.pom
2024-11-21 20:15:13,989 [Worker-28: Building] INFO  o.e.m.c.i.e.AbstractTransferListenerAdapter - Downloaded https://repo.maven.apache.org/maven2/org/optaplanner/optaplanner-constraint-drl/9.44.0.Final/optaplanner-constraint-drl-9.44.0.Final.pom
2024-11-21 20:15:13,999 [Worker-28: Building] INFO  o.e.m.c.i.e.AbstractTransferListenerAdapter - Downloading https://repo.maven.apache.org/maven2/org/optaplanner/optaplanner-constraint-streams-bavet/9.44.0.Final/optaplanner-constraint-streams-bavet-9.44.0.Final.pom
2024-11-21 20:15:14,001 [Worker-28: Building] INFO  o.e.m.c.i.e.AbstractTransferListenerAdapter - Downloaded https://repo.maven.apache.org/maven2/org/optaplanner/optaplanner-constraint-streams-bavet/9.44.0.Final/optaplanner-constraint-streams-bavet-9.44.0.Final.pom
2024-11-21 20:15:14,022 [Worker-28: Building] INFO  o.e.m.c.i.e.AbstractTransferListenerAdapter - Downloading https://repo.maven.apache.org/maven2/org/optaplanner/optaplanner-core/9.44.0.Final/optaplanner-core-9.44.0.Final.jar
2024-11-21 20:15:14,023 [Worker-28: Building] INFO  o.e.m.c.i.e.AbstractTransferListenerAdapter - Downloaded https://repo.maven.apache.org/maven2/org/optaplanner/optaplanner-core/9.44.0.Final/optaplanner-core-9.44.0.Final.jar
2024-11-21 20:15:14,035 [BasicRepositoryConnector-repo.maven.apache.org-0-0] INFO  o.e.m.c.i.e.AbstractTransferListenerAdapter - Downloading https://repo.maven.apache.org/maven2/org/optaplanner/optaplanner-core-impl/9.44.0.Final/optaplanner-core-impl-9.44.0.Final.jar
2024-11-21 20:15:14,049 [BasicRepositoryConnector-repo.maven.apache.org-0-4] INFO  o.e.m.c.i.e.AbstractTransferListenerAdapter - Downloading https://repo.maven.apache.org/maven2/io/micrometer/micrometer-commons/1.10.5/micrometer-commons-1.10.5.jar
2024-11-21 20:15:14,059 [BasicRepositoryConnector-repo.maven.apache.org-0-1] INFO  o.e.m.c.i.e.AbstractTransferListenerAdapter - Downloading https://repo.maven.apache.org/maven2/org/apache/commons/commons-math3/3.6.1/commons-math3-3.6.1.jar
2024-11-21 20:15:14,060 [BasicRepositoryConnector-repo.maven.apache.org-0-4] INFO  o.e.m.c.i.e.AbstractTransferListenerAdapter - Downloaded https://repo.maven.apache.org/maven2/io/micrometer/micrometer-commons/1.10.5/micrometer-commons-1.10.5.jar
2024-11-21 20:15:14,062 [BasicRepositoryConnector-repo.maven.apache.org-0-2] INFO  o.e.m.c.i.e.AbstractTransferListenerAdapter - Downloading https://repo.maven.apache.org/maven2/org/slf4j/slf4j-api/2.0.6/slf4j-api-2.0.6.jar
2024-11-21 20:15:14,065 [BasicRepositoryConnector-repo.maven.apache.org-0-3] INFO  o.e.m.c.i.e.AbstractTransferListenerAdapter - Downloading https://repo.maven.apache.org/maven2/io/micrometer/micrometer-core/1.10.5/micrometer-core-1.10.5.jar
2024-11-21 20:15:14,069 [BasicRepositoryConnector-repo.maven.apache.org-0-4] INFO  o.e.m.c.i.e.AbstractTransferListenerAdapter - Downloading https://repo.maven.apache.org/maven2/io/micrometer/micrometer-observation/1.10.5/micrometer-observation-1.10.5.jar
2024-11-21 20:15:14,075 [BasicRepositoryConnector-repo.maven.apache.org-0-4] INFO  o.e.m.c.i.e.AbstractTransferListenerAdapter - Downloaded https://repo.maven.apache.org/maven2/io/micrometer/micrometer-observation/1.10.5/micrometer-observation-1.10.5.jar
2024-11-21 20:15:14,086 [BasicRepositoryConnector-repo.maven.apache.org-0-4] INFO  o.e.m.c.i.e.AbstractTransferListenerAdapter - Downloading https://repo.maven.apache.org/maven2/org/hdrhistogram/HdrHistogram/2.1.12/HdrHistogram-2.1.12.jar
2024-11-21 20:15:14,099 [BasicRepositoryConnector-repo.maven.apache.org-0-4] INFO  o.e.m.c.i.e.AbstractTransferListenerAdapter - Downloaded https://repo.maven.apache.org/maven2/org/hdrhistogram/HdrHistogram/2.1.12/HdrHistogram-2.1.12.jar
2024-11-21 20:15:14,106 [BasicRepositoryConnector-repo.maven.apache.org-0-2] INFO  o.e.m.c.i.e.AbstractTransferListenerAdapter - Downloaded https://repo.maven.apache.org/maven2/org/slf4j/slf4j-api/2.0.6/slf4j-api-2.0.6.jar
2024-11-21 20:15:14,109 [BasicRepositoryConnector-repo.maven.apache.org-0-4] INFO  o.e.m.c.i.e.AbstractTransferListenerAdapter - Downloading https://repo.maven.apache.org/maven2/jakarta/xml/bind/jakarta.xml.bind-api/4.0.0/jakarta.xml.bind-api-4.0.0.jar
2024-11-21 20:15:14,119 [BasicRepositoryConnector-repo.maven.apache.org-0-4] INFO  o.e.m.c.i.e.AbstractTransferListenerAdapter - Downloaded https://repo.maven.apache.org/maven2/jakarta/xml/bind/jakarta.xml.bind-api/4.0.0/jakarta.xml.bind-api-4.0.0.jar
2024-11-21 20:15:14,119 [BasicRepositoryConnector-repo.maven.apache.org-0-2] INFO  o.e.m.c.i.e.AbstractTransferListenerAdapter - Downloading https://repo.maven.apache.org/maven2/jakarta/activation/jakarta.activation-api/2.1.0/jakarta.activation-api-2.1.0.jar
2024-11-21 20:15:14,122 [BasicRepositoryConnector-repo.maven.apache.org-0-2] INFO  o.e.m.c.i.e.AbstractTransferListenerAdapter - Downloaded https://repo.maven.apache.org/maven2/jakarta/activation/jakarta.activation-api/2.1.0/jakarta.activation-api-2.1.0.jar
2024-11-21 20:15:14,133 [BasicRepositoryConnector-repo.maven.apache.org-0-4] INFO  o.e.m.c.i.e.AbstractTransferListenerAdapter - Downloading https://repo.maven.apache.org/maven2/org/glassfish/jaxb/jaxb-runtime/4.0.2/jaxb-runtime-4.0.2.jar
2024-11-21 20:15:14,148 [BasicRepositoryConnector-repo.maven.apache.org-0-2] INFO  o.e.m.c.i.e.AbstractTransferListenerAdapter - Downloading https://repo.maven.apache.org/maven2/org/glassfish/jaxb/jaxb-core/4.0.2/jaxb-core-4.0.2.jar
2024-11-21 20:15:14,155 [BasicRepositoryConnector-repo.maven.apache.org-0-2] INFO  o.e.m.c.i.e.AbstractTransferListenerAdapter - Downloaded https://repo.maven.apache.org/maven2/org/glassfish/jaxb/jaxb-core/4.0.2/jaxb-core-4.0.2.jar
2024-11-21 20:15:14,166 [BasicRepositoryConnector-repo.maven.apache.org-0-3] INFO  o.e.m.c.i.e.AbstractTransferListenerAdapter - Downloaded https://repo.maven.apache.org/maven2/io/micrometer/micrometer-core/1.10.5/micrometer-core-1.10.5.jar
2024-11-21 20:15:14,171 [BasicRepositoryConnector-repo.maven.apache.org-0-2] INFO  o.e.m.c.i.e.AbstractTransferListenerAdapter - Downloading https://repo.maven.apache.org/maven2/org/eclipse/angus/angus-activation/2.0.0/angus-activation-2.0.0.jar
2024-11-21 20:15:14,174 [BasicRepositoryConnector-repo.maven.apache.org-0-3] INFO  o.e.m.c.i.e.AbstractTransferListenerAdapter - Downloading https://repo.maven.apache.org/maven2/org/glassfish/jaxb/txw2/4.0.2/txw2-4.0.2.jar
2024-11-21 20:15:14,180 [BasicRepositoryConnector-repo.maven.apache.org-0-2] INFO  o.e.m.c.i.e.AbstractTransferListenerAdapter - Downloaded https://repo.maven.apache.org/maven2/org/eclipse/angus/angus-activation/2.0.0/angus-activation-2.0.0.jar
2024-11-21 20:15:14,180 [BasicRepositoryConnector-repo.maven.apache.org-0-3] INFO  o.e.m.c.i.e.AbstractTransferListenerAdapter - Downloaded https://repo.maven.apache.org/maven2/org/glassfish/jaxb/txw2/4.0.2/txw2-4.0.2.jar
2024-11-21 20:15:14,193 [BasicRepositoryConnector-repo.maven.apache.org-0-2] INFO  o.e.m.c.i.e.AbstractTransferListenerAdapter - Downloading https://repo.maven.apache.org/maven2/com/sun/istack/istack-commons-runtime/4.1.1/istack-commons-runtime-4.1.1.jar
2024-11-21 20:15:14,194 [BasicRepositoryConnector-repo.maven.apache.org-0-3] INFO  o.e.m.c.i.e.AbstractTransferListenerAdapter - Downloading https://repo.maven.apache.org/maven2/org/optaplanner/optaplanner-constraint-streams-drools/9.44.0.Final/optaplanner-constraint-streams-drools-9.44.0.Final.jar
2024-11-21 20:15:14,199 [BasicRepositoryConnector-repo.maven.apache.org-0-2] INFO  o.e.m.c.i.e.AbstractTransferListenerAdapter - Downloaded https://repo.maven.apache.org/maven2/com/sun/istack/istack-commons-runtime/4.1.1/istack-commons-runtime-4.1.1.jar
2024-11-21 20:15:14,214 [BasicRepositoryConnector-repo.maven.apache.org-0-2] INFO  o.e.m.c.i.e.AbstractTransferListenerAdapter - Downloading https://repo.maven.apache.org/maven2/org/optaplanner/optaplanner-constraint-streams-common/9.44.0.Final/optaplanner-constraint-streams-common-9.44.0.Final.jar
2024-11-21 20:15:14,229 [BasicRepositoryConnector-repo.maven.apache.org-0-3] INFO  o.e.m.c.i.e.AbstractTransferListenerAdapter - Downloaded https://repo.maven.apache.org/maven2/org/optaplanner/optaplanner-constraint-streams-drools/9.44.0.Final/optaplanner-constraint-streams-drools-9.44.0.Final.jar
2024-11-21 20:15:14,231 [BasicRepositoryConnector-repo.maven.apache.org-0-2] INFO  o.e.m.c.i.e.AbstractTransferListenerAdapter - Downloaded https://repo.maven.apache.org/maven2/org/optaplanner/optaplanner-constraint-streams-common/9.44.0.Final/optaplanner-constraint-streams-common-9.44.0.Final.jar
2024-11-21 20:15:14,237 [BasicRepositoryConnector-repo.maven.apache.org-0-3] INFO  o.e.m.c.i.e.AbstractTransferListenerAdapter - Downloading https://repo.maven.apache.org/maven2/org/drools/drools-engine/8.44.0.Final/drools-engine-8.44.0.Final.jar
2024-11-21 20:15:14,238 [BasicRepositoryConnector-repo.maven.apache.org-0-3] INFO  o.e.m.c.i.e.AbstractTransferListenerAdapter - Downloaded https://repo.maven.apache.org/maven2/org/drools/drools-engine/8.44.0.Final/drools-engine-8.44.0.Final.jar
2024-11-21 20:15:14,240 [BasicRepositoryConnector-repo.maven.apache.org-0-2] INFO  o.e.m.c.i.e.AbstractTransferListenerAdapter - Downloading https://repo.maven.apache.org/maven2/org/kie/kie-api/8.44.0.Final/kie-api-8.44.0.Final.jar
2024-11-21 20:15:14,247 [BasicRepositoryConnector-repo.maven.apache.org-0-1] INFO  o.e.m.c.i.e.AbstractTransferListenerAdapter - Downloaded https://repo.maven.apache.org/maven2/org/apache/commons/commons-math3/3.6.1/commons-math3-3.6.1.jar
2024-11-21 20:15:14,250 [BasicRepositoryConnector-repo.maven.apache.org-0-3] INFO  o.e.m.c.i.e.AbstractTransferListenerAdapter - Downloading https://repo.maven.apache.org/maven2/org/kie/kie-internal/8.44.0.Final/kie-internal-8.44.0.Final.jar
2024-11-21 20:15:14,250 [BasicRepositoryConnector-repo.maven.apache.org-0-4] INFO  o.e.m.c.i.e.AbstractTransferListenerAdapter - Downloaded https://repo.maven.apache.org/maven2/org/glassfish/jaxb/jaxb-runtime/4.0.2/jaxb-runtime-4.0.2.jar
2024-11-21 20:15:14,256 [BasicRepositoryConnector-repo.maven.apache.org-0-1] INFO  o.e.m.c.i.e.AbstractTransferListenerAdapter - Downloading https://repo.maven.apache.org/maven2/org/drools/drools-core/8.44.0.Final/drools-core-8.44.0.Final.jar
2024-11-21 20:15:14,264 [BasicRepositoryConnector-repo.maven.apache.org-0-4] INFO  o.e.m.c.i.e.AbstractTransferListenerAdapter - Downloading https://repo.maven.apache.org/maven2/org/kie/kie-util-xml/8.44.0.Final/kie-util-xml-8.44.0.Final.jar
2024-11-21 20:15:14,265 [BasicRepositoryConnector-repo.maven.apache.org-0-4] INFO  o.e.m.c.i.e.AbstractTransferListenerAdapter - Downloaded https://repo.maven.apache.org/maven2/org/kie/kie-util-xml/8.44.0.Final/kie-util-xml-8.44.0.Final.jar
2024-11-21 20:15:14,266 [BasicRepositoryConnector-repo.maven.apache.org-0-3] INFO  o.e.m.c.i.e.AbstractTransferListenerAdapter - Downloaded https://repo.maven.apache.org/maven2/org/kie/kie-internal/8.44.0.Final/kie-internal-8.44.0.Final.jar
2024-11-21 20:15:14,270 [BasicRepositoryConnector-repo.maven.apache.org-0-2] INFO  o.e.m.c.i.e.AbstractTransferListenerAdapter - Downloaded https://repo.maven.apache.org/maven2/org/kie/kie-api/8.44.0.Final/kie-api-8.44.0.Final.jar
2024-11-21 20:15:14,274 [BasicRepositoryConnector-repo.maven.apache.org-0-4] INFO  o.e.m.c.i.e.AbstractTransferListenerAdapter - Downloading https://repo.maven.apache.org/maven2/org/drools/drools-wiring-api/8.44.0.Final/drools-wiring-api-8.44.0.Final.jar
2024-11-21 20:15:14,277 [BasicRepositoryConnector-repo.maven.apache.org-0-4] INFO  o.e.m.c.i.e.AbstractTransferListenerAdapter - Downloaded https://repo.maven.apache.org/maven2/org/drools/drools-wiring-api/8.44.0.Final/drools-wiring-api-8.44.0.Final.jar
2024-11-21 20:15:14,279 [BasicRepositoryConnector-repo.maven.apache.org-0-2] INFO  o.e.m.c.i.e.AbstractTransferListenerAdapter - Downloading https://repo.maven.apache.org/maven2/org/drools/drools-wiring-static/8.44.0.Final/drools-wiring-static-8.44.0.Final.jar
2024-11-21 20:15:14,280 [BasicRepositoryConnector-repo.maven.apache.org-0-2] INFO  o.e.m.c.i.e.AbstractTransferListenerAdapter - Downloaded https://repo.maven.apache.org/maven2/org/drools/drools-wiring-static/8.44.0.Final/drools-wiring-static-8.44.0.Final.jar
2024-11-21 20:15:14,285 [BasicRepositoryConnector-repo.maven.apache.org-0-3] INFO  o.e.m.c.i.e.AbstractTransferListenerAdapter - Downloading https://repo.maven.apache.org/maven2/org/drools/drools-base/8.44.0.Final/drools-base-8.44.0.Final.jar
2024-11-21 20:15:14,285 [BasicRepositoryConnector-repo.maven.apache.org-0-4] INFO  o.e.m.c.i.e.AbstractTransferListenerAdapter - Downloading https://repo.maven.apache.org/maven2/org/drools/drools-io/8.44.0.Final/drools-io-8.44.0.Final.jar
2024-11-21 20:15:14,287 [BasicRepositoryConnector-repo.maven.apache.org-0-4] INFO  o.e.m.c.i.e.AbstractTransferListenerAdapter - Downloaded https://repo.maven.apache.org/maven2/org/drools/drools-io/8.44.0.Final/drools-io-8.44.0.Final.jar
2024-11-21 20:15:14,293 [BasicRepositoryConnector-repo.maven.apache.org-0-2] INFO  o.e.m.c.i.e.AbstractTransferListenerAdapter - Downloading https://repo.maven.apache.org/maven2/commons-codec/commons-codec/1.15/commons-codec-1.15.jar
2024-11-21 20:15:14,296 [BasicRepositoryConnector-repo.maven.apache.org-0-4] INFO  o.e.m.c.i.e.AbstractTransferListenerAdapter - Downloading https://repo.maven.apache.org/maven2/org/drools/drools-wiring-dynamic/8.44.0.Final/drools-wiring-dynamic-8.44.0.Final.jar
2024-11-21 20:15:14,297 [BasicRepositoryConnector-repo.maven.apache.org-0-4] INFO  o.e.m.c.i.e.AbstractTransferListenerAdapter - Downloaded https://repo.maven.apache.org/maven2/org/drools/drools-wiring-dynamic/8.44.0.Final/drools-wiring-dynamic-8.44.0.Final.jar
2024-11-21 20:15:14,305 [BasicRepositoryConnector-repo.maven.apache.org-0-4] INFO  o.e.m.c.i.e.AbstractTransferListenerAdapter - Downloading https://repo.maven.apache.org/maven2/org/drools/drools-kiesession/8.44.0.Final/drools-kiesession-8.44.0.Final.jar
2024-11-21 20:15:14,315 [BasicRepositoryConnector-repo.maven.apache.org-0-4] INFO  o.e.m.c.i.e.AbstractTransferListenerAdapter - Downloaded https://repo.maven.apache.org/maven2/org/drools/drools-kiesession/8.44.0.Final/drools-kiesession-8.44.0.Final.jar
2024-11-21 20:15:14,318 [BasicRepositoryConnector-repo.maven.apache.org-0-3] INFO  o.e.m.c.i.e.AbstractTransferListenerAdapter - Downloaded https://repo.maven.apache.org/maven2/org/drools/drools-base/8.44.0.Final/drools-base-8.44.0.Final.jar
2024-11-21 20:15:14,322 [BasicRepositoryConnector-repo.maven.apache.org-0-1] INFO  o.e.m.c.i.e.AbstractTransferListenerAdapter - Downloaded https://repo.maven.apache.org/maven2/org/drools/drools-core/8.44.0.Final/drools-core-8.44.0.Final.jar
2024-11-21 20:15:14,324 [BasicRepositoryConnector-repo.maven.apache.org-0-4] INFO  o.e.m.c.i.e.AbstractTransferListenerAdapter - Downloading https://repo.maven.apache.org/maven2/org/drools/drools-tms/8.44.0.Final/drools-tms-8.44.0.Final.jar
2024-11-21 20:15:14,328 [BasicRepositoryConnector-repo.maven.apache.org-0-4] INFO  o.e.m.c.i.e.AbstractTransferListenerAdapter - Downloaded https://repo.maven.apache.org/maven2/org/drools/drools-tms/8.44.0.Final/drools-tms-8.44.0.Final.jar
2024-11-21 20:15:14,328 [BasicRepositoryConnector-repo.maven.apache.org-0-3] INFO  o.e.m.c.i.e.AbstractTransferListenerAdapter - Downloading https://repo.maven.apache.org/maven2/org/drools/drools-compiler/8.44.0.Final/drools-compiler-8.44.0.Final.jar
2024-11-21 20:15:14,332 [BasicRepositoryConnector-repo.maven.apache.org-0-1] INFO  o.e.m.c.i.e.AbstractTransferListenerAdapter - Downloading https://repo.maven.apache.org/maven2/org/drools/drools-drl-parser/8.44.0.Final/drools-drl-parser-8.44.0.Final.jar
2024-11-21 20:15:14,335 [BasicRepositoryConnector-repo.maven.apache.org-0-4] INFO  o.e.m.c.i.e.AbstractTransferListenerAdapter - Downloading https://repo.maven.apache.org/maven2/org/drools/drools-drl-extensions/8.44.0.Final/drools-drl-extensions-8.44.0.Final.jar
2024-11-21 20:15:14,336 [BasicRepositoryConnector-repo.maven.apache.org-0-4] INFO  o.e.m.c.i.e.AbstractTransferListenerAdapter - Downloaded https://repo.maven.apache.org/maven2/org/drools/drools-drl-extensions/8.44.0.Final/drools-drl-extensions-8.44.0.Final.jar
2024-11-21 20:15:14,337 [BasicRepositoryConnector-repo.maven.apache.org-0-2] INFO  o.e.m.c.i.e.AbstractTransferListenerAdapter - Downloaded https://repo.maven.apache.org/maven2/commons-codec/commons-codec/1.15/commons-codec-1.15.jar
2024-11-21 20:15:14,346 [BasicRepositoryConnector-repo.maven.apache.org-0-2] INFO  o.e.m.c.i.e.AbstractTransferListenerAdapter - Downloading https://repo.maven.apache.org/maven2/org/kie/kie-memory-compiler/8.44.0.Final/kie-memory-compiler-8.44.0.Final.jar
2024-11-21 20:15:14,347 [BasicRepositoryConnector-repo.maven.apache.org-0-2] INFO  o.e.m.c.i.e.AbstractTransferListenerAdapter - Downloaded https://repo.maven.apache.org/maven2/org/kie/kie-memory-compiler/8.44.0.Final/kie-memory-compiler-8.44.0.Final.jar
2024-11-21 20:15:14,347 [BasicRepositoryConnector-repo.maven.apache.org-0-4] INFO  o.e.m.c.i.e.AbstractTransferListenerAdapter - Downloading https://repo.maven.apache.org/maven2/org/drools/drools-drl-ast/8.44.0.Final/drools-drl-ast-8.44.0.Final.jar
2024-11-21 20:15:14,356 [BasicRepositoryConnector-repo.maven.apache.org-0-2] INFO  o.e.m.c.i.e.AbstractTransferListenerAdapter - Downloading https://repo.maven.apache.org/maven2/org/drools/drools-ecj/8.44.0.Final/drools-ecj-8.44.0.Final.jar
2024-11-21 20:15:14,358 [BasicRepositoryConnector-repo.maven.apache.org-0-2] INFO  o.e.m.c.i.e.AbstractTransferListenerAdapter - Downloaded https://repo.maven.apache.org/maven2/org/drools/drools-ecj/8.44.0.Final/drools-ecj-8.44.0.Final.jar
2024-11-21 20:15:14,361 [BasicRepositoryConnector-repo.maven.apache.org-0-4] INFO  o.e.m.c.i.e.AbstractTransferListenerAdapter - Downloaded https://repo.maven.apache.org/maven2/org/drools/drools-drl-ast/8.44.0.Final/drools-drl-ast-8.44.0.Final.jar
2024-11-21 20:15:14,366 [BasicRepositoryConnector-repo.maven.apache.org-0-1] INFO  o.e.m.c.i.e.AbstractTransferListenerAdapter - Downloaded https://repo.maven.apache.org/maven2/org/drools/drools-drl-parser/8.44.0.Final/drools-drl-parser-8.44.0.Final.jar
2024-11-21 20:15:14,368 [BasicRepositoryConnector-repo.maven.apache.org-0-4] INFO  o.e.m.c.i.e.AbstractTransferListenerAdapter - Downloading https://repo.maven.apache.org/maven2/org/kie/kie-util-maven-support/8.44.0.Final/kie-util-maven-support-8.44.0.Final.jar
2024-11-21 20:15:14,369 [BasicRepositoryConnector-repo.maven.apache.org-0-2] INFO  o.e.m.c.i.e.AbstractTransferListenerAdapter - Downloading https://repo.maven.apache.org/maven2/org/eclipse/jdt/ecj/3.33.0/ecj-3.33.0.jar
2024-11-21 20:15:14,371 [BasicRepositoryConnector-repo.maven.apache.org-0-4] INFO  o.e.m.c.i.e.AbstractTransferListenerAdapter - Downloaded https://repo.maven.apache.org/maven2/org/kie/kie-util-maven-support/8.44.0.Final/kie-util-maven-support-8.44.0.Final.jar
2024-11-21 20:15:14,378 [BasicRepositoryConnector-repo.maven.apache.org-0-1] INFO  o.e.m.c.i.e.AbstractTransferListenerAdapter - Downloading https://repo.maven.apache.org/maven2/org/antlr/antlr-runtime/3.5.2/antlr-runtime-3.5.2.jar
2024-11-21 20:15:14,385 [BasicRepositoryConnector-repo.maven.apache.org-0-4] INFO  o.e.m.c.i.e.AbstractTransferListenerAdapter - Downloading https://repo.maven.apache.org/maven2/org/drools/drools-model-compiler/8.44.0.Final/drools-model-compiler-8.44.0.Final.jar
2024-11-21 20:15:14,404 [BasicRepositoryConnector-repo.maven.apache.org-0-1] INFO  o.e.m.c.i.e.AbstractTransferListenerAdapter - Downloaded https://repo.maven.apache.org/maven2/org/antlr/antlr-runtime/3.5.2/antlr-runtime-3.5.2.jar
2024-11-21 20:15:14,406 [BasicRepositoryConnector-repo.maven.apache.org-0-4] INFO  o.e.m.c.i.e.AbstractTransferListenerAdapter - Downloaded https://repo.maven.apache.org/maven2/org/drools/drools-model-compiler/8.44.0.Final/drools-model-compiler-8.44.0.Final.jar
2024-11-21 20:15:14,412 [BasicRepositoryConnector-repo.maven.apache.org-0-1] INFO  o.e.m.c.i.e.AbstractTransferListenerAdapter - Downloading https://repo.maven.apache.org/maven2/org/drools/drools-canonical-model/8.44.0.Final/drools-canonical-model-8.44.0.Final.jar
2024-11-21 20:15:14,419 [BasicRepositoryConnector-repo.maven.apache.org-0-0] INFO  o.e.m.c.i.e.AbstractTransferListenerAdapter - Downloaded https://repo.maven.apache.org/maven2/org/optaplanner/optaplanner-core-impl/9.44.0.Final/optaplanner-core-impl-9.44.0.Final.jar
2024-11-21 20:15:14,429 [BasicRepositoryConnector-repo.maven.apache.org-0-0] INFO  o.e.m.c.i.e.AbstractTransferListenerAdapter - Downloading https://repo.maven.apache.org/maven2/org/drools/drools-util/8.44.0.Final/drools-util-8.44.0.Final.jar
2024-11-21 20:15:14,456 [BasicRepositoryConnector-repo.maven.apache.org-0-0] INFO  o.e.m.c.i.e.AbstractTransferListenerAdapter - Downloaded https://repo.maven.apache.org/maven2/org/drools/drools-util/8.44.0.Final/drools-util-8.44.0.Final.jar
2024-11-21 20:15:14,466 [BasicRepositoryConnector-repo.maven.apache.org-0-0] INFO  o.e.m.c.i.e.AbstractTransferListenerAdapter - Downloading https://repo.maven.apache.org/maven2/org/drools/drools-codegen-common/8.44.0.Final/drools-codegen-common-8.44.0.Final.jar
2024-11-21 20:15:14,467 [BasicRepositoryConnector-repo.maven.apache.org-0-3] INFO  o.e.m.c.i.e.AbstractTransferListenerAdapter - Downloaded https://repo.maven.apache.org/maven2/org/drools/drools-compiler/8.44.0.Final/drools-compiler-8.44.0.Final.jar
2024-11-21 20:15:14,470 [BasicRepositoryConnector-repo.maven.apache.org-0-0] INFO  o.e.m.c.i.e.AbstractTransferListenerAdapter - Downloaded https://repo.maven.apache.org/maven2/org/drools/drools-codegen-common/8.44.0.Final/drools-codegen-common-8.44.0.Final.jar
2024-11-21 20:15:14,477 [BasicRepositoryConnector-repo.maven.apache.org-0-1] INFO  o.e.m.c.i.e.AbstractTransferListenerAdapter - Downloaded https://repo.maven.apache.org/maven2/org/drools/drools-canonical-model/8.44.0.Final/drools-canonical-model-8.44.0.Final.jar
2024-11-21 20:15:14,477 [BasicRepositoryConnector-repo.maven.apache.org-0-0] INFO  o.e.m.c.i.e.AbstractTransferListenerAdapter - Downloading https://repo.maven.apache.org/maven2/org/drools/drools-mvel-parser/8.44.0.Final/drools-mvel-parser-8.44.0.Final.jar
2024-11-21 20:15:14,485 [BasicRepositoryConnector-repo.maven.apache.org-0-1] INFO  o.e.m.c.i.e.AbstractTransferListenerAdapter - Downloading https://repo.maven.apache.org/maven2/org/drools/drools-mvel-compiler/8.44.0.Final/drools-mvel-compiler-8.44.0.Final.jar
2024-11-21 20:15:14,492 [BasicRepositoryConnector-repo.maven.apache.org-0-1] INFO  o.e.m.c.i.e.AbstractTransferListenerAdapter - Downloaded https://repo.maven.apache.org/maven2/org/drools/drools-mvel-compiler/8.44.0.Final/drools-mvel-compiler-8.44.0.Final.jar
2024-11-21 20:15:14,512 [BasicRepositoryConnector-repo.maven.apache.org-0-0] INFO  o.e.m.c.i.e.AbstractTransferListenerAdapter - Downloaded https://repo.maven.apache.org/maven2/org/drools/drools-mvel-parser/8.44.0.Final/drools-mvel-parser-8.44.0.Final.jar
2024-11-21 20:15:14,562 [BasicRepositoryConnector-repo.maven.apache.org-0-2] INFO  o.e.m.c.i.e.AbstractTransferListenerAdapter - Downloaded https://repo.maven.apache.org/maven2/org/eclipse/jdt/ecj/3.33.0/ecj-3.33.0.jar
2024-11-21 20:15:14,646 [BasicRepositoryConnector-repo.maven.apache.org-0-2] INFO  o.e.m.c.i.e.AbstractTransferListenerAdapter - Downloading https://repo.maven.apache.org/maven2/org/optaplanner/optaplanner-constraint-drl/9.44.0.Final/optaplanner-constraint-drl-9.44.0.Final.jar
2024-11-21 20:15:14,649 [BasicRepositoryConnector-repo.maven.apache.org-0-2] INFO  o.e.m.c.i.e.AbstractTransferListenerAdapter - Downloaded https://repo.maven.apache.org/maven2/org/optaplanner/optaplanner-constraint-drl/9.44.0.Final/optaplanner-constraint-drl-9.44.0.Final.jar
2024-11-21 20:15:14,674 [BasicRepositoryConnector-repo.maven.apache.org-0-4] INFO  o.e.m.c.i.e.AbstractTransferListenerAdapter - Downloading https://repo.maven.apache.org/maven2/org/drools/drools-model-codegen/8.44.0.Final/drools-model-codegen-8.44.0.Final.jar
2024-11-21 20:15:14,687 [BasicRepositoryConnector-repo.maven.apache.org-0-1] INFO  o.e.m.c.i.e.AbstractTransferListenerAdapter - Downloading https://repo.maven.apache.org/maven2/org/drools/drools-commands/8.44.0.Final/drools-commands-8.44.0.Final.jar
2024-11-21 20:15:14,711 [BasicRepositoryConnector-repo.maven.apache.org-0-1] INFO  o.e.m.c.i.e.AbstractTransferListenerAdapter - Downloaded https://repo.maven.apache.org/maven2/org/drools/drools-commands/8.44.0.Final/drools-commands-8.44.0.Final.jar
2024-11-21 20:15:14,749 [BasicRepositoryConnector-repo.maven.apache.org-0-4] INFO  o.e.m.c.i.e.AbstractTransferListenerAdapter - Downloaded https://repo.maven.apache.org/maven2/org/drools/drools-model-codegen/8.44.0.Final/drools-model-codegen-8.44.0.Final.jar
2024-11-21 20:15:15,135 [BasicRepositoryConnector-repo.maven.apache.org-0-2] INFO  o.e.m.c.i.e.AbstractTransferListenerAdapter - Downloading https://repo.maven.apache.org/maven2/org/optaplanner/optaplanner-constraint-streams-bavet/9.44.0.Final/optaplanner-constraint-streams-bavet-9.44.0.Final.jar
2024-11-21 20:15:15,169 [BasicRepositoryConnector-repo.maven.apache.org-0-2] INFO  o.e.m.c.i.e.AbstractTransferListenerAdapter - Downloaded https://repo.maven.apache.org/maven2/org/optaplanner/optaplanner-constraint-streams-bavet/9.44.0.Final/optaplanner-constraint-streams-bavet-9.44.0.Final.jar
2024-11-21 20:15:15,256 [BasicRepositoryConnector-repo.maven.apache.org-0-0] INFO  o.e.m.c.i.e.AbstractTransferListenerAdapter - Downloading https://repo.maven.apache.org/maven2/org/drools/drools-alphanetwork-compiler/8.44.0.Final/drools-alphanetwork-compiler-8.44.0.Final.jar
2024-11-21 20:15:15,264 [BasicRepositoryConnector-repo.maven.apache.org-0-0] INFO  o.e.m.c.i.e.AbstractTransferListenerAdapter - Downloaded https://repo.maven.apache.org/maven2/org/drools/drools-alphanetwork-compiler/8.44.0.Final/drools-alphanetwork-compiler-8.44.0.Final.jar
2024-11-21 20:15:16,324 [BasicRepositoryConnector-repo.maven.apache.org-0-3] INFO  o.e.m.c.i.e.AbstractTransferListenerAdapter - Downloading https://repo.maven.apache.org/maven2/com/github/javaparser/javaparser-core/3.24.2/javaparser-core-3.24.2.jar
2024-11-21 20:15:16,474 [BasicRepositoryConnector-repo.maven.apache.org-0-3] INFO  o.e.m.c.i.e.AbstractTransferListenerAdapter - Downloaded https://repo.maven.apache.org/maven2/com/github/javaparser/javaparser-core/3.24.2/javaparser-core-3.24.2.jar
2024-11-21 20:15:16,766 [Worker-28: Building] INFO  o.a.m.s.f.DefaultMavenResourcesFiltering - skip non existing resourceDirectory /Users/anurakasthoori/projects/backend-application/spring-boot/SpringMicroservice/busroute/src/main/resources
2024-11-21 20:15:16,768 [Worker-28: Building] INFO  o.a.m.s.f.DefaultMavenResourcesFiltering - skip non existing resourceDirectory /Users/anurakasthoori/projects/backend-application/spring-boot/SpringMicroservice/busroute/src/test/resources
2024-11-21 20:15:17,780 [Worker-27: Download sources and javadoc] INFO  o.e.m.c.i.e.AbstractTransferListenerAdapter - Downloaded https://repo.maven.apache.org/maven2/org/optaplanner/optaplanner-core/9.44.0.Final/optaplanner-core-9.44.0.Final-sources.jar
2024-11-21 20:15:17,784 [Worker-27: Download sources and javadoc] ERROR o.e.m.j.internal.DownloadSourcesJob - Could not download sources for org.optaplanner:optaplanner-core:9.44.0.Final
org.eclipse.core.runtime.CoreException: Could not resolve artifact org.optaplanner:optaplanner-core:jar:sources:9.44.0.Final
	at org.eclipse.m2e.core.internal.embedder.MavenImpl.lambda$7(MavenImpl.java:540)
	at org.eclipse.m2e.core.internal.embedder.MavenExecutionContext.executeBare(MavenExecutionContext.java:458)
	at org.eclipse.m2e.core.internal.embedder.MavenExecutionContext.execute(MavenExecutionContext.java:292)
	at org.eclipse.m2e.core.internal.embedder.MavenExecutionContext.execute(MavenExecutionContext.java:278)
	at org.eclipse.m2e.core.internal.embedder.MavenImpl.resolve(MavenImpl.java:509)
	at org.eclipse.m2e.core.internal.embedder.MavenImpl.resolve(MavenImpl.java:494)
	at org.eclipse.m2e.jdt.internal.DownloadSourcesJob.download(DownloadSourcesJob.java:308)
	at org.eclipse.m2e.jdt.internal.DownloadSourcesJob.downloadAttachments(DownloadSourcesJob.java:282)
	at org.eclipse.m2e.jdt.internal.DownloadSourcesJob.downloadMaven(DownloadSourcesJob.java:252)
	at org.eclipse.m2e.jdt.internal.DownloadSourcesJob.downloadFilesAndPopulateToUpdate(DownloadSourcesJob.java:220)
	at org.eclipse.m2e.jdt.internal.DownloadSourcesJob.lambda$0(DownloadSourcesJob.java:149)
	at org.eclipse.m2e.core.internal.embedder.MavenExecutionContext.executeBare(MavenExecutionContext.java:458)
	at org.eclipse.m2e.core.internal.embedder.MavenExecutionContext.execute(MavenExecutionContext.java:339)
	at org.eclipse.m2e.core.internal.embedder.MavenExecutionContext.execute(MavenExecutionContext.java:278)
	at org.eclipse.m2e.core.embedder.IMaven.execute(IMaven.java:300)
	at org.eclipse.m2e.jdt.internal.DownloadSourcesJob.run(DownloadSourcesJob.java:149)
	at org.eclipse.core.internal.jobs.Worker.run(Worker.java:63)
2024-11-21 20:15:18,535 [Worker-30: Building] INFO  o.a.m.s.f.DefaultMavenResourcesFiltering - skip non existing resourceDirectory /Users/anurakasthoori/projects/backend-application/spring-boot/SpringMicroservice/busroute/src/main/resources
2024-11-21 20:15:18,536 [Worker-30: Building] INFO  o.a.m.s.f.DefaultMavenResourcesFiltering - skip non existing resourceDirectory /Users/anurakasthoori/projects/backend-application/spring-boot/SpringMicroservice/busroute/src/test/resources
2024-11-21 20:15:19,351 [Worker-27: Download sources and javadoc] INFO  o.e.m.c.i.e.AbstractTransferListenerAdapter - Downloading https://repo.maven.apache.org/maven2/org/optaplanner/optaplanner-core-impl/9.44.0.Final/optaplanner-core-impl-9.44.0.Final-sources.jar
2024-11-21 20:15:19,542 [Worker-27: Download sources and javadoc] INFO  o.e.m.c.i.e.AbstractTransferListenerAdapter - Downloaded https://repo.maven.apache.org/maven2/org/optaplanner/optaplanner-core-impl/9.44.0.Final/optaplanner-core-impl-9.44.0.Final-sources.jar
2024-11-21 20:15:19,551 [Worker-27: Download sources and javadoc] INFO  o.e.m.j.internal.DownloadSourcesJob - Downloaded sources for org.optaplanner:optaplanner-core-impl:9.44.0.Final
2024-11-21 20:15:19,588 [Worker-27: Download sources and javadoc] INFO  o.e.m.c.i.e.AbstractTransferListenerAdapter - Downloading https://repo.maven.apache.org/maven2/org/apache/commons/commons-math3/3.6.1/commons-math3-3.6.1-sources.jar
2024-11-21 20:15:19,684 [Worker-27: Download sources and javadoc] INFO  o.e.m.c.i.e.AbstractTransferListenerAdapter - Downloaded https://repo.maven.apache.org/maven2/org/apache/commons/commons-math3/3.6.1/commons-math3-3.6.1-sources.jar
2024-11-21 20:15:19,706 [Worker-27: Download sources and javadoc] INFO  o.e.m.j.internal.DownloadSourcesJob - Downloaded sources for org.apache.commons:commons-math3:3.6.1
2024-11-21 20:15:19,740 [Worker-27: Download sources and javadoc] INFO  o.e.m.c.i.e.AbstractTransferListenerAdapter - Downloading https://repo.maven.apache.org/maven2/org/slf4j/slf4j-api/2.0.6/slf4j-api-2.0.6-sources.jar
2024-11-21 20:15:19,753 [Worker-27: Download sources and javadoc] INFO  o.e.m.c.i.e.AbstractTransferListenerAdapter - Downloaded https://repo.maven.apache.org/maven2/org/slf4j/slf4j-api/2.0.6/slf4j-api-2.0.6-sources.jar
2024-11-21 20:15:19,760 [Worker-27: Download sources and javadoc] INFO  o.e.m.j.internal.DownloadSourcesJob - Downloaded sources for org.slf4j:slf4j-api:2.0.6
2024-11-21 20:15:20,176 [Worker-27: Download sources and javadoc] INFO  o.e.m.c.i.e.AbstractTransferListenerAdapter - Downloading https://repo.maven.apache.org/maven2/io/micrometer/micrometer-core/1.10.5/micrometer-core-1.10.5-sources.jar
2024-11-21 20:15:20,203 [Worker-27: Download sources and javadoc] INFO  o.e.m.c.i.e.AbstractTransferListenerAdapter - Downloaded https://repo.maven.apache.org/maven2/io/micrometer/micrometer-core/1.10.5/micrometer-core-1.10.5-sources.jar
2024-11-21 20:15:20,532 [Worker-27: Download sources and javadoc] INFO  o.e.m.j.internal.DownloadSourcesJob - Downloaded sources for io.micrometer:micrometer-core:1.10.5
2024-11-21 20:15:20,909 [Worker-27: Download sources and javadoc] INFO  o.e.m.c.i.e.AbstractTransferListenerAdapter - Downloading https://repo.maven.apache.org/maven2/io/micrometer/micrometer-commons/1.10.5/micrometer-commons-1.10.5-sources.jar
2024-11-21 20:15:20,911 [Worker-27: Download sources and javadoc] INFO  o.e.m.c.i.e.AbstractTransferListenerAdapter - Downloaded https://repo.maven.apache.org/maven2/io/micrometer/micrometer-commons/1.10.5/micrometer-commons-1.10.5-sources.jar
2024-11-21 20:15:21,008 [Worker-27: Download sources and javadoc] INFO  o.e.m.j.internal.DownloadSourcesJob - Downloaded sources for io.micrometer:micrometer-commons:1.10.5
2024-11-21 20:15:21,372 [Worker-27: Download sources and javadoc] INFO  o.e.m.c.i.e.AbstractTransferListenerAdapter - Downloading https://repo.maven.apache.org/maven2/io/micrometer/micrometer-observation/1.10.5/micrometer-observation-1.10.5-sources.jar
2024-11-21 20:15:21,379 [Worker-27: Download sources and javadoc] INFO  o.e.m.c.i.e.AbstractTransferListenerAdapter - Downloaded https://repo.maven.apache.org/maven2/io/micrometer/micrometer-observation/1.10.5/micrometer-observation-1.10.5-sources.jar
2024-11-21 20:15:21,380 [Worker-27: Download sources and javadoc] INFO  o.e.m.j.internal.DownloadSourcesJob - Downloaded sources for io.micrometer:micrometer-observation:1.10.5
2024-11-21 20:15:21,409 [Worker-27: Download sources and javadoc] INFO  o.e.m.c.i.e.AbstractTransferListenerAdapter - Downloading https://repo.maven.apache.org/maven2/org/hdrhistogram/HdrHistogram/2.1.12/HdrHistogram-2.1.12-sources.jar
2024-11-21 20:15:21,439 [Worker-27: Download sources and javadoc] INFO  o.e.m.c.i.e.AbstractTransferListenerAdapter - Downloaded https://repo.maven.apache.org/maven2/org/hdrhistogram/HdrHistogram/2.1.12/HdrHistogram-2.1.12-sources.jar
2024-11-21 20:15:21,440 [Worker-27: Download sources and javadoc] INFO  o.e.m.j.internal.DownloadSourcesJob - Downloaded sources for org.hdrhistogram:HdrHistogram:2.1.12
2024-11-21 20:15:21,463 [Worker-27: Download sources and javadoc] INFO  o.e.m.c.i.e.AbstractTransferListenerAdapter - Downloading https://repo.maven.apache.org/maven2/org/latencyutils/LatencyUtils/2.0.3/LatencyUtils-2.0.3-sources.jar
2024-11-21 20:15:21,468 [Worker-27: Download sources and javadoc] INFO  o.e.m.c.i.e.AbstractTransferListenerAdapter - Downloaded https://repo.maven.apache.org/maven2/org/latencyutils/LatencyUtils/2.0.3/LatencyUtils-2.0.3-sources.jar
2024-11-21 20:15:21,469 [Worker-27: Download sources and javadoc] INFO  o.e.m.j.internal.DownloadSourcesJob - Downloaded sources for org.latencyutils:LatencyUtils:2.0.3
2024-11-21 20:15:21,499 [Worker-27: Download sources and javadoc] INFO  o.e.m.c.i.e.AbstractTransferListenerAdapter - Downloading https://repo.maven.apache.org/maven2/jakarta/xml/bind/jakarta.xml.bind-api/4.0.0/jakarta.xml.bind-api-4.0.0-sources.jar
2024-11-21 20:15:21,517 [Worker-27: Download sources and javadoc] INFO  o.e.m.c.i.e.AbstractTransferListenerAdapter - Downloaded https://repo.maven.apache.org/maven2/jakarta/xml/bind/jakarta.xml.bind-api/4.0.0/jakarta.xml.bind-api-4.0.0-sources.jar
2024-11-21 20:15:21,518 [Worker-27: Download sources and javadoc] INFO  o.e.m.j.internal.DownloadSourcesJob - Downloaded sources for jakarta.xml.bind:jakarta.xml.bind-api:4.0.0
2024-11-21 20:15:21,546 [Worker-27: Download sources and javadoc] INFO  o.e.m.c.i.e.AbstractTransferListenerAdapter - Downloading https://repo.maven.apache.org/maven2/jakarta/activation/jakarta.activation-api/2.1.0/jakarta.activation-api-2.1.0-sources.jar
2024-11-21 20:15:21,555 [Worker-27: Download sources and javadoc] INFO  o.e.m.c.i.e.AbstractTransferListenerAdapter - Downloaded https://repo.maven.apache.org/maven2/jakarta/activation/jakarta.activation-api/2.1.0/jakarta.activation-api-2.1.0-sources.jar
2024-11-21 20:15:21,556 [Worker-27: Download sources and javadoc] INFO  o.e.m.j.internal.DownloadSourcesJob - Downloaded sources for jakarta.activation:jakarta.activation-api:2.1.0
2024-11-21 20:15:21,587 [Worker-27: Download sources and javadoc] INFO  o.e.m.c.i.e.AbstractTransferListenerAdapter - Downloading https://repo.maven.apache.org/maven2/org/glassfish/jaxb/jaxb-runtime/4.0.2/jaxb-runtime-4.0.2-sources.jar
2024-11-21 20:15:21,622 [Worker-27: Download sources and javadoc] INFO  o.e.m.c.i.e.AbstractTransferListenerAdapter - Downloaded https://repo.maven.apache.org/maven2/org/glassfish/jaxb/jaxb-runtime/4.0.2/jaxb-runtime-4.0.2-sources.jar
2024-11-21 20:15:21,624 [Worker-27: Download sources and javadoc] INFO  o.e.m.j.internal.DownloadSourcesJob - Downloaded sources for org.glassfish.jaxb:jaxb-runtime:4.0.2
2024-11-21 20:15:21,657 [Worker-27: Download sources and javadoc] INFO  o.e.m.c.i.e.AbstractTransferListenerAdapter - Downloading https://repo.maven.apache.org/maven2/org/glassfish/jaxb/jaxb-core/4.0.2/jaxb-core-4.0.2-sources.jar
2024-11-21 20:15:21,671 [Worker-27: Download sources and javadoc] INFO  o.e.m.c.i.e.AbstractTransferListenerAdapter - Downloaded https://repo.maven.apache.org/maven2/org/glassfish/jaxb/jaxb-core/4.0.2/jaxb-core-4.0.2-sources.jar
2024-11-21 20:15:21,672 [Worker-27: Download sources and javadoc] INFO  o.e.m.j.internal.DownloadSourcesJob - Downloaded sources for org.glassfish.jaxb:jaxb-core:4.0.2
2024-11-21 20:15:21,908 [Worker-27: Download sources and javadoc] INFO  o.e.m.c.i.e.AbstractTransferListenerAdapter - Downloading https://repo.maven.apache.org/maven2/org/eclipse/angus/angus-activation/2.0.0/angus-activation-2.0.0-sources.jar
2024-11-21 20:15:21,913 [Worker-27: Download sources and javadoc] INFO  o.e.m.c.i.e.AbstractTransferListenerAdapter - Downloaded https://repo.maven.apache.org/maven2/org/eclipse/angus/angus-activation/2.0.0/angus-activation-2.0.0-sources.jar
2024-11-21 20:15:21,915 [Worker-27: Download sources and javadoc] INFO  o.e.m.j.internal.DownloadSourcesJob - Downloaded sources for org.eclipse.angus:angus-activation:2.0.0
2024-11-21 20:15:21,942 [Worker-27: Download sources and javadoc] INFO  o.e.m.c.i.e.AbstractTransferListenerAdapter - Downloading https://repo.maven.apache.org/maven2/org/glassfish/jaxb/txw2/4.0.2/txw2-4.0.2-sources.jar
2024-11-21 20:15:21,959 [Worker-27: Download sources and javadoc] INFO  o.e.m.c.i.e.AbstractTransferListenerAdapter - Downloaded https://repo.maven.apache.org/maven2/org/glassfish/jaxb/txw2/4.0.2/txw2-4.0.2-sources.jar
2024-11-21 20:15:21,961 [Worker-27: Download sources and javadoc] INFO  o.e.m.j.internal.DownloadSourcesJob - Downloaded sources for org.glassfish.jaxb:txw2:4.0.2
2024-11-21 20:15:21,996 [Worker-27: Download sources and javadoc] INFO  o.e.m.c.i.e.AbstractTransferListenerAdapter - Downloading https://repo.maven.apache.org/maven2/com/sun/istack/istack-commons-runtime/4.1.1/istack-commons-runtime-4.1.1-sources.jar
2024-11-21 20:15:21,999 [Worker-27: Download sources and javadoc] INFO  o.e.m.c.i.e.AbstractTransferListenerAdapter - Downloaded https://repo.maven.apache.org/maven2/com/sun/istack/istack-commons-runtime/4.1.1/istack-commons-runtime-4.1.1-sources.jar
2024-11-21 20:15:22,000 [Worker-27: Download sources and javadoc] INFO  o.e.m.j.internal.DownloadSourcesJob - Downloaded sources for com.sun.istack:istack-commons-runtime:4.1.1
2024-11-21 20:15:22,290 [Worker-27: Download sources and javadoc] INFO  o.e.m.c.i.e.AbstractTransferListenerAdapter - Downloading https://repo.maven.apache.org/maven2/org/optaplanner/optaplanner-constraint-streams-drools/9.44.0.Final/optaplanner-constraint-streams-drools-9.44.0.Final-sources.jar
2024-11-21 20:15:22,300 [Worker-27: Download sources and javadoc] INFO  o.e.m.c.i.e.AbstractTransferListenerAdapter - Downloaded https://repo.maven.apache.org/maven2/org/optaplanner/optaplanner-constraint-streams-drools/9.44.0.Final/optaplanner-constraint-streams-drools-9.44.0.Final-sources.jar
2024-11-21 20:15:22,489 [Worker-27: Download sources and javadoc] INFO  o.e.m.j.internal.DownloadSourcesJob - Downloaded sources for org.optaplanner:optaplanner-constraint-streams-drools:9.44.0.Final
2024-11-21 20:15:22,744 [Worker-27: Download sources and javadoc] INFO  o.e.m.c.i.e.AbstractTransferListenerAdapter - Downloading https://repo.maven.apache.org/maven2/org/optaplanner/optaplanner-constraint-streams-common/9.44.0.Final/optaplanner-constraint-streams-common-9.44.0.Final-sources.jar
2024-11-21 20:15:22,747 [Worker-27: Download sources and javadoc] INFO  o.e.m.c.i.e.AbstractTransferListenerAdapter - Downloaded https://repo.maven.apache.org/maven2/org/optaplanner/optaplanner-constraint-streams-common/9.44.0.Final/optaplanner-constraint-streams-common-9.44.0.Final-sources.jar
2024-11-21 20:15:22,967 [Worker-27: Download sources and javadoc] INFO  o.e.m.j.internal.DownloadSourcesJob - Downloaded sources for org.optaplanner:optaplanner-constraint-streams-common:9.44.0.Final
2024-11-21 20:15:23,203 [Worker-27: Download sources and javadoc] INFO  o.e.m.c.i.e.AbstractTransferListenerAdapter - Downloaded https://repo.maven.apache.org/maven2/org/drools/drools-engine/8.44.0.Final/drools-engine-8.44.0.Final-sources.jar
2024-11-21 20:15:23,204 [Worker-27: Download sources and javadoc] ERROR o.e.m.j.internal.DownloadSourcesJob - Could not download sources for org.drools:drools-engine:8.44.0.Final
org.eclipse.core.runtime.CoreException: Could not resolve artifact org.drools:drools-engine:jar:sources:8.44.0.Final
	at org.eclipse.m2e.core.internal.embedder.MavenImpl.lambda$7(MavenImpl.java:540)
	at org.eclipse.m2e.core.internal.embedder.MavenExecutionContext.executeBare(MavenExecutionContext.java:458)
	at org.eclipse.m2e.core.internal.embedder.MavenExecutionContext.execute(MavenExecutionContext.java:292)
	at org.eclipse.m2e.core.internal.embedder.MavenExecutionContext.execute(MavenExecutionContext.java:278)
	at org.eclipse.m2e.core.internal.embedder.MavenImpl.resolve(MavenImpl.java:509)
	at org.eclipse.m2e.core.internal.embedder.MavenImpl.resolve(MavenImpl.java:494)
	at org.eclipse.m2e.jdt.internal.DownloadSourcesJob.download(DownloadSourcesJob.java:308)
	at org.eclipse.m2e.jdt.internal.DownloadSourcesJob.downloadAttachments(DownloadSourcesJob.java:282)
	at org.eclipse.m2e.jdt.internal.DownloadSourcesJob.downloadMaven(DownloadSourcesJob.java:252)
	at org.eclipse.m2e.jdt.internal.DownloadSourcesJob.downloadFilesAndPopulateToUpdate(DownloadSourcesJob.java:220)
	at org.eclipse.m2e.jdt.internal.DownloadSourcesJob.lambda$0(DownloadSourcesJob.java:149)
	at org.eclipse.m2e.core.internal.embedder.MavenExecutionContext.executeBare(MavenExecutionContext.java:458)
	at org.eclipse.m2e.core.internal.embedder.MavenExecutionContext.execute(MavenExecutionContext.java:339)
	at org.eclipse.m2e.core.internal.embedder.MavenExecutionContext.execute(MavenExecutionContext.java:278)
	at org.eclipse.m2e.core.embedder.IMaven.execute(IMaven.java:300)
	at org.eclipse.m2e.jdt.internal.DownloadSourcesJob.run(DownloadSourcesJob.java:149)
	at org.eclipse.core.internal.jobs.Worker.run(Worker.java:63)
2024-11-21 20:15:24,214 [Worker-27: Download sources and javadoc] INFO  o.e.m.c.i.e.AbstractTransferListenerAdapter - Downloading https://repo.maven.apache.org/maven2/org/kie/kie-api/8.44.0.Final/kie-api-8.44.0.Final-sources.jar
2024-11-21 20:15:24,235 [Worker-27: Download sources and javadoc] INFO  o.e.m.c.i.e.AbstractTransferListenerAdapter - Downloaded https://repo.maven.apache.org/maven2/org/kie/kie-api/8.44.0.Final/kie-api-8.44.0.Final-sources.jar
2024-11-21 20:15:24,237 [Worker-27: Download sources and javadoc] INFO  o.e.m.j.internal.DownloadSourcesJob - Downloaded sources for org.kie:kie-api:8.44.0.Final
2024-11-21 20:15:24,575 [Worker-27: Download sources and javadoc] INFO  o.e.m.c.i.e.AbstractTransferListenerAdapter - Downloading https://repo.maven.apache.org/maven2/org/kie/kie-internal/8.44.0.Final/kie-internal-8.44.0.Final-sources.jar
2024-11-21 20:15:24,721 [Worker-27: Download sources and javadoc] INFO  o.e.m.c.i.e.AbstractTransferListenerAdapter - Downloaded https://repo.maven.apache.org/maven2/org/kie/kie-internal/8.44.0.Final/kie-internal-8.44.0.Final-sources.jar
2024-11-21 20:15:24,723 [Worker-27: Download sources and javadoc] INFO  o.e.m.j.internal.DownloadSourcesJob - Downloaded sources for org.kie:kie-internal:8.44.0.Final
2024-11-21 20:15:24,753 [Worker-27: Download sources and javadoc] INFO  o.e.m.c.i.e.AbstractTransferListenerAdapter - Downloading https://repo.maven.apache.org/maven2/org/drools/drools-core/8.44.0.Final/drools-core-8.44.0.Final-sources.jar
2024-11-21 20:15:24,806 [Worker-27: Download sources and javadoc] INFO  o.e.m.c.i.e.AbstractTransferListenerAdapter - Downloaded https://repo.maven.apache.org/maven2/org/drools/drools-core/8.44.0.Final/drools-core-8.44.0.Final-sources.jar
2024-11-21 20:15:24,808 [Worker-27: Download sources and javadoc] INFO  o.e.m.j.internal.DownloadSourcesJob - Downloaded sources for org.drools:drools-core:8.44.0.Final
2024-11-21 20:15:25,045 [Worker-27: Download sources and javadoc] INFO  o.e.m.c.i.e.AbstractTransferListenerAdapter - Downloading https://repo.maven.apache.org/maven2/org/kie/kie-util-xml/8.44.0.Final/kie-util-xml-8.44.0.Final-sources.jar
2024-11-21 20:15:25,049 [Worker-27: Download sources and javadoc] INFO  o.e.m.c.i.e.AbstractTransferListenerAdapter - Downloaded https://repo.maven.apache.org/maven2/org/kie/kie-util-xml/8.44.0.Final/kie-util-xml-8.44.0.Final-sources.jar
2024-11-21 20:15:25,074 [Worker-27: Download sources and javadoc] INFO  o.e.m.j.internal.DownloadSourcesJob - Downloaded sources for org.kie:kie-util-xml:8.44.0.Final
2024-11-21 20:15:25,407 [Worker-27: Download sources and javadoc] INFO  o.e.m.c.i.e.AbstractTransferListenerAdapter - Downloading https://repo.maven.apache.org/maven2/org/drools/drools-wiring-api/8.44.0.Final/drools-wiring-api-8.44.0.Final-sources.jar
2024-11-21 20:15:25,409 [Worker-27: Download sources and javadoc] INFO  o.e.m.c.i.e.AbstractTransferListenerAdapter - Downloaded https://repo.maven.apache.org/maven2/org/drools/drools-wiring-api/8.44.0.Final/drools-wiring-api-8.44.0.Final-sources.jar
2024-11-21 20:15:25,411 [Worker-27: Download sources and javadoc] INFO  o.e.m.j.internal.DownloadSourcesJob - Downloaded sources for org.drools:drools-wiring-api:8.44.0.Final
2024-11-21 20:15:26,326 [Worker-27: Download sources and javadoc] INFO  o.e.m.c.i.e.AbstractTransferListenerAdapter - Downloading https://repo.maven.apache.org/maven2/org/drools/drools-base/8.44.0.Final/drools-base-8.44.0.Final-sources.jar
2024-11-21 20:15:26,343 [Worker-27: Download sources and javadoc] INFO  o.e.m.c.i.e.AbstractTransferListenerAdapter - Downloaded https://repo.maven.apache.org/maven2/org/drools/drools-base/8.44.0.Final/drools-base-8.44.0.Final-sources.jar
2024-11-21 20:15:26,345 [Worker-27: Download sources and javadoc] INFO  o.e.m.j.internal.DownloadSourcesJob - Downloaded sources for org.drools:drools-base:8.44.0.Final
2024-11-21 20:15:26,370 [Worker-27: Download sources and javadoc] INFO  o.e.m.c.i.e.AbstractTransferListenerAdapter - Downloading https://repo.maven.apache.org/maven2/org/drools/drools-wiring-static/8.44.0.Final/drools-wiring-static-8.44.0.Final-sources.jar
2024-11-21 20:15:26,372 [Worker-27: Download sources and javadoc] INFO  o.e.m.c.i.e.AbstractTransferListenerAdapter - Downloaded https://repo.maven.apache.org/maven2/org/drools/drools-wiring-static/8.44.0.Final/drools-wiring-static-8.44.0.Final-sources.jar
2024-11-21 20:15:26,374 [Worker-27: Download sources and javadoc] INFO  o.e.m.j.internal.DownloadSourcesJob - Downloaded sources for org.drools:drools-wiring-static:8.44.0.Final
2024-11-21 20:15:26,399 [Worker-27: Download sources and javadoc] INFO  o.e.m.c.i.e.AbstractTransferListenerAdapter - Downloading https://repo.maven.apache.org/maven2/org/drools/drools-io/8.44.0.Final/drools-io-8.44.0.Final-sources.jar
2024-11-21 20:15:26,403 [Worker-27: Download sources and javadoc] INFO  o.e.m.c.i.e.AbstractTransferListenerAdapter - Downloaded https://repo.maven.apache.org/maven2/org/drools/drools-io/8.44.0.Final/drools-io-8.44.0.Final-sources.jar
2024-11-21 20:15:26,404 [Worker-27: Download sources and javadoc] INFO  o.e.m.j.internal.DownloadSourcesJob - Downloaded sources for org.drools:drools-io:8.44.0.Final
2024-11-21 20:15:26,429 [Worker-27: Download sources and javadoc] INFO  o.e.m.c.i.e.AbstractTransferListenerAdapter - Downloading https://repo.maven.apache.org/maven2/commons-codec/commons-codec/1.15/commons-codec-1.15-sources.jar
2024-11-21 20:15:26,459 [Worker-27: Download sources and javadoc] INFO  o.e.m.c.i.e.AbstractTransferListenerAdapter - Downloaded https://repo.maven.apache.org/maven2/commons-codec/commons-codec/1.15/commons-codec-1.15-sources.jar
2024-11-21 20:15:26,460 [Worker-27: Download sources and javadoc] INFO  o.e.m.j.internal.DownloadSourcesJob - Downloaded sources for commons-codec:commons-codec:1.15
2024-11-21 20:15:26,678 [Worker-27: Download sources and javadoc] INFO  o.e.m.c.i.e.AbstractTransferListenerAdapter - Downloading https://repo.maven.apache.org/maven2/org/drools/drools-wiring-dynamic/8.44.0.Final/drools-wiring-dynamic-8.44.0.Final-sources.jar
2024-11-21 20:15:26,680 [Worker-27: Download sources and javadoc] INFO  o.e.m.c.i.e.AbstractTransferListenerAdapter - Downloaded https://repo.maven.apache.org/maven2/org/drools/drools-wiring-dynamic/8.44.0.Final/drools-wiring-dynamic-8.44.0.Final-sources.jar
2024-11-21 20:15:26,694 [Worker-27: Download sources and javadoc] INFO  o.e.m.j.internal.DownloadSourcesJob - Downloaded sources for org.drools:drools-wiring-dynamic:8.44.0.Final
2024-11-21 20:15:26,910 [Worker-27: Download sources and javadoc] INFO  o.e.m.c.i.e.AbstractTransferListenerAdapter - Downloading https://repo.maven.apache.org/maven2/org/drools/drools-kiesession/8.44.0.Final/drools-kiesession-8.44.0.Final-sources.jar
2024-11-21 20:15:26,924 [Worker-27: Download sources and javadoc] INFO  o.e.m.c.i.e.AbstractTransferListenerAdapter - Downloaded https://repo.maven.apache.org/maven2/org/drools/drools-kiesession/8.44.0.Final/drools-kiesession-8.44.0.Final-sources.jar
2024-11-21 20:15:26,926 [Worker-27: Download sources and javadoc] INFO  o.e.m.j.internal.DownloadSourcesJob - Downloaded sources for org.drools:drools-kiesession:8.44.0.Final
2024-11-21 20:15:27,231 [Worker-27: Download sources and javadoc] INFO  o.e.m.c.i.e.AbstractTransferListenerAdapter - Downloading https://repo.maven.apache.org/maven2/org/drools/drools-tms/8.44.0.Final/drools-tms-8.44.0.Final-sources.jar
2024-11-21 20:15:27,243 [Worker-27: Download sources and javadoc] INFO  o.e.m.c.i.e.AbstractTransferListenerAdapter - Downloaded https://repo.maven.apache.org/maven2/org/drools/drools-tms/8.44.0.Final/drools-tms-8.44.0.Final-sources.jar
2024-11-21 20:15:27,244 [Worker-27: Download sources and javadoc] INFO  o.e.m.j.internal.DownloadSourcesJob - Downloaded sources for org.drools:drools-tms:8.44.0.Final
2024-11-21 20:15:27,272 [Worker-27: Download sources and javadoc] INFO  o.e.m.c.i.e.AbstractTransferListenerAdapter - Downloading https://repo.maven.apache.org/maven2/org/drools/drools-compiler/8.44.0.Final/drools-compiler-8.44.0.Final-sources.jar
2024-11-21 20:15:27,301 [Worker-27: Download sources and javadoc] INFO  o.e.m.c.i.e.AbstractTransferListenerAdapter - Downloaded https://repo.maven.apache.org/maven2/org/drools/drools-compiler/8.44.0.Final/drools-compiler-8.44.0.Final-sources.jar
2024-11-21 20:15:27,302 [Worker-27: Download sources and javadoc] INFO  o.e.m.j.internal.DownloadSourcesJob - Downloaded sources for org.drools:drools-compiler:8.44.0.Final
2024-11-21 20:15:27,328 [Worker-27: Download sources and javadoc] INFO  o.e.m.c.i.e.AbstractTransferListenerAdapter - Downloading https://repo.maven.apache.org/maven2/org/drools/drools-drl-parser/8.44.0.Final/drools-drl-parser-8.44.0.Final-sources.jar
2024-11-21 20:15:27,353 [Worker-27: Download sources and javadoc] INFO  o.e.m.c.i.e.AbstractTransferListenerAdapter - Downloaded https://repo.maven.apache.org/maven2/org/drools/drools-drl-parser/8.44.0.Final/drools-drl-parser-8.44.0.Final-sources.jar
2024-11-21 20:15:27,355 [Worker-27: Download sources and javadoc] INFO  o.e.m.j.internal.DownloadSourcesJob - Downloaded sources for org.drools:drools-drl-parser:8.44.0.Final
2024-11-21 20:15:27,435 [Worker-27: Download sources and javadoc] INFO  o.e.m.c.i.e.AbstractTransferListenerAdapter - Downloading https://repo.maven.apache.org/maven2/org/drools/drools-drl-extensions/8.44.0.Final/drools-drl-extensions-8.44.0.Final-sources.jar
2024-11-21 20:15:27,436 [Worker-27: Download sources and javadoc] INFO  o.e.m.c.i.e.AbstractTransferListenerAdapter - Downloaded https://repo.maven.apache.org/maven2/org/drools/drools-drl-extensions/8.44.0.Final/drools-drl-extensions-8.44.0.Final-sources.jar
2024-11-21 20:15:27,437 [Worker-27: Download sources and javadoc] INFO  o.e.m.j.internal.DownloadSourcesJob - Downloaded sources for org.drools:drools-drl-extensions:8.44.0.Final
2024-11-21 20:15:27,676 [Worker-27: Download sources and javadoc] INFO  o.e.m.c.i.e.AbstractTransferListenerAdapter - Downloading https://repo.maven.apache.org/maven2/org/drools/drools-drl-ast/8.44.0.Final/drools-drl-ast-8.44.0.Final-sources.jar
2024-11-21 20:15:27,694 [Worker-27: Download sources and javadoc] INFO  o.e.m.c.i.e.AbstractTransferListenerAdapter - Downloaded https://repo.maven.apache.org/maven2/org/drools/drools-drl-ast/8.44.0.Final/drools-drl-ast-8.44.0.Final-sources.jar
2024-11-21 20:15:27,696 [Worker-27: Download sources and javadoc] INFO  o.e.m.j.internal.DownloadSourcesJob - Downloaded sources for org.drools:drools-drl-ast:8.44.0.Final
2024-11-21 20:15:27,922 [Worker-27: Download sources and javadoc] INFO  o.e.m.c.i.e.AbstractTransferListenerAdapter - Downloading https://repo.maven.apache.org/maven2/org/kie/kie-memory-compiler/8.44.0.Final/kie-memory-compiler-8.44.0.Final-sources.jar
2024-11-21 20:15:27,927 [Worker-27: Download sources and javadoc] INFO  o.e.m.c.i.e.AbstractTransferListenerAdapter - Downloaded https://repo.maven.apache.org/maven2/org/kie/kie-memory-compiler/8.44.0.Final/kie-memory-compiler-8.44.0.Final-sources.jar
2024-11-21 20:15:27,929 [Worker-27: Download sources and javadoc] INFO  o.e.m.j.internal.DownloadSourcesJob - Downloaded sources for org.kie:kie-memory-compiler:8.44.0.Final
2024-11-21 20:15:28,149 [Worker-27: Download sources and javadoc] INFO  o.e.m.c.i.e.AbstractTransferListenerAdapter - Downloading https://repo.maven.apache.org/maven2/org/drools/drools-ecj/8.44.0.Final/drools-ecj-8.44.0.Final-sources.jar
2024-11-21 20:15:28,150 [Worker-27: Download sources and javadoc] INFO  o.e.m.c.i.e.AbstractTransferListenerAdapter - Downloaded https://repo.maven.apache.org/maven2/org/drools/drools-ecj/8.44.0.Final/drools-ecj-8.44.0.Final-sources.jar
2024-11-21 20:15:28,152 [Worker-27: Download sources and javadoc] INFO  o.e.m.j.internal.DownloadSourcesJob - Downloaded sources for org.drools:drools-ecj:8.44.0.Final
2024-11-21 20:15:28,371 [Worker-27: Download sources and javadoc] INFO  o.e.m.c.i.e.AbstractTransferListenerAdapter - Downloading https://repo.maven.apache.org/maven2/org/eclipse/jdt/ecj/3.33.0/ecj-3.33.0-sources.jar
2024-11-21 20:15:28,470 [Worker-27: Download sources and javadoc] INFO  o.e.m.c.i.e.AbstractTransferListenerAdapter - Downloaded https://repo.maven.apache.org/maven2/org/eclipse/jdt/ecj/3.33.0/ecj-3.33.0-sources.jar
2024-11-21 20:15:28,478 [Worker-27: Download sources and javadoc] INFO  o.e.m.j.internal.DownloadSourcesJob - Downloaded sources for org.eclipse.jdt:ecj:3.33.0
2024-11-21 20:15:28,731 [Worker-27: Download sources and javadoc] INFO  o.e.m.c.i.e.AbstractTransferListenerAdapter - Downloading https://repo.maven.apache.org/maven2/org/kie/kie-util-maven-support/8.44.0.Final/kie-util-maven-support-8.44.0.Final-sources.jar
2024-11-21 20:15:28,732 [Worker-27: Download sources and javadoc] INFO  o.e.m.c.i.e.AbstractTransferListenerAdapter - Downloaded https://repo.maven.apache.org/maven2/org/kie/kie-util-maven-support/8.44.0.Final/kie-util-maven-support-8.44.0.Final-sources.jar
2024-11-21 20:15:28,734 [Worker-27: Download sources and javadoc] INFO  o.e.m.j.internal.DownloadSourcesJob - Downloaded sources for org.kie:kie-util-maven-support:8.44.0.Final
2024-11-21 20:15:28,759 [Worker-27: Download sources and javadoc] INFO  o.e.m.c.i.e.AbstractTransferListenerAdapter - Downloading https://repo.maven.apache.org/maven2/org/antlr/antlr-runtime/3.5.2/antlr-runtime-3.5.2-sources.jar
2024-11-21 20:15:28,781 [Worker-27: Download sources and javadoc] INFO  o.e.m.c.i.e.AbstractTransferListenerAdapter - Downloaded https://repo.maven.apache.org/maven2/org/antlr/antlr-runtime/3.5.2/antlr-runtime-3.5.2-sources.jar
2024-11-21 20:15:28,783 [Worker-27: Download sources and javadoc] INFO  o.e.m.j.internal.DownloadSourcesJob - Downloaded sources for org.antlr:antlr-runtime:3.5.2
2024-11-21 20:15:29,036 [Worker-27: Download sources and javadoc] INFO  o.e.m.c.i.e.AbstractTransferListenerAdapter - Downloading https://repo.maven.apache.org/maven2/org/drools/drools-model-compiler/8.44.0.Final/drools-model-compiler-8.44.0.Final-sources.jar
2024-11-21 20:15:29,046 [Worker-27: Download sources and javadoc] INFO  o.e.m.c.i.e.AbstractTransferListenerAdapter - Downloaded https://repo.maven.apache.org/maven2/org/drools/drools-model-compiler/8.44.0.Final/drools-model-compiler-8.44.0.Final-sources.jar
2024-11-21 20:15:29,057 [Worker-27: Download sources and javadoc] INFO  o.e.m.j.internal.DownloadSourcesJob - Downloaded sources for org.drools:drools-model-compiler:8.44.0.Final
2024-11-21 20:15:29,083 [Worker-27: Download sources and javadoc] INFO  o.e.m.c.i.e.AbstractTransferListenerAdapter - Downloading https://repo.maven.apache.org/maven2/org/drools/drools-canonical-model/8.44.0.Final/drools-canonical-model-8.44.0.Final-sources.jar
2024-11-21 20:15:29,109 [Worker-27: Download sources and javadoc] INFO  o.e.m.c.i.e.AbstractTransferListenerAdapter - Downloaded https://repo.maven.apache.org/maven2/org/drools/drools-canonical-model/8.44.0.Final/drools-canonical-model-8.44.0.Final-sources.jar
2024-11-21 20:15:29,127 [Worker-27: Download sources and javadoc] INFO  o.e.m.j.internal.DownloadSourcesJob - Downloaded sources for org.drools:drools-canonical-model:8.44.0.Final
2024-11-21 20:15:29,155 [Worker-27: Download sources and javadoc] INFO  o.e.m.c.i.e.AbstractTransferListenerAdapter - Downloading https://repo.maven.apache.org/maven2/org/drools/drools-model-codegen/8.44.0.Final/drools-model-codegen-8.44.0.Final-sources.jar
2024-11-21 20:15:29,179 [Worker-27: Download sources and javadoc] INFO  o.e.m.c.i.e.AbstractTransferListenerAdapter - Downloaded https://repo.maven.apache.org/maven2/org/drools/drools-model-codegen/8.44.0.Final/drools-model-codegen-8.44.0.Final-sources.jar
2024-11-21 20:15:29,180 [Worker-27: Download sources and javadoc] INFO  o.e.m.j.internal.DownloadSourcesJob - Downloaded sources for org.drools:drools-model-codegen:8.44.0.Final
2024-11-21 20:15:29,209 [Worker-27: Download sources and javadoc] INFO  o.e.m.c.i.e.AbstractTransferListenerAdapter - Downloading https://repo.maven.apache.org/maven2/org/drools/drools-util/8.44.0.Final/drools-util-8.44.0.Final-sources.jar
2024-11-21 20:15:29,221 [Worker-27: Download sources and javadoc] INFO  o.e.m.c.i.e.AbstractTransferListenerAdapter - Downloaded https://repo.maven.apache.org/maven2/org/drools/drools-util/8.44.0.Final/drools-util-8.44.0.Final-sources.jar
2024-11-21 20:15:29,222 [Worker-27: Download sources and javadoc] INFO  o.e.m.j.internal.DownloadSourcesJob - Downloaded sources for org.drools:drools-util:8.44.0.Final
2024-11-21 20:15:29,252 [Worker-27: Download sources and javadoc] INFO  o.e.m.c.i.e.AbstractTransferListenerAdapter - Downloading https://repo.maven.apache.org/maven2/org/drools/drools-codegen-common/8.44.0.Final/drools-codegen-common-8.44.0.Final-sources.jar
2024-11-21 20:15:29,255 [Worker-27: Download sources and javadoc] INFO  o.e.m.c.i.e.AbstractTransferListenerAdapter - Downloaded https://repo.maven.apache.org/maven2/org/drools/drools-codegen-common/8.44.0.Final/drools-codegen-common-8.44.0.Final-sources.jar
2024-11-21 20:15:29,256 [Worker-27: Download sources and javadoc] INFO  o.e.m.j.internal.DownloadSourcesJob - Downloaded sources for org.drools:drools-codegen-common:8.44.0.Final
2024-11-21 20:15:30,845 [Worker-27: Download sources and javadoc] INFO  o.e.m.c.i.e.AbstractTransferListenerAdapter - Downloading https://repo.maven.apache.org/maven2/com/github/javaparser/javaparser-core/3.24.2/javaparser-core-3.24.2-sources.jar
2024-11-21 20:15:30,891 [Worker-27: Download sources and javadoc] INFO  o.e.m.c.i.e.AbstractTransferListenerAdapter - Downloaded https://repo.maven.apache.org/maven2/com/github/javaparser/javaparser-core/3.24.2/javaparser-core-3.24.2-sources.jar
2024-11-21 20:15:31,025 [Worker-27: Download sources and javadoc] INFO  o.e.m.j.internal.DownloadSourcesJob - Downloaded sources for com.github.javaparser:javaparser-core:3.24.2
2024-11-21 20:15:31,315 [Worker-27: Download sources and javadoc] INFO  o.e.m.c.i.e.AbstractTransferListenerAdapter - Downloading https://repo.maven.apache.org/maven2/org/drools/drools-mvel-parser/8.44.0.Final/drools-mvel-parser-8.44.0.Final-sources.jar
2024-11-21 20:15:31,329 [Worker-27: Download sources and javadoc] INFO  o.e.m.c.i.e.AbstractTransferListenerAdapter - Downloaded https://repo.maven.apache.org/maven2/org/drools/drools-mvel-parser/8.44.0.Final/drools-mvel-parser-8.44.0.Final-sources.jar
2024-11-21 20:15:31,330 [Worker-27: Download sources and javadoc] INFO  o.e.m.j.internal.DownloadSourcesJob - Downloaded sources for org.drools:drools-mvel-parser:8.44.0.Final
2024-11-21 20:15:31,356 [Worker-27: Download sources and javadoc] INFO  o.e.m.c.i.e.AbstractTransferListenerAdapter - Downloading https://repo.maven.apache.org/maven2/org/drools/drools-mvel-compiler/8.44.0.Final/drools-mvel-compiler-8.44.0.Final-sources.jar
2024-11-21 20:15:31,367 [Worker-27: Download sources and javadoc] INFO  o.e.m.c.i.e.AbstractTransferListenerAdapter - Downloaded https://repo.maven.apache.org/maven2/org/drools/drools-mvel-compiler/8.44.0.Final/drools-mvel-compiler-8.44.0.Final-sources.jar
2024-11-21 20:15:31,369 [Worker-27: Download sources and javadoc] INFO  o.e.m.j.internal.DownloadSourcesJob - Downloaded sources for org.drools:drools-mvel-compiler:8.44.0.Final
2024-11-21 20:15:32,477 [Worker-27: Download sources and javadoc] INFO  o.e.m.c.i.e.AbstractTransferListenerAdapter - Downloading https://repo.maven.apache.org/maven2/org/drools/drools-commands/8.44.0.Final/drools-commands-8.44.0.Final-sources.jar
2024-11-21 20:15:32,727 [Worker-27: Download sources and javadoc] INFO  o.e.m.c.i.e.AbstractTransferListenerAdapter - Downloaded https://repo.maven.apache.org/maven2/org/drools/drools-commands/8.44.0.Final/drools-commands-8.44.0.Final-sources.jar
2024-11-21 20:15:32,918 [Worker-27: Download sources and javadoc] INFO  o.e.m.j.internal.DownloadSourcesJob - Downloaded sources for org.drools:drools-commands:8.44.0.Final
2024-11-21 20:15:33,183 [Worker-27: Download sources and javadoc] INFO  o.e.m.c.i.e.AbstractTransferListenerAdapter - Downloading https://repo.maven.apache.org/maven2/org/drools/drools-alphanetwork-compiler/8.44.0.Final/drools-alphanetwork-compiler-8.44.0.Final-sources.jar
2024-11-21 20:15:33,186 [Worker-27: Download sources and javadoc] INFO  o.e.m.c.i.e.AbstractTransferListenerAdapter - Downloaded https://repo.maven.apache.org/maven2/org/drools/drools-alphanetwork-compiler/8.44.0.Final/drools-alphanetwork-compiler-8.44.0.Final-sources.jar
2024-11-21 20:15:33,356 [Worker-27: Download sources and javadoc] INFO  o.e.m.j.internal.DownloadSourcesJob - Downloaded sources for org.drools:drools-alphanetwork-compiler:8.44.0.Final
2024-11-21 20:15:33,735 [Worker-27: Download sources and javadoc] INFO  o.e.m.c.i.e.AbstractTransferListenerAdapter - Downloading https://repo.maven.apache.org/maven2/org/optaplanner/optaplanner-constraint-drl/9.44.0.Final/optaplanner-constraint-drl-9.44.0.Final-sources.jar
2024-11-21 20:15:33,891 [Worker-27: Download sources and javadoc] INFO  o.e.m.c.i.e.AbstractTransferListenerAdapter - Downloaded https://repo.maven.apache.org/maven2/org/optaplanner/optaplanner-constraint-drl/9.44.0.Final/optaplanner-constraint-drl-9.44.0.Final-sources.jar
2024-11-21 20:15:34,039 [Worker-27: Download sources and javadoc] INFO  o.e.m.j.internal.DownloadSourcesJob - Downloaded sources for org.optaplanner:optaplanner-constraint-drl:9.44.0.Final
2024-11-21 20:15:34,682 [Worker-27: Download sources and javadoc] INFO  o.e.m.c.i.e.AbstractTransferListenerAdapter - Downloading https://repo.maven.apache.org/maven2/org/optaplanner/optaplanner-constraint-streams-bavet/9.44.0.Final/optaplanner-constraint-streams-bavet-9.44.0.Final-sources.jar
2024-11-21 20:15:34,704 [Worker-27: Download sources and javadoc] INFO  o.e.m.c.i.e.AbstractTransferListenerAdapter - Downloaded https://repo.maven.apache.org/maven2/org/optaplanner/optaplanner-constraint-streams-bavet/9.44.0.Final/optaplanner-constraint-streams-bavet-9.44.0.Final-sources.jar
2024-11-21 20:15:34,800 [Worker-27: Download sources and javadoc] INFO  o.e.m.j.internal.DownloadSourcesJob - Downloaded sources for org.optaplanner:optaplanner-constraint-streams-bavet:9.44.0.Final
2024-11-21 20:16:43,415 [Worker-31: Building] INFO  o.e.m.c.i.l.LifecycleMappingFactory - Using org.eclipse.m2e.jdt.JarLifecycleMapping lifecycle mapping for MavenProject: com.routing:busroute:0.0.1-SNAPSHOT @ /Users/anurakasthoori/projects/backend-application/spring-boot/SpringMicroservice/busroute/pom.xml.
2024-11-21 20:16:44,294 [Worker-31: Building] INFO  o.e.m.c.i.e.AbstractTransferListenerAdapter - Downloading https://repo.maven.apache.org/maven2/org/slf4j/slf4j-simple/2.0.16/slf4j-simple-2.0.16.pom
2024-11-21 20:16:44,295 [Worker-31: Building] INFO  o.e.m.c.i.e.AbstractTransferListenerAdapter - Downloaded https://repo.maven.apache.org/maven2/org/slf4j/slf4j-simple/2.0.16/slf4j-simple-2.0.16.pom
2024-11-21 20:16:44,322 [Worker-31: Building] INFO  o.e.m.c.i.e.AbstractTransferListenerAdapter - Downloading https://repo.maven.apache.org/maven2/org/slf4j/slf4j-simple/2.0.16/slf4j-simple-2.0.16.jar
2024-11-21 20:16:44,327 [Worker-31: Building] INFO  o.e.m.c.i.e.AbstractTransferListenerAdapter - Downloaded https://repo.maven.apache.org/maven2/org/slf4j/slf4j-simple/2.0.16/slf4j-simple-2.0.16.jar
2024-11-21 20:16:44,599 [Worker-31: Building] INFO  o.a.m.s.f.DefaultMavenResourcesFiltering - skip non existing resourceDirectory /Users/anurakasthoori/projects/backend-application/spring-boot/SpringMicroservice/busroute/src/main/resources
2024-11-21 20:16:44,601 [Worker-31: Building] INFO  o.a.m.s.f.DefaultMavenResourcesFiltering - skip non existing resourceDirectory /Users/anurakasthoori/projects/backend-application/spring-boot/SpringMicroservice/busroute/src/test/resources
2024-11-21 20:16:45,361 [Worker-28: Building] INFO  o.a.m.s.f.DefaultMavenResourcesFiltering - skip non existing resourceDirectory /Users/anurakasthoori/projects/backend-application/spring-boot/SpringMicroservice/busroute/src/main/resources
2024-11-21 20:16:45,363 [Worker-28: Building] INFO  o.a.m.s.f.DefaultMavenResourcesFiltering - skip non existing resourceDirectory /Users/anurakasthoori/projects/backend-application/spring-boot/SpringMicroservice/busroute/src/test/resources
2024-11-21 20:16:45,659 [Worker-33: Download sources and javadoc] INFO  o.e.m.c.i.e.AbstractTransferListenerAdapter - Downloaded https://repo.maven.apache.org/maven2/org/optaplanner/optaplanner-core/9.44.0.Final/optaplanner-core-9.44.0.Final-javadoc.jar
2024-11-21 20:16:45,661 [Worker-33: Download sources and javadoc] ERROR o.e.m.j.internal.DownloadSourcesJob - Could not download javadoc for org.optaplanner:optaplanner-core:9.44.0.Final
org.eclipse.core.runtime.CoreException: Could not resolve artifact org.optaplanner:optaplanner-core:jar:javadoc:9.44.0.Final
	at org.eclipse.m2e.core.internal.embedder.MavenImpl.lambda$7(MavenImpl.java:540)
	at org.eclipse.m2e.core.internal.embedder.MavenExecutionContext.executeBare(MavenExecutionContext.java:458)
	at org.eclipse.m2e.core.internal.embedder.MavenExecutionContext.execute(MavenExecutionContext.java:292)
	at org.eclipse.m2e.core.internal.embedder.MavenExecutionContext.execute(MavenExecutionContext.java:278)
	at org.eclipse.m2e.core.internal.embedder.MavenImpl.resolve(MavenImpl.java:509)
	at org.eclipse.m2e.core.internal.embedder.MavenImpl.resolve(MavenImpl.java:494)
	at org.eclipse.m2e.jdt.internal.DownloadSourcesJob.download(DownloadSourcesJob.java:308)
	at org.eclipse.m2e.jdt.internal.DownloadSourcesJob.downloadAttachments(DownloadSourcesJob.java:294)
	at org.eclipse.m2e.jdt.internal.DownloadSourcesJob.downloadMaven(DownloadSourcesJob.java:252)
	at org.eclipse.m2e.jdt.internal.DownloadSourcesJob.downloadFilesAndPopulateToUpdate(DownloadSourcesJob.java:220)
	at org.eclipse.m2e.jdt.internal.DownloadSourcesJob.lambda$0(DownloadSourcesJob.java:149)
	at org.eclipse.m2e.core.internal.embedder.MavenExecutionContext.executeBare(MavenExecutionContext.java:458)
	at org.eclipse.m2e.core.internal.embedder.MavenExecutionContext.execute(MavenExecutionContext.java:339)
	at org.eclipse.m2e.core.internal.embedder.MavenExecutionContext.execute(MavenExecutionContext.java:278)
	at org.eclipse.m2e.core.embedder.IMaven.execute(IMaven.java:300)
	at org.eclipse.m2e.jdt.internal.DownloadSourcesJob.run(DownloadSourcesJob.java:149)
	at org.eclipse.core.internal.jobs.Worker.run(Worker.java:63)
2024-11-21 20:16:45,921 [Worker-33: Download sources and javadoc] INFO  o.e.m.c.i.e.AbstractTransferListenerAdapter - Downloaded https://repo.maven.apache.org/maven2/org/drools/drools-engine/8.44.0.Final/drools-engine-8.44.0.Final-javadoc.jar
2024-11-21 20:16:45,922 [Worker-33: Download sources and javadoc] ERROR o.e.m.j.internal.DownloadSourcesJob - Could not download javadoc for org.drools:drools-engine:8.44.0.Final
org.eclipse.core.runtime.CoreException: Could not resolve artifact org.drools:drools-engine:jar:javadoc:8.44.0.Final
	at org.eclipse.m2e.core.internal.embedder.MavenImpl.lambda$7(MavenImpl.java:540)
	at org.eclipse.m2e.core.internal.embedder.MavenExecutionContext.executeBare(MavenExecutionContext.java:458)
	at org.eclipse.m2e.core.internal.embedder.MavenExecutionContext.execute(MavenExecutionContext.java:292)
	at org.eclipse.m2e.core.internal.embedder.MavenExecutionContext.execute(MavenExecutionContext.java:278)
	at org.eclipse.m2e.core.internal.embedder.MavenImpl.resolve(MavenImpl.java:509)
	at org.eclipse.m2e.core.internal.embedder.MavenImpl.resolve(MavenImpl.java:494)
	at org.eclipse.m2e.jdt.internal.DownloadSourcesJob.download(DownloadSourcesJob.java:308)
	at org.eclipse.m2e.jdt.internal.DownloadSourcesJob.downloadAttachments(DownloadSourcesJob.java:294)
	at org.eclipse.m2e.jdt.internal.DownloadSourcesJob.downloadMaven(DownloadSourcesJob.java:252)
	at org.eclipse.m2e.jdt.internal.DownloadSourcesJob.downloadFilesAndPopulateToUpdate(DownloadSourcesJob.java:220)
	at org.eclipse.m2e.jdt.internal.DownloadSourcesJob.lambda$0(DownloadSourcesJob.java:149)
	at org.eclipse.m2e.core.internal.embedder.MavenExecutionContext.executeBare(MavenExecutionContext.java:458)
	at org.eclipse.m2e.core.internal.embedder.MavenExecutionContext.execute(MavenExecutionContext.java:339)
	at org.eclipse.m2e.core.internal.embedder.MavenExecutionContext.execute(MavenExecutionContext.java:278)
	at org.eclipse.m2e.core.embedder.IMaven.execute(IMaven.java:300)
	at org.eclipse.m2e.jdt.internal.DownloadSourcesJob.run(DownloadSourcesJob.java:149)
	at org.eclipse.core.internal.jobs.Worker.run(Worker.java:63)
2024-11-21 20:16:46,172 [Worker-33: Download sources and javadoc] INFO  o.e.m.c.i.e.AbstractTransferListenerAdapter - Downloading https://repo.maven.apache.org/maven2/org/slf4j/slf4j-simple/2.0.16/slf4j-simple-2.0.16-sources.jar
2024-11-21 20:16:46,174 [Worker-33: Download sources and javadoc] INFO  o.e.m.c.i.e.AbstractTransferListenerAdapter - Downloaded https://repo.maven.apache.org/maven2/org/slf4j/slf4j-simple/2.0.16/slf4j-simple-2.0.16-sources.jar
2024-11-21 20:16:46,175 [Worker-33: Download sources and javadoc] INFO  o.e.m.j.internal.DownloadSourcesJob - Downloaded sources for org.slf4j:slf4j-simple:2.0.16
2024-11-21 20:16:52,487 [Worker-33: Launching Executing install in _Users_anurakasthoori_projects_backend-application_spring-boot_SpringMicroservice_busroute] INFO  o.eclipse.m2e.core.internal.Bundles - getClasspathEntries(Bundle=org.eclipse.m2e.maven.runtime_3.9.700.20240602-2313 [637])
2024-11-21 20:16:52,487 [Worker-33: Launching Executing install in _Users_anurakasthoori_projects_backend-application_spring-boot_SpringMicroservice_busroute] INFO  o.eclipse.m2e.core.internal.Bundles - 	Entry: /Users/anurakasthoori/.p2/pool/plugins/org.eclipse.m2e.maven.runtime_3.9.700.20240602-2313
2024-11-21 20:16:52,487 [Worker-33: Launching Executing install in _Users_anurakasthoori_projects_backend-application_spring-boot_SpringMicroservice_busroute] INFO  o.eclipse.m2e.core.internal.Bundles - 	Entry: /Users/anurakasthoori/.p2/pool/plugins/org.eclipse.m2e.maven.runtime_3.9.700.20240602-2313/jars/aopalliance-1.0.jar
2024-11-21 20:16:52,487 [Worker-33: Launching Executing install in _Users_anurakasthoori_projects_backend-application_spring-boot_SpringMicroservice_busroute] INFO  o.eclipse.m2e.core.internal.Bundles - 	Entry: /Users/anurakasthoori/.p2/pool/plugins/org.eclipse.m2e.maven.runtime_3.9.700.20240602-2313/jars/guice-5.1.0.jar
2024-11-21 20:16:52,487 [Worker-33: Launching Executing install in _Users_anurakasthoori_projects_backend-application_spring-boot_SpringMicroservice_busroute] INFO  o.eclipse.m2e.core.internal.Bundles - 	Entry: /Users/anurakasthoori/.p2/pool/plugins/org.eclipse.m2e.maven.runtime_3.9.700.20240602-2313/jars/httpclient-4.5.14.jar
2024-11-21 20:16:52,487 [Worker-33: Launching Executing install in _Users_anurakasthoori_projects_backend-application_spring-boot_SpringMicroservice_busroute] INFO  o.eclipse.m2e.core.internal.Bundles - 	Entry: /Users/anurakasthoori/.p2/pool/plugins/org.eclipse.m2e.maven.runtime_3.9.700.20240602-2313/jars/httpcore-4.4.16.jar
2024-11-21 20:16:52,487 [Worker-33: Launching Executing install in _Users_anurakasthoori_projects_backend-application_spring-boot_SpringMicroservice_busroute] INFO  o.eclipse.m2e.core.internal.Bundles - 	Entry: /Users/anurakasthoori/.p2/pool/plugins/org.eclipse.m2e.maven.runtime_3.9.700.20240602-2313/jars/jansi-2.4.1.jar
2024-11-21 20:16:52,487 [Worker-33: Launching Executing install in _Users_anurakasthoori_projects_backend-application_spring-boot_SpringMicroservice_busroute] INFO  o.eclipse.m2e.core.internal.Bundles - 	Entry: /Users/anurakasthoori/.p2/pool/plugins/org.eclipse.m2e.maven.runtime_3.9.700.20240602-2313/jars/jcl-over-slf4j-1.7.36.jar
2024-11-21 20:16:52,487 [Worker-33: Launching Executing install in _Users_anurakasthoori_projects_backend-application_spring-boot_SpringMicroservice_busroute] INFO  o.eclipse.m2e.core.internal.Bundles - 	Entry: /Users/anurakasthoori/.p2/pool/plugins/org.eclipse.m2e.maven.runtime_3.9.700.20240602-2313/jars/maven-artifact-3.9.7.jar
2024-11-21 20:16:52,487 [Worker-33: Launching Executing install in _Users_anurakasthoori_projects_backend-application_spring-boot_SpringMicroservice_busroute] INFO  o.eclipse.m2e.core.internal.Bundles - 	Entry: /Users/anurakasthoori/.p2/pool/plugins/org.eclipse.m2e.maven.runtime_3.9.700.20240602-2313/jars/maven-builder-support-3.9.7.jar
2024-11-21 20:16:52,487 [Worker-33: Launching Executing install in _Users_anurakasthoori_projects_backend-application_spring-boot_SpringMicroservice_busroute] INFO  o.eclipse.m2e.core.internal.Bundles - 	Entry: /Users/anurakasthoori/.p2/pool/plugins/org.eclipse.m2e.maven.runtime_3.9.700.20240602-2313/jars/maven-compat-3.9.7.jar
2024-11-21 20:16:52,487 [Worker-33: Launching Executing install in _Users_anurakasthoori_projects_backend-application_spring-boot_SpringMicroservice_busroute] INFO  o.eclipse.m2e.core.internal.Bundles - 	Entry: /Users/anurakasthoori/.p2/pool/plugins/org.eclipse.m2e.maven.runtime_3.9.700.20240602-2313/jars/maven-core-3.9.7.jar
2024-11-21 20:16:52,488 [Worker-33: Launching Executing install in _Users_anurakasthoori_projects_backend-application_spring-boot_SpringMicroservice_busroute] INFO  o.eclipse.m2e.core.internal.Bundles - 	Entry: /Users/anurakasthoori/.p2/pool/plugins/org.eclipse.m2e.maven.runtime_3.9.700.20240602-2313/jars/maven-embedder-3.9.7.jar
2024-11-21 20:16:52,488 [Worker-33: Launching Executing install in _Users_anurakasthoori_projects_backend-application_spring-boot_SpringMicroservice_busroute] INFO  o.eclipse.m2e.core.internal.Bundles - 	Entry: /Users/anurakasthoori/.p2/pool/plugins/org.eclipse.m2e.maven.runtime_3.9.700.20240602-2313/jars/maven-model-3.9.7.jar
2024-11-21 20:16:52,488 [Worker-33: Launching Executing install in _Users_anurakasthoori_projects_backend-application_spring-boot_SpringMicroservice_busroute] INFO  o.eclipse.m2e.core.internal.Bundles - 	Entry: /Users/anurakasthoori/.p2/pool/plugins/org.eclipse.m2e.maven.runtime_3.9.700.20240602-2313/jars/maven-model-builder-3.9.7.jar
2024-11-21 20:16:52,488 [Worker-33: Launching Executing install in _Users_anurakasthoori_projects_backend-application_spring-boot_SpringMicroservice_busroute] INFO  o.eclipse.m2e.core.internal.Bundles - 	Entry: /Users/anurakasthoori/.p2/pool/plugins/org.eclipse.m2e.maven.runtime_3.9.700.20240602-2313/jars/maven-plugin-api-3.9.7.jar
2024-11-21 20:16:52,488 [Worker-33: Launching Executing install in _Users_anurakasthoori_projects_backend-application_spring-boot_SpringMicroservice_busroute] INFO  o.eclipse.m2e.core.internal.Bundles - 	Entry: /Users/anurakasthoori/.p2/pool/plugins/org.eclipse.m2e.maven.runtime_3.9.700.20240602-2313/jars/maven-repository-metadata-3.9.7.jar
2024-11-21 20:16:52,488 [Worker-33: Launching Executing install in _Users_anurakasthoori_projects_backend-application_spring-boot_SpringMicroservice_busroute] INFO  o.eclipse.m2e.core.internal.Bundles - 	Entry: /Users/anurakasthoori/.p2/pool/plugins/org.eclipse.m2e.maven.runtime_3.9.700.20240602-2313/jars/maven-resolver-api-1.9.20.jar
2024-11-21 20:16:52,488 [Worker-33: Launching Executing install in _Users_anurakasthoori_projects_backend-application_spring-boot_SpringMicroservice_busroute] INFO  o.eclipse.m2e.core.internal.Bundles - 	Entry: /Users/anurakasthoori/.p2/pool/plugins/org.eclipse.m2e.maven.runtime_3.9.700.20240602-2313/jars/maven-resolver-connector-basic-1.9.20.jar
2024-11-21 20:16:52,488 [Worker-33: Launching Executing install in _Users_anurakasthoori_projects_backend-application_spring-boot_SpringMicroservice_busroute] INFO  o.eclipse.m2e.core.internal.Bundles - 	Entry: /Users/anurakasthoori/.p2/pool/plugins/org.eclipse.m2e.maven.runtime_3.9.700.20240602-2313/jars/maven-resolver-impl-1.9.20.jar
2024-11-21 20:16:52,488 [Worker-33: Launching Executing install in _Users_anurakasthoori_projects_backend-application_spring-boot_SpringMicroservice_busroute] INFO  o.eclipse.m2e.core.internal.Bundles - 	Entry: /Users/anurakasthoori/.p2/pool/plugins/org.eclipse.m2e.maven.runtime_3.9.700.20240602-2313/jars/maven-resolver-named-locks-1.9.20.jar
2024-11-21 20:16:52,488 [Worker-33: Launching Executing install in _Users_anurakasthoori_projects_backend-application_spring-boot_SpringMicroservice_busroute] INFO  o.eclipse.m2e.core.internal.Bundles - 	Entry: /Users/anurakasthoori/.p2/pool/plugins/org.eclipse.m2e.maven.runtime_3.9.700.20240602-2313/jars/maven-resolver-provider-3.9.7.jar
2024-11-21 20:16:52,488 [Worker-33: Launching Executing install in _Users_anurakasthoori_projects_backend-application_spring-boot_SpringMicroservice_busroute] INFO  o.eclipse.m2e.core.internal.Bundles - 	Entry: /Users/anurakasthoori/.p2/pool/plugins/org.eclipse.m2e.maven.runtime_3.9.700.20240602-2313/jars/maven-resolver-spi-1.9.20.jar
2024-11-21 20:16:52,488 [Worker-33: Launching Executing install in _Users_anurakasthoori_projects_backend-application_spring-boot_SpringMicroservice_busroute] INFO  o.eclipse.m2e.core.internal.Bundles - 	Entry: /Users/anurakasthoori/.p2/pool/plugins/org.eclipse.m2e.maven.runtime_3.9.700.20240602-2313/jars/maven-resolver-transport-file-1.9.20.jar
2024-11-21 20:16:52,488 [Worker-33: Launching Executing install in _Users_anurakasthoori_projects_backend-application_spring-boot_SpringMicroservice_busroute] INFO  o.eclipse.m2e.core.internal.Bundles - 	Entry: /Users/anurakasthoori/.p2/pool/plugins/org.eclipse.m2e.maven.runtime_3.9.700.20240602-2313/jars/maven-resolver-transport-http-1.9.20.jar
2024-11-21 20:16:52,488 [Worker-33: Launching Executing install in _Users_anurakasthoori_projects_backend-application_spring-boot_SpringMicroservice_busroute] INFO  o.eclipse.m2e.core.internal.Bundles - 	Entry: /Users/anurakasthoori/.p2/pool/plugins/org.eclipse.m2e.maven.runtime_3.9.700.20240602-2313/jars/maven-resolver-transport-wagon-1.9.20.jar
2024-11-21 20:16:52,488 [Worker-33: Launching Executing install in _Users_anurakasthoori_projects_backend-application_spring-boot_SpringMicroservice_busroute] INFO  o.eclipse.m2e.core.internal.Bundles - 	Entry: /Users/anurakasthoori/.p2/pool/plugins/org.eclipse.m2e.maven.runtime_3.9.700.20240602-2313/jars/maven-resolver-util-1.9.20.jar
2024-11-21 20:16:52,488 [Worker-33: Launching Executing install in _Users_anurakasthoori_projects_backend-application_spring-boot_SpringMicroservice_busroute] INFO  o.eclipse.m2e.core.internal.Bundles - 	Entry: /Users/anurakasthoori/.p2/pool/plugins/org.eclipse.m2e.maven.runtime_3.9.700.20240602-2313/jars/maven-settings-3.9.7.jar
2024-11-21 20:16:52,488 [Worker-33: Launching Executing install in _Users_anurakasthoori_projects_backend-application_spring-boot_SpringMicroservice_busroute] INFO  o.eclipse.m2e.core.internal.Bundles - 	Entry: /Users/anurakasthoori/.p2/pool/plugins/org.eclipse.m2e.maven.runtime_3.9.700.20240602-2313/jars/maven-settings-builder-3.9.7.jar
2024-11-21 20:16:52,488 [Worker-33: Launching Executing install in _Users_anurakasthoori_projects_backend-application_spring-boot_SpringMicroservice_busroute] INFO  o.eclipse.m2e.core.internal.Bundles - 	Entry: /Users/anurakasthoori/.p2/pool/plugins/org.eclipse.m2e.maven.runtime_3.9.700.20240602-2313/jars/maven-shared-utils-3.4.2.jar
2024-11-21 20:16:52,488 [Worker-33: Launching Executing install in _Users_anurakasthoori_projects_backend-application_spring-boot_SpringMicroservice_busroute] INFO  o.eclipse.m2e.core.internal.Bundles - 	Entry: /Users/anurakasthoori/.p2/pool/plugins/org.eclipse.m2e.maven.runtime_3.9.700.20240602-2313/jars/org.eclipse.sisu.inject-0.9.0.M2.jar
2024-11-21 20:16:52,488 [Worker-33: Launching Executing install in _Users_anurakasthoori_projects_backend-application_spring-boot_SpringMicroservice_busroute] INFO  o.eclipse.m2e.core.internal.Bundles - 	Entry: /Users/anurakasthoori/.p2/pool/plugins/org.eclipse.m2e.maven.runtime_3.9.700.20240602-2313/jars/org.eclipse.sisu.plexus-0.9.0.M2.jar
2024-11-21 20:16:52,488 [Worker-33: Launching Executing install in _Users_anurakasthoori_projects_backend-application_spring-boot_SpringMicroservice_busroute] INFO  o.eclipse.m2e.core.internal.Bundles - 	Entry: /Users/anurakasthoori/.p2/pool/plugins/org.eclipse.m2e.maven.runtime_3.9.700.20240602-2313/jars/plexus-build-api-0.0.7.jar
2024-11-21 20:16:52,488 [Worker-33: Launching Executing install in _Users_anurakasthoori_projects_backend-application_spring-boot_SpringMicroservice_busroute] INFO  o.eclipse.m2e.core.internal.Bundles - 	Entry: /Users/anurakasthoori/.p2/pool/plugins/org.eclipse.m2e.maven.runtime_3.9.700.20240602-2313/jars/plexus-build-api-1.2.0.jar
2024-11-21 20:16:52,488 [Worker-33: Launching Executing install in _Users_anurakasthoori_projects_backend-application_spring-boot_SpringMicroservice_busroute] INFO  o.eclipse.m2e.core.internal.Bundles - 	Entry: /Users/anurakasthoori/.p2/pool/plugins/org.eclipse.m2e.maven.runtime_3.9.700.20240602-2313/jars/plexus-cipher-2.0.jar
2024-11-21 20:16:52,488 [Worker-33: Launching Executing install in _Users_anurakasthoori_projects_backend-application_spring-boot_SpringMicroservice_busroute] INFO  o.eclipse.m2e.core.internal.Bundles - 	Entry: /Users/anurakasthoori/.p2/pool/plugins/org.eclipse.m2e.maven.runtime_3.9.700.20240602-2313/jars/plexus-classworlds-2.8.0.jar
2024-11-21 20:16:52,488 [Worker-33: Launching Executing install in _Users_anurakasthoori_projects_backend-application_spring-boot_SpringMicroservice_busroute] INFO  o.eclipse.m2e.core.internal.Bundles - 	Entry: /Users/anurakasthoori/.p2/pool/plugins/org.eclipse.m2e.maven.runtime_3.9.700.20240602-2313/jars/plexus-component-annotations-2.1.0.jar
2024-11-21 20:16:52,488 [Worker-33: Launching Executing install in _Users_anurakasthoori_projects_backend-application_spring-boot_SpringMicroservice_busroute] INFO  o.eclipse.m2e.core.internal.Bundles - 	Entry: /Users/anurakasthoori/.p2/pool/plugins/org.eclipse.m2e.maven.runtime_3.9.700.20240602-2313/jars/plexus-interpolation-1.27.jar
2024-11-21 20:16:52,489 [Worker-33: Launching Executing install in _Users_anurakasthoori_projects_backend-application_spring-boot_SpringMicroservice_busroute] INFO  o.eclipse.m2e.core.internal.Bundles - 	Entry: /Users/anurakasthoori/.p2/pool/plugins/org.eclipse.m2e.maven.runtime_3.9.700.20240602-2313/jars/plexus-sec-dispatcher-2.0.jar
2024-11-21 20:16:52,489 [Worker-33: Launching Executing install in _Users_anurakasthoori_projects_backend-application_spring-boot_SpringMicroservice_busroute] INFO  o.eclipse.m2e.core.internal.Bundles - 	Entry: /Users/anurakasthoori/.p2/pool/plugins/org.eclipse.m2e.maven.runtime_3.9.700.20240602-2313/jars/plexus-utils-3.5.1.jar
2024-11-21 20:16:52,489 [Worker-33: Launching Executing install in _Users_anurakasthoori_projects_backend-application_spring-boot_SpringMicroservice_busroute] INFO  o.eclipse.m2e.core.internal.Bundles - 	Entry: /Users/anurakasthoori/.p2/pool/plugins/org.eclipse.m2e.maven.runtime_3.9.700.20240602-2313/jars/wagon-file-3.5.3.jar
2024-11-21 20:16:52,489 [Worker-33: Launching Executing install in _Users_anurakasthoori_projects_backend-application_spring-boot_SpringMicroservice_busroute] INFO  o.eclipse.m2e.core.internal.Bundles - 	Entry: /Users/anurakasthoori/.p2/pool/plugins/org.eclipse.m2e.maven.runtime_3.9.700.20240602-2313/jars/wagon-http-3.5.3.jar
2024-11-21 20:16:52,489 [Worker-33: Launching Executing install in _Users_anurakasthoori_projects_backend-application_spring-boot_SpringMicroservice_busroute] INFO  o.eclipse.m2e.core.internal.Bundles - 	Entry: /Users/anurakasthoori/.p2/pool/plugins/org.eclipse.m2e.maven.runtime_3.9.700.20240602-2313/jars/wagon-http-shared-3.5.3.jar
2024-11-21 20:16:52,489 [Worker-33: Launching Executing install in _Users_anurakasthoori_projects_backend-application_spring-boot_SpringMicroservice_busroute] INFO  o.eclipse.m2e.core.internal.Bundles - 	Entry: /Users/anurakasthoori/.p2/pool/plugins/org.eclipse.m2e.maven.runtime_3.9.700.20240602-2313/jars/wagon-provider-api-3.5.3.jar
2024-11-21 20:16:52,489 [Worker-33: Launching Executing install in _Users_anurakasthoori_projects_backend-application_spring-boot_SpringMicroservice_busroute] INFO  o.eclipse.m2e.core.internal.Bundles - getClasspathEntries(Bundle=com.google.guava_33.3.0.jre [1069])
2024-11-21 20:16:52,489 [Worker-33: Launching Executing install in _Users_anurakasthoori_projects_backend-application_spring-boot_SpringMicroservice_busroute] INFO  o.eclipse.m2e.core.internal.Bundles - 	Entry: /Users/anurakasthoori/.p2/pool/plugins/com.google.guava_33.3.0.jre.jar
2024-11-21 20:16:52,489 [Worker-33: Launching Executing install in _Users_anurakasthoori_projects_backend-application_spring-boot_SpringMicroservice_busroute] INFO  o.eclipse.m2e.core.internal.Bundles - getClasspathEntries(Bundle=slf4j.api_2.0.16 [1002])
2024-11-21 20:16:52,489 [Worker-33: Launching Executing install in _Users_anurakasthoori_projects_backend-application_spring-boot_SpringMicroservice_busroute] INFO  o.eclipse.m2e.core.internal.Bundles - 	Entry: /Users/anurakasthoori/.p2/pool/plugins/slf4j.api_2.0.16.jar
2024-11-21 20:16:52,489 [Worker-33: Launching Executing install in _Users_anurakasthoori_projects_backend-application_spring-boot_SpringMicroservice_busroute] INFO  o.eclipse.m2e.core.internal.Bundles - getClasspathEntries(Bundle=jakarta.inject.jakarta.inject-api_1.0.5 [33])
2024-11-21 20:16:52,489 [Worker-33: Launching Executing install in _Users_anurakasthoori_projects_backend-application_spring-boot_SpringMicroservice_busroute] INFO  o.eclipse.m2e.core.internal.Bundles - 	Entry: /Users/anurakasthoori/.p2/pool/plugins/jakarta.inject.jakarta.inject-api_1.0.5.jar
2024-11-21 20:16:52,489 [Worker-33: Launching Executing install in _Users_anurakasthoori_projects_backend-application_spring-boot_SpringMicroservice_busroute] INFO  o.eclipse.m2e.core.internal.Bundles - getClasspathEntries(Bundle=javax.annotation_1.3.5.v20200909-1856 [44])
2024-11-21 20:16:52,489 [Worker-33: Launching Executing install in _Users_anurakasthoori_projects_backend-application_spring-boot_SpringMicroservice_busroute] INFO  o.eclipse.m2e.core.internal.Bundles - 	Entry: /Users/anurakasthoori/.p2/pool/plugins/javax.annotation_1.3.5.v20200909-1856.jar
2024-11-21 20:16:52,489 [Worker-33: Launching Executing install in _Users_anurakasthoori_projects_backend-application_spring-boot_SpringMicroservice_busroute] INFO  o.eclipse.m2e.core.internal.Bundles - getClasspathEntries(Bundle=org.apache.commons.cli_1.9.0 [1075])
2024-11-21 20:16:52,489 [Worker-33: Launching Executing install in _Users_anurakasthoori_projects_backend-application_spring-boot_SpringMicroservice_busroute] INFO  o.eclipse.m2e.core.internal.Bundles - 	Entry: /Users/anurakasthoori/.p2/pool/plugins/org.apache.commons.cli_1.9.0.jar
2024-11-21 20:16:52,489 [Worker-33: Launching Executing install in _Users_anurakasthoori_projects_backend-application_spring-boot_SpringMicroservice_busroute] INFO  o.eclipse.m2e.core.internal.Bundles - getClasspathEntries(Bundle=org.apache.commons.commons-codec_1.16.0 [81])
2024-11-21 20:16:52,489 [Worker-33: Launching Executing install in _Users_anurakasthoori_projects_backend-application_spring-boot_SpringMicroservice_busroute] INFO  o.eclipse.m2e.core.internal.Bundles - 	Entry: /Users/anurakasthoori/.p2/pool/plugins/org.apache.commons.commons-codec_1.16.0.jar
2024-11-21 20:16:52,489 [Worker-33: Launching Executing install in _Users_anurakasthoori_projects_backend-application_spring-boot_SpringMicroservice_busroute] INFO  o.eclipse.m2e.core.internal.Bundles - getClasspathEntries(Bundle=org.apache.commons.lang3_3.16.0 [1077])
2024-11-21 20:16:52,489 [Worker-33: Launching Executing install in _Users_anurakasthoori_projects_backend-application_spring-boot_SpringMicroservice_busroute] INFO  o.eclipse.m2e.core.internal.Bundles - 	Entry: /Users/anurakasthoori/.p2/pool/plugins/org.apache.commons.lang3_3.16.0.jar
2024-11-21 20:16:52,489 [Worker-33: Launching Executing install in _Users_anurakasthoori_projects_backend-application_spring-boot_SpringMicroservice_busroute] INFO  o.eclipse.m2e.core.internal.Bundles - getClasspathEntries(Bundle=com.google.guava.failureaccess_1.0.2 [17])
2024-11-21 20:16:52,489 [Worker-33: Launching Executing install in _Users_anurakasthoori_projects_backend-application_spring-boot_SpringMicroservice_busroute] INFO  o.eclipse.m2e.core.internal.Bundles - 	Entry: /Users/anurakasthoori/.p2/pool/plugins/com.google.guava.failureaccess_1.0.2.jar
2024-11-21 20:16:52,490 [Worker-33: Launching Executing install in _Users_anurakasthoori_projects_backend-application_spring-boot_SpringMicroservice_busroute] INFO  o.e.m.i.launch.MavenLaunchDelegate - Run build in "/Users/anurakasthoori/projects/backend-application/spring-boot/SpringMicroservice/busroute":
2024-11-21 20:16:52,490 [Worker-33: Launching Executing install in _Users_anurakasthoori_projects_backend-application_spring-boot_SpringMicroservice_busroute] INFO  o.e.m.i.launch.MavenLaunchDelegate -  mvn  -B -Dstyle.color=always install
2024-11-21 20:17:52,368 [Worker-27: Building] INFO  o.a.m.s.f.DefaultMavenResourcesFiltering - skip non existing resourceDirectory /Users/anurakasthoori/projects/backend-application/spring-boot/SpringMicroservice/busroute/src/main/resources
2024-11-21 20:17:52,391 [Worker-27: Building] INFO  o.a.m.s.f.DefaultMavenResourcesFiltering - skip non existing resourceDirectory /Users/anurakasthoori/projects/backend-application/spring-boot/SpringMicroservice/busroute/src/test/resources
2024-11-21 20:18:24,461 [Worker-23: Building] INFO  o.a.m.s.f.DefaultMavenResourcesFiltering - skip non existing resourceDirectory /Users/anurakasthoori/projects/backend-application/spring-boot/SpringMicroservice/busroute/src/main/resources
2024-11-21 20:18:24,463 [Worker-23: Building] INFO  o.a.m.s.f.DefaultMavenResourcesFiltering - skip non existing resourceDirectory /Users/anurakasthoori/projects/backend-application/spring-boot/SpringMicroservice/busroute/src/test/resources
2024-11-21 20:18:45,484 [Worker-33: Building] INFO  o.a.m.s.f.DefaultMavenResourcesFiltering - skip non existing resourceDirectory /Users/anurakasthoori/projects/backend-application/spring-boot/SpringMicroservice/busroute/src/main/resources
2024-11-21 20:18:45,486 [Worker-33: Building] INFO  o.a.m.s.f.DefaultMavenResourcesFiltering - skip non existing resourceDirectory /Users/anurakasthoori/projects/backend-application/spring-boot/SpringMicroservice/busroute/src/test/resources
2024-11-21 20:20:38,481 [Worker-28: Building] INFO  o.a.m.s.f.DefaultMavenResourcesFiltering - skip non existing resourceDirectory /Users/anurakasthoori/projects/backend-application/spring-boot/SpringMicroservice/busroute/src/main/resources
2024-11-21 20:20:38,506 [Worker-28: Building] INFO  o.a.m.s.f.DefaultMavenResourcesFiltering - skip non existing resourceDirectory /Users/anurakasthoori/projects/backend-application/spring-boot/SpringMicroservice/busroute/src/test/resources
2024-11-21 20:21:03,018 [Worker-29: Building] INFO  o.a.m.s.f.DefaultMavenResourcesFiltering - skip non existing resourceDirectory /Users/anurakasthoori/projects/backend-application/spring-boot/SpringMicroservice/busroute/src/main/resources
2024-11-21 20:21:03,035 [Worker-29: Building] INFO  o.a.m.s.f.DefaultMavenResourcesFiltering - skip non existing resourceDirectory /Users/anurakasthoori/projects/backend-application/spring-boot/SpringMicroservice/busroute/src/test/resources
2024-11-21 20:23:15,397 [Worker-35: Building] INFO  o.a.m.s.f.DefaultMavenResourcesFiltering - skip non existing resourceDirectory /Users/anurakasthoori/projects/backend-application/spring-boot/SpringMicroservice/busroute/src/main/resources
2024-11-21 20:23:15,424 [Worker-35: Building] INFO  o.a.m.s.f.DefaultMavenResourcesFiltering - skip non existing resourceDirectory /Users/anurakasthoori/projects/backend-application/spring-boot/SpringMicroservice/busroute/src/test/resources
2024-11-21 20:23:27,612 [Worker-32: Building] INFO  o.a.m.s.f.DefaultMavenResourcesFiltering - skip non existing resourceDirectory /Users/anurakasthoori/projects/backend-application/spring-boot/SpringMicroservice/busroute/src/main/resources
2024-11-21 20:23:27,613 [Worker-32: Building] INFO  o.a.m.s.f.DefaultMavenResourcesFiltering - skip non existing resourceDirectory /Users/anurakasthoori/projects/backend-application/spring-boot/SpringMicroservice/busroute/src/test/resources
2024-11-21 20:28:01,382 [Worker-34: Building] INFO  o.a.m.s.f.DefaultMavenResourcesFiltering - skip non existing resourceDirectory /Users/anurakasthoori/projects/backend-application/spring-boot/SpringMicroservice/busroute/src/main/resources
2024-11-21 20:28:01,399 [Worker-34: Building] INFO  o.a.m.s.f.DefaultMavenResourcesFiltering - skip non existing resourceDirectory /Users/anurakasthoori/projects/backend-application/spring-boot/SpringMicroservice/busroute/src/test/resources
2024-11-21 20:32:36,806 [Worker-34: Building] INFO  o.a.m.s.f.DefaultMavenResourcesFiltering - skip non existing resourceDirectory /Users/anurakasthoori/projects/backend-application/spring-boot/SpringMicroservice/busroute/src/main/resources
2024-11-21 20:32:36,836 [Worker-34: Building] INFO  o.a.m.s.f.DefaultMavenResourcesFiltering - skip non existing resourceDirectory /Users/anurakasthoori/projects/backend-application/spring-boot/SpringMicroservice/busroute/src/test/resources
2024-11-21 20:32:43,123 [Worker-28: Building] INFO  o.a.m.s.f.DefaultMavenResourcesFiltering - skip non existing resourceDirectory /Users/anurakasthoori/projects/backend-application/spring-boot/SpringMicroservice/busroute/src/main/resources
2024-11-21 20:32:43,125 [Worker-28: Building] INFO  o.a.m.s.f.DefaultMavenResourcesFiltering - skip non existing resourceDirectory /Users/anurakasthoori/projects/backend-application/spring-boot/SpringMicroservice/busroute/src/test/resources
